t,controller,source,fallback_mode,used_fallback,ref_i,ref_x,ref_y,tgt_i,tgt_x,tgt_y,x,y,yaw,v,steer_rad,accel_cmd,steer_pwm_us,throttle_pwm_us,lane_conf,failsafe,bad_frames,cmd_valid,cmd_reason,fit_mode,left_fit_ok,right_fit_ok,lane_seg_count,center_pt_count,lane_pair_valid,lane_width_min_px,lane_width_max_px,lane_width_mean_px,lane_width_std_px,lane_width_reason,Ld,cte,heading_err,cte_term,kappa,ctrl_tgt_i,ref_yaw_rad,e_cte_m,e_heading_rad,frame_idx,camera_ok,det_mode,roi_y0,frame_width,frame_height,perception_error,perception_ms,control_ms,loop_ms,mode,turn_mode,left_pt_count,right_pt_count,red_mask_raw_count,red_mask_clean_count,lane_binary_count,red_mask_raw_full_count,red_mask_clean_full_count,lane_binary_full_count,active_search_mask_count,red_h1_low,red_h1_high,red_h2_low,red_h2_high,red_s_low,red_v_low,turn_debug_source,turn_debug_left_dx,turn_debug_right_dx,turn_debug_center_dx,hough_count,left_seg_count,right_seg_count,left_raw_pt_count,right_raw_pt_count,left_reject_mask_count,right_reject_mask_count,extract_turn_mode,fallback_used,fallback_left_pts,fallback_right_pts,pair_reject_fallback_side,left_fit_quality,right_fit_quality,lane_pair_valid_rows,lane_pair_total_rows,lane_crossed_rows,strict_midpoint_rows,relaxed_midpoint_rows,left_fit_raw_ok,left_fit_stabilized,left_fit_reused_prev,left_fit_jump_px,right_fit_raw_ok,right_fit_stabilized,right_fit_reused_prev,right_fit_jump_px,hold_used,hold_reason,fit_mode_after_hold,frames_since_good_pair,single_side_cont_candidate,single_side_left_score,single_side_right_score,single_side_left_rows,single_side_right_rows,pair_reject_reason,pair_reject_raw_choice,pair_reject_switched_side,pair_reject_prev_side,pair_reject_prev_side_frames
1774306385.12949,pure_pursuit,REF_SEED,,,0,1.0,0.0,,,,,,,,,,,,,,,,ref_seed,,,,,,,,,,,,,,,,,,,,,,,,,,,,,,,,,,,,,,,,,,,,,,,,,,,,,,,,,,,,,,,,,,,,,,,,,,,,,,,,,,,,,,,,,,,,
1774306385.12949,pure_pursuit,REF_SEED,,,1,1.1003306701404902,0.0,,,,,,,,,,,,,,,,ref_seed,,,,,,,,,,,,,,,,,,,,,,,,,,,,,,,,,,,,,,,,,,,,,,,,,,,,,,,,,,,,,,,,,,,,,,,,,,,,,,,,,,,,,,,,,,,,
1774306385.12949,pure_pursuit,REF_SEED,,,2,1.2006613402809805,0.0,,,,,,,,,,,,,,,,ref_seed,,,,,,,,,,,,,,,,,,,,,,,,,,,,,,,,,,,,,,,,,,,,,,,,,,,,,,,,,,,,,,,,,,,,,,,,,,,,,,,,,,,,,,,,,,,,
1774306385.12949,pure_pursuit,REF_SEED,,,3,1.3009920104214707,0.0,,,,,,,,,,,,,,,,ref_seed,,,,,,,,,,,,,,,,,,,,,,,,,,,,,,,,,,,,,,,,,,,,,,,,,,,,,,,,,,,,,,,,,,,,,,,,,,,,,,,,,,,,,,,,,,,,
1774306385.12949,pure_pursuit,REF_SEED,,,4,1.401322680561961,0.0,,,,,,,,,,,,,,,,ref_seed,,,,,,,,,,,,,,,,,,,,,,,,,,,,,,,,,,,,,,,,,,,,,,,,,,,,,,,,,,,,,,,,,,,,,,,,,,,,,,,,,,,,,,,,,,,,
1774306385.12949,pure_pursuit,REF_SEED,,,5,1.5016533507024512,0.0,,,,,,,,,,,,,,,,ref_seed,,,,,,,,,,,,,,,,,,,,,,,,,,,,,,,,,,,,,,,,,,,,,,,,,,,,,,,,,,,,,,,,,,,,,,,,,,,,,,,,,,,,,,,,,,,,
1774306385.12949,pure_pursuit,REF_SEED,,,6,1.6019840208429412,0.0,,,,,,,,,,,,,,,,ref_seed,,,,,,,,,,,,,,,,,,,,,,,,,,,,,,,,,,,,,,,,,,,,,,,,,,,,,,,,,,,,,,,,,,,,,,,,,,,,,,,,,,,,,,,,,,,,
1774306385.12949,pure_pursuit,REF_SEED,,,7,1.7023146909834315,0.0,,,,,,,,,,,,,,,,ref_seed,,,,,,,,,,,,,,,,,,,,,,,,,,,,,,,,,,,,,,,,,,,,,,,,,,,,,,,,,,,,,,,,,,,,,,,,,,,,,,,,,,,,,,,,,,,,
1774306385.12949,pure_pursuit,REF_SEED,,,8,1.8026453611239217,0.0,,,,,,,,,,,,,,,,ref_seed,,,,,,,,,,,,,,,,,,,,,,,,,,,,,,,,,,,,,,,,,,,,,,,,,,,,,,,,,,,,,,,,,,,,,,,,,,,,,,,,,,,,,,,,,,,,
1774306385.12949,pure_pursuit,REF_SEED,,,9,1.902976031264412,0.0,,,,,,,,,,,,,,,,ref_seed,,,,,,,,,,,,,,,,,,,,,,,,,,,,,,,,,,,,,,,,,,,,,,,,,,,,,,,,,,,,,,,,,,,,,,,,,,,,,,,,,,,,,,,,,,,,
1774306385.12949,pure_pursuit,REF_SEED,,,10,2.0033067014049024,0.0,,,,,,,,,,,,,,,,ref_seed,,,,,,,,,,,,,,,,,,,,,,,,,,,,,,,,,,,,,,,,,,,,,,,,,,,,,,,,,,,,,,,,,,,,,,,,,,,,,,,,,,,,,,,,,,,,
1774306385.12949,pure_pursuit,REF_SEED,,,11,2.103637371545392,0.0,,,,,,,,,,,,,,,,ref_seed,,,,,,,,,,,,,,,,,,,,,,,,,,,,,,,,,,,,,,,,,,,,,,,,,,,,,,,,,,,,,,,,,,,,,,,,,,,,,,,,,,,,,,,,,,,,
1774306385.12949,pure_pursuit,REF_SEED,,,12,2.2039680416858825,0.0,,,,,,,,,,,,,,,,ref_seed,,,,,,,,,,,,,,,,,,,,,,,,,,,,,,,,,,,,,,,,,,,,,,,,,,,,,,,,,,,,,,,,,,,,,,,,,,,,,,,,,,,,,,,,,,,,
1774306385.12949,pure_pursuit,REF_SEED,,,13,2.304298711826373,0.0,,,,,,,,,,,,,,,,ref_seed,,,,,,,,,,,,,,,,,,,,,,,,,,,,,,,,,,,,,,,,,,,,,,,,,,,,,,,,,,,,,,,,,,,,,,,,,,,,,,,,,,,,,,,,,,,,
1774306385.12949,pure_pursuit,REF_SEED,,,14,2.404629381966863,0.0,,,,,,,,,,,,,,,,ref_seed,,,,,,,,,,,,,,,,,,,,,,,,,,,,,,,,,,,,,,,,,,,,,,,,,,,,,,,,,,,,,,,,,,,,,,,,,,,,,,,,,,,,,,,,,,,,
1774306385.12949,pure_pursuit,REF_SEED,,,15,2.504960052107353,0.0,,,,,,,,,,,,,,,,ref_seed,,,,,,,,,,,,,,,,,,,,,,,,,,,,,,,,,,,,,,,,,,,,,,,,,,,,,,,,,,,,,,,,,,,,,,,,,,,,,,,,,,,,,,,,,,,,
1774306385.12949,pure_pursuit,REF_SEED,,,16,2.6052907222478434,0.0,,,,,,,,,,,,,,,,ref_seed,,,,,,,,,,,,,,,,,,,,,,,,,,,,,,,,,,,,,,,,,,,,,,,,,,,,,,,,,,,,,,,,,,,,,,,,,,,,,,,,,,,,,,,,,,,,
1774306385.12949,pure_pursuit,REF_SEED,,,17,2.7056213923883337,0.0,,,,,,,,,,,,,,,,ref_seed,,,,,,,,,,,,,,,,,,,,,,,,,,,,,,,,,,,,,,,,,,,,,,,,,,,,,,,,,,,,,,,,,,,,,,,,,,,,,,,,,,,,,,,,,,,,
1774306385.12949,pure_pursuit,REF_SEED,,,18,2.805952062528824,0.0,,,,,,,,,,,,,,,,ref_seed,,,,,,,,,,,,,,,,,,,,,,,,,,,,,,,,,,,,,,,,,,,,,,,,,,,,,,,,,,,,,,,,,,,,,,,,,,,,,,,,,,,,,,,,,,,,
1774306385.12949,pure_pursuit,REF_SEED,,,19,2.9062827326693137,0.0,,,,,,,,,,,,,,,,ref_seed,,,,,,,,,,,,,,,,,,,,,,,,,,,,,,,,,,,,,,,,,,,,,,,,,,,,,,,,,,,,,,,,,,,,,,,,,,,,,,,,,,,,,,,,,,,,
1774306385.12949,pure_pursuit,REF_SEED,,,20,3.0066134028098044,0.0,,,,,,,,,,,,,,,,ref_seed,,,,,,,,,,,,,,,,,,,,,,,,,,,,,,,,,,,,,,,,,,,,,,,,,,,,,,,,,,,,,,,,,,,,,,,,,,,,,,,,,,,,,,,,,,,,
1774306385.12949,pure_pursuit,REF_SEED,,,21,3.1069440729502946,0.0,,,,,,,,,,,,,,,,ref_seed,,,,,,,,,,,,,,,,,,,,,,,,,,,,,,,,,,,,,,,,,,,,,,,,,,,,,,,,,,,,,,,,,,,,,,,,,,,,,,,,,,,,,,,,,,,,
1774306385.12949,pure_pursuit,REF_SEED,,,22,3.2072747430907844,0.0,,,,,,,,,,,,,,,,ref_seed,,,,,,,,,,,,,,,,,,,,,,,,,,,,,,,,,,,,,,,,,,,,,,,,,,,,,,,,,,,,,,,,,,,,,,,,,,,,,,,,,,,,,,,,,,,,
1774306385.12949,pure_pursuit,REF_SEED,,,23,3.3076054132312747,0.0,,,,,,,,,,,,,,,,ref_seed,,,,,,,,,,,,,,,,,,,,,,,,,,,,,,,,,,,,,,,,,,,,,,,,,,,,,,,,,,,,,,,,,,,,,,,,,,,,,,,,,,,,,,,,,,,,
1774306385.12949,pure_pursuit,REF_SEED,,,24,3.407936083371765,0.0,,,,,,,,,,,,,,,,ref_seed,,,,,,,,,,,,,,,,,,,,,,,,,,,,,,,,,,,,,,,,,,,,,,,,,,,,,,,,,,,,,,,,,,,,,,,,,,,,,,,,,,,,,,,,,,,,
1774306385.12949,pure_pursuit,REF_SEED,,,25,3.508266753512255,0.0,,,,,,,,,,,,,,,,ref_seed,,,,,,,,,,,,,,,,,,,,,,,,,,,,,,,,,,,,,,,,,,,,,,,,,,,,,,,,,,,,,,,,,,,,,,,,,,,,,,,,,,,,,,,,,,,,
1774306385.12949,pure_pursuit,REF_SEED,,,26,3.608597423652746,0.0,,,,,,,,,,,,,,,,ref_seed,,,,,,,,,,,,,,,,,,,,,,,,,,,,,,,,,,,,,,,,,,,,,,,,,,,,,,,,,,,,,,,,,,,,,,,,,,,,,,,,,,,,,,,,,,,,
1774306385.12949,pure_pursuit,REF_SEED,,,27,3.708928093793236,0.0,,,,,,,,,,,,,,,,ref_seed,,,,,,,,,,,,,,,,,,,,,,,,,,,,,,,,,,,,,,,,,,,,,,,,,,,,,,,,,,,,,,,,,,,,,,,,,,,,,,,,,,,,,,,,,,,,
1774306385.12949,pure_pursuit,REF_SEED,,,28,3.809258763933726,0.0,,,,,,,,,,,,,,,,ref_seed,,,,,,,,,,,,,,,,,,,,,,,,,,,,,,,,,,,,,,,,,,,,,,,,,,,,,,,,,,,,,,,,,,,,,,,,,,,,,,,,,,,,,,,,,,,,
1774306385.12949,pure_pursuit,REF_SEED,,,29,3.909589434074216,0.0,,,,,,,,,,,,,,,,ref_seed,,,,,,,,,,,,,,,,,,,,,,,,,,,,,,,,,,,,,,,,,,,,,,,,,,,,,,,,,,,,,,,,,,,,,,,,,,,,,,,,,,,,,,,,,,,,
1774306385.12949,pure_pursuit,REF_SEED,,,30,4.009920104214706,0.0,,,,,,,,,,,,,,,,ref_seed,,,,,,,,,,,,,,,,,,,,,,,,,,,,,,,,,,,,,,,,,,,,,,,,,,,,,,,,,,,,,,,,,,,,,,,,,,,,,,,,,,,,,,,,,,,,
1774306385.12949,pure_pursuit,REF_SEED,,,31,4.110250774355197,0.0,,,,,,,,,,,,,,,,ref_seed,,,,,,,,,,,,,,,,,,,,,,,,,,,,,,,,,,,,,,,,,,,,,,,,,,,,,,,,,,,,,,,,,,,,,,,,,,,,,,,,,,,,,,,,,,,,
1774306385.12949,pure_pursuit,REF_SEED,,,32,4.210581444495687,0.0,,,,,,,,,,,,,,,,ref_seed,,,,,,,,,,,,,,,,,,,,,,,,,,,,,,,,,,,,,,,,,,,,,,,,,,,,,,,,,,,,,,,,,,,,,,,,,,,,,,,,,,,,,,,,,,,,
1774306385.12949,pure_pursuit,REF_SEED,,,33,4.310912114636177,0.0,,,,,,,,,,,,,,,,ref_seed,,,,,,,,,,,,,,,,,,,,,,,,,,,,,,,,,,,,,,,,,,,,,,,,,,,,,,,,,,,,,,,,,,,,,,,,,,,,,,,,,,,,,,,,,,,,
1774306385.12949,pure_pursuit,REF_SEED,,,34,4.411242784776667,0.0,,,,,,,,,,,,,,,,ref_seed,,,,,,,,,,,,,,,,,,,,,,,,,,,,,,,,,,,,,,,,,,,,,,,,,,,,,,,,,,,,,,,,,,,,,,,,,,,,,,,,,,,,,,,,,,,,
1774306385.12949,pure_pursuit,REF_SEED,,,35,4.5115734549171576,0.0,,,,,,,,,,,,,,,,ref_seed,,,,,,,,,,,,,,,,,,,,,,,,,,,,,,,,,,,,,,,,,,,,,,,,,,,,,,,,,,,,,,,,,,,,,,,,,,,,,,,,,,,,,,,,,,,,
1774306385.12949,pure_pursuit,REF_SEED,,,36,4.611904125057648,0.0,,,,,,,,,,,,,,,,ref_seed,,,,,,,,,,,,,,,,,,,,,,,,,,,,,,,,,,,,,,,,,,,,,,,,,,,,,,,,,,,,,,,,,,,,,,,,,,,,,,,,,,,,,,,,,,,,
1774306385.12949,pure_pursuit,REF_SEED,,,37,4.712234795198137,0.0,,,,,,,,,,,,,,,,ref_seed,,,,,,,,,,,,,,,,,,,,,,,,,,,,,,,,,,,,,,,,,,,,,,,,,,,,,,,,,,,,,,,,,,,,,,,,,,,,,,,,,,,,,,,,,,,,
1774306385.12949,pure_pursuit,REF_SEED,,,38,4.812565465338627,0.0,,,,,,,,,,,,,,,,ref_seed,,,,,,,,,,,,,,,,,,,,,,,,,,,,,,,,,,,,,,,,,,,,,,,,,,,,,,,,,,,,,,,,,,,,,,,,,,,,,,,,,,,,,,,,,,,,
1774306385.12949,pure_pursuit,REF_SEED,,,39,4.9128961354791185,0.0,,,,,,,,,,,,,,,,ref_seed,,,,,,,,,,,,,,,,,,,,,,,,,,,,,,,,,,,,,,,,,,,,,,,,,,,,,,,,,,,,,,,,,,,,,,,,,,,,,,,,,,,,,,,,,,,,
1774306385.12949,pure_pursuit,REF_SEED,,,40,5.013226805619609,0.0,,,,,,,,,,,,,,,,ref_seed,,,,,,,,,,,,,,,,,,,,,,,,,,,,,,,,,,,,,,,,,,,,,,,,,,,,,,,,,,,,,,,,,,,,,,,,,,,,,,,,,,,,,,,,,,,,
1774306385.12949,pure_pursuit,REF_SEED,,,41,5.113557475760099,0.0,,,,,,,,,,,,,,,,ref_seed,,,,,,,,,,,,,,,,,,,,,,,,,,,,,,,,,,,,,,,,,,,,,,,,,,,,,,,,,,,,,,,,,,,,,,,,,,,,,,,,,,,,,,,,,,,,
1774306385.12949,pure_pursuit,REF_SEED,,,42,5.213888145900589,0.0,,,,,,,,,,,,,,,,ref_seed,,,,,,,,,,,,,,,,,,,,,,,,,,,,,,,,,,,,,,,,,,,,,,,,,,,,,,,,,,,,,,,,,,,,,,,,,,,,,,,,,,,,,,,,,,,,
1774306385.12949,pure_pursuit,REF_SEED,,,43,5.3142188160410795,0.0,,,,,,,,,,,,,,,,ref_seed,,,,,,,,,,,,,,,,,,,,,,,,,,,,,,,,,,,,,,,,,,,,,,,,,,,,,,,,,,,,,,,,,,,,,,,,,,,,,,,,,,,,,,,,,,,,
1774306385.12949,pure_pursuit,REF_SEED,,,44,5.414549486181569,0.0,,,,,,,,,,,,,,,,ref_seed,,,,,,,,,,,,,,,,,,,,,,,,,,,,,,,,,,,,,,,,,,,,,,,,,,,,,,,,,,,,,,,,,,,,,,,,,,,,,,,,,,,,,,,,,,,,
1774306385.12949,pure_pursuit,REF_SEED,,,45,5.51488015632206,0.0,,,,,,,,,,,,,,,,ref_seed,,,,,,,,,,,,,,,,,,,,,,,,,,,,,,,,,,,,,,,,,,,,,,,,,,,,,,,,,,,,,,,,,,,,,,,,,,,,,,,,,,,,,,,,,,,,
1774306385.12949,pure_pursuit,REF_SEED,,,46,5.615210826462549,0.0,,,,,,,,,,,,,,,,ref_seed,,,,,,,,,,,,,,,,,,,,,,,,,,,,,,,,,,,,,,,,,,,,,,,,,,,,,,,,,,,,,,,,,,,,,,,,,,,,,,,,,,,,,,,,,,,,
1774306385.12949,pure_pursuit,REF_SEED,,,47,5.7155414966030404,0.0,,,,,,,,,,,,,,,,ref_seed,,,,,,,,,,,,,,,,,,,,,,,,,,,,,,,,,,,,,,,,,,,,,,,,,,,,,,,,,,,,,,,,,,,,,,,,,,,,,,,,,,,,,,,,,,,,
1774306385.12949,pure_pursuit,REF_SEED,,,48,5.81587216674353,0.0,,,,,,,,,,,,,,,,ref_seed,,,,,,,,,,,,,,,,,,,,,,,,,,,,,,,,,,,,,,,,,,,,,,,,,,,,,,,,,,,,,,,,,,,,,,,,,,,,,,,,,,,,,,,,,,,,
1774306385.12949,pure_pursuit,REF_SEED,,,49,5.91620283688402,0.0,,,,,,,,,,,,,,,,ref_seed,,,,,,,,,,,,,,,,,,,,,,,,,,,,,,,,,,,,,,,,,,,,,,,,,,,,,,,,,,,,,,,,,,,,,,,,,,,,,,,,,,,,,,,,,,,,
1774306385.12949,pure_pursuit,REF_SEED,,,50,6.01653350702451,0.0,,,,,,,,,,,,,,,,ref_seed,,,,,,,,,,,,,,,,,,,,,,,,,,,,,,,,,,,,,,,,,,,,,,,,,,,,,,,,,,,,,,,,,,,,,,,,,,,,,,,,,,,,,,,,,,,,
1774306385.12949,pure_pursuit,REF_SEED,,,51,6.1168641771650005,0.0,,,,,,,,,,,,,,,,ref_seed,,,,,,,,,,,,,,,,,,,,,,,,,,,,,,,,,,,,,,,,,,,,,,,,,,,,,,,,,,,,,,,,,,,,,,,,,,,,,,,,,,,,,,,,,,,,
1774306385.12949,pure_pursuit,REF_SEED,,,52,6.217194847305492,0.0,,,,,,,,,,,,,,,,ref_seed,,,,,,,,,,,,,,,,,,,,,,,,,,,,,,,,,,,,,,,,,,,,,,,,,,,,,,,,,,,,,,,,,,,,,,,,,,,,,,,,,,,,,,,,,,,,
1774306385.12949,pure_pursuit,REF_SEED,,,53,6.317525517445981,0.0,,,,,,,,,,,,,,,,ref_seed,,,,,,,,,,,,,,,,,,,,,,,,,,,,,,,,,,,,,,,,,,,,,,,,,,,,,,,,,,,,,,,,,,,,,,,,,,,,,,,,,,,,,,,,,,,,
1774306385.12949,pure_pursuit,REF_SEED,,,54,6.417856187586472,0.0,,,,,,,,,,,,,,,,ref_seed,,,,,,,,,,,,,,,,,,,,,,,,,,,,,,,,,,,,,,,,,,,,,,,,,,,,,,,,,,,,,,,,,,,,,,,,,,,,,,,,,,,,,,,,,,,,
1774306385.12949,pure_pursuit,REF_SEED,,,55,6.5181868577269615,0.0,,,,,,,,,,,,,,,,ref_seed,,,,,,,,,,,,,,,,,,,,,,,,,,,,,,,,,,,,,,,,,,,,,,,,,,,,,,,,,,,,,,,,,,,,,,,,,,,,,,,,,,,,,,,,,,,,
1774306385.12949,pure_pursuit,REF_SEED,,,56,6.618517527867452,0.0,,,,,,,,,,,,,,,,ref_seed,,,,,,,,,,,,,,,,,,,,,,,,,,,,,,,,,,,,,,,,,,,,,,,,,,,,,,,,,,,,,,,,,,,,,,,,,,,,,,,,,,,,,,,,,,,,
1774306385.12949,pure_pursuit,REF_SEED,,,57,6.718848198007942,0.0,,,,,,,,,,,,,,,,ref_seed,,,,,,,,,,,,,,,,,,,,,,,,,,,,,,,,,,,,,,,,,,,,,,,,,,,,,,,,,,,,,,,,,,,,,,,,,,,,,,,,,,,,,,,,,,,,
1774306385.12949,pure_pursuit,REF_SEED,,,58,6.819178868148432,0.0,,,,,,,,,,,,,,,,ref_seed,,,,,,,,,,,,,,,,,,,,,,,,,,,,,,,,,,,,,,,,,,,,,,,,,,,,,,,,,,,,,,,,,,,,,,,,,,,,,,,,,,,,,,,,,,,,
1774306385.12949,pure_pursuit,REF_SEED,,,59,6.9195095382889225,0.0,,,,,,,,,,,,,,,,ref_seed,,,,,,,,,,,,,,,,,,,,,,,,,,,,,,,,,,,,,,,,,,,,,,,,,,,,,,,,,,,,,,,,,,,,,,,,,,,,,,,,,,,,,,,,,,,,
1774306385.12949,pure_pursuit,REF_SEED,,,60,7.0198154133351665,0.000991597135459167,,,,,,,,,,,,,,,,ref_seed,,,,,,,,,,,,,,,,,,,,,,,,,,,,,,,,,,,,,,,,,,,,,,,,,,,,,,,,,,,,,,,,,,,,,,,,,,,,,,,,,,,,,,,,,,,,
1774306385.12949,pure_pursuit,REF_SEED,,,61,7.119818991638679,0.008016358956388095,,,,,,,,,,,,,,,,ref_seed,,,,,,,,,,,,,,,,,,,,,,,,,,,,,,,,,,,,,,,,,,,,,,,,,,,,,,,,,,,,,,,,,,,,,,,,,,,,,,,,,,,,,,,,,,,,
1774306385.12949,pure_pursuit,REF_SEED,,,62,7.218614268614439,0.025026200900192443,,,,,,,,,,,,,,,,ref_seed,,,,,,,,,,,,,,,,,,,,,,,,,,,,,,,,,,,,,,,,,,,,,,,,,,,,,,,,,,,,,,,,,,,,,,,,,,,,,,,,,,,,,,,,,,,,
1774306385.12949,pure_pursuit,REF_SEED,,,63,7.315206831510205,0.05184968991126658,,,,,,,,,,,,,,,,ref_seed,,,,,,,,,,,,,,,,,,,,,,,,,,,,,,,,,,,,,,,,,,,,,,,,,,,,,,,,,,,,,,,,,,,,,,,,,,,,,,,,,,,,,,,,,,,,
1774306385.12949,pure_pursuit,REF_SEED,,,64,7.408624460137205,0.08821661850502695,,,,,,,,,,,,,,,,ref_seed,,,,,,,,,,,,,,,,,,,,,,,,,,,,,,,,,,,,,,,,,,,,,,,,,,,,,,,,,,,,,,,,,,,,,,,,,,,,,,,,,,,,,,,,,,,,
1774306385.12949,pure_pursuit,REF_SEED,,,65,7.497926911906043,0.13376072653397542,,,,,,,,,,,,,,,,ref_seed,,,,,,,,,,,,,,,,,,,,,,,,,,,,,,,,,,,,,,,,,,,,,,,,,,,,,,,,,,,,,,,,,,,,,,,,,,,,,,,,,,,,,,,,,,,,
1774306385.12949,pure_pursuit,REF_SEED,,,66,7.582215384808076,0.18802338965210133,,,,,,,,,,,,,,,,ref_seed,,,,,,,,,,,,,,,,,,,,,,,,,,,,,,,,,,,,,,,,,,,,,,,,,,,,,,,,,,,,,,,,,,,,,,,,,,,,,,,,,,,,,,,,,,,,
1774306385.12949,pure_pursuit,REF_SEED,,,67,7.66064156310794,0.25045823733479655,,,,,,,,,,,,,,,,ref_seed,,,,,,,,,,,,,,,,,,,,,,,,,,,,,,,,,,,,,,,,,,,,,,,,,,,,,,,,,,,,,,,,,,,,,,,,,,,,,,,,,,,,,,,,,,,,
1774306385.12949,pure_pursuit,REF_SEED,,,68,7.732416154714649,0.32043665395690024,,,,,,,,,,,,,,,,ref_seed,,,,,,,,,,,,,,,,,,,,,,,,,,,,,,,,,,,,,,,,,,,,,,,,,,,,,,,,,,,,,,,,,,,,,,,,,,,,,,,,,,,,,,,,,,,,
1774306385.12949,pure_pursuit,REF_SEED,,,69,7.796816834316313,0.3972541075449968,,,,,,,,,,,,,,,,ref_seed,,,,,,,,,,,,,,,,,,,,,,,,,,,,,,,,,,,,,,,,,,,,,,,,,,,,,,,,,,,,,,,,,,,,,,,,,,,,,,,,,,,,,,,,,,,,
1774306385.12949,pure_pursuit,REF_SEED,,,70,7.853195512345951,0.48013724249126893,,,,,,,,,,,,,,,,ref_seed,,,,,,,,,,,,,,,,,,,,,,,,,,,,,,,,,,,,,,,,,,,,,,,,,,,,,,,,,,,,,,,,,,,,,,,,,,,,,,,,,,,,,,,,,,,,
1774306385.12949,pure_pursuit,REF_SEED,,,71,7.900984856632369,0.5682516648286382,,,,,,,,,,,,,,,,ref_seed,,,,,,,,,,,,,,,,,,,,,,,,,,,,,,,,,,,,,,,,,,,,,,,,,,,,,,,,,,,,,,,,,,,,,,,,,,,,,,,,,,,,,,,,,,,,
1774306385.12949,pure_pursuit,REF_SEED,,,72,7.939704001112802,0.6607103416981817,,,,,,,,,,,,,,,,ref_seed,,,,,,,,,,,,,,,,,,,,,,,,,,,,,,,,,,,,,,,,,,,,,,,,,,,,,,,,,,,,,,,,,,,,,,,,,,,,,,,,,,,,,,,,,,,,
1774306385.12949,pure_pursuit,REF_SEED,,,73,7.968963384166895,0.75658253045985,,,,,,,,,,,,,,,,ref_seed,,,,,,,,,,,,,,,,,,,,,,,,,,,,,,,,,,,,,,,,,,,,,,,,,,,,,,,,,,,,,,,,,,,,,,,,,,,,,,,,,,,,,,,,,,,,
1774306385.12949,pure_pursuit,REF_SEED,,,74,7.987586597916321,0.8549944101270014,,,,,,,,,,,,,,,,ref_seed,,,,,,,,,,,,,,,,,,,,,,,,,,,,,,,,,,,,,,,,,,,,,,,,,,,,,,,,,,,,,,,,,,,,,,,,,,,,,,,,,,,,,,,,,,,,
1774306385.12949,pure_pursuit,REF_SEED,,,75,7.996144242424234,0.9549594544740941,,,,,,,,,,,,,,,,ref_seed,,,,,,,,,,,,,,,,,,,,,,,,,,,,,,,,,,,,,,,,,,,,,,,,,,,,,,,,,,,,,,,,,,,,,,,,,,,,,,,,,,,,,,,,,,,,
1774306385.12949,pure_pursuit,REF_SEED,,,76,8.0,1.055125387177607,,,,,,,,,,,,,,,,ref_seed,,,,,,,,,,,,,,,,,,,,,,,,,,,,,,,,,,,,,,,,,,,,,,,,,,,,,,,,,,,,,,,,,,,,,,,,,,,,,,,,,,,,,,,,,,,,
1774306385.12949,pure_pursuit,REF_SEED,,,77,8.0,1.1554560573180985,,,,,,,,,,,,,,,,ref_seed,,,,,,,,,,,,,,,,,,,,,,,,,,,,,,,,,,,,,,,,,,,,,,,,,,,,,,,,,,,,,,,,,,,,,,,,,,,,,,,,,,,,,,,,,,,,
1774306385.12949,pure_pursuit,REF_SEED,,,78,8.0,1.255786727458588,,,,,,,,,,,,,,,,ref_seed,,,,,,,,,,,,,,,,,,,,,,,,,,,,,,,,,,,,,,,,,,,,,,,,,,,,,,,,,,,,,,,,,,,,,,,,,,,,,,,,,,,,,,,,,,,,
1774306385.12949,pure_pursuit,REF_SEED,,,79,8.0,1.3561173975990797,,,,,,,,,,,,,,,,ref_seed,,,,,,,,,,,,,,,,,,,,,,,,,,,,,,,,,,,,,,,,,,,,,,,,,,,,,,,,,,,,,,,,,,,,,,,,,,,,,,,,,,,,,,,,,,,,
1774306385.12949,pure_pursuit,REF_SEED,,,80,8.0,1.4564480677395701,,,,,,,,,,,,,,,,ref_seed,,,,,,,,,,,,,,,,,,,,,,,,,,,,,,,,,,,,,,,,,,,,,,,,,,,,,,,,,,,,,,,,,,,,,,,,,,,,,,,,,,,,,,,,,,,,
1774306385.12949,pure_pursuit,REF_SEED,,,81,8.0,1.556778737880059,,,,,,,,,,,,,,,,ref_seed,,,,,,,,,,,,,,,,,,,,,,,,,,,,,,,,,,,,,,,,,,,,,,,,,,,,,,,,,,,,,,,,,,,,,,,,,,,,,,,,,,,,,,,,,,,,
1774306385.12949,pure_pursuit,REF_SEED,,,82,8.0,1.6571094080205515,,,,,,,,,,,,,,,,ref_seed,,,,,,,,,,,,,,,,,,,,,,,,,,,,,,,,,,,,,,,,,,,,,,,,,,,,,,,,,,,,,,,,,,,,,,,,,,,,,,,,,,,,,,,,,,,,
1774306385.12949,pure_pursuit,REF_SEED,,,83,8.0,1.7574400781610404,,,,,,,,,,,,,,,,ref_seed,,,,,,,,,,,,,,,,,,,,,,,,,,,,,,,,,,,,,,,,,,,,,,,,,,,,,,,,,,,,,,,,,,,,,,,,,,,,,,,,,,,,,,,,,,,,
1774306385.12949,pure_pursuit,REF_SEED,,,84,8.0,1.8577707483015327,,,,,,,,,,,,,,,,ref_seed,,,,,,,,,,,,,,,,,,,,,,,,,,,,,,,,,,,,,,,,,,,,,,,,,,,,,,,,,,,,,,,,,,,,,,,,,,,,,,,,,,,,,,,,,,,,
1774306385.12949,pure_pursuit,REF_SEED,,,85,8.0,1.9581014184420231,,,,,,,,,,,,,,,,ref_seed,,,,,,,,,,,,,,,,,,,,,,,,,,,,,,,,,,,,,,,,,,,,,,,,,,,,,,,,,,,,,,,,,,,,,,,,,,,,,,,,,,,,,,,,,,,,
1774306385.12949,pure_pursuit,REF_SEED,,,86,8.0,2.058432088582514,,,,,,,,,,,,,,,,ref_seed,,,,,,,,,,,,,,,,,,,,,,,,,,,,,,,,,,,,,,,,,,,,,,,,,,,,,,,,,,,,,,,,,,,,,,,,,,,,,,,,,,,,,,,,,,,,
1774306385.12949,pure_pursuit,REF_SEED,,,87,8.0,2.1587627587230047,,,,,,,,,,,,,,,,ref_seed,,,,,,,,,,,,,,,,,,,,,,,,,,,,,,,,,,,,,,,,,,,,,,,,,,,,,,,,,,,,,,,,,,,,,,,,,,,,,,,,,,,,,,,,,,,,
1774306385.12949,pure_pursuit,REF_SEED,,,88,8.0,2.259093428863493,,,,,,,,,,,,,,,,ref_seed,,,,,,,,,,,,,,,,,,,,,,,,,,,,,,,,,,,,,,,,,,,,,,,,,,,,,,,,,,,,,,,,,,,,,,,,,,,,,,,,,,,,,,,,,,,,
1774306385.12949,pure_pursuit,REF_SEED,,,89,8.0,2.359424099003983,,,,,,,,,,,,,,,,ref_seed,,,,,,,,,,,,,,,,,,,,,,,,,,,,,,,,,,,,,,,,,,,,,,,,,,,,,,,,,,,,,,,,,,,,,,,,,,,,,,,,,,,,,,,,,,,,
1774306385.12949,pure_pursuit,REF_SEED,,,90,8.0,2.4597547691444746,,,,,,,,,,,,,,,,ref_seed,,,,,,,,,,,,,,,,,,,,,,,,,,,,,,,,,,,,,,,,,,,,,,,,,,,,,,,,,,,,,,,,,,,,,,,,,,,,,,,,,,,,,,,,,,,,
1774306385.12949,pure_pursuit,REF_SEED,,,91,8.0,2.5600854392849652,,,,,,,,,,,,,,,,ref_seed,,,,,,,,,,,,,,,,,,,,,,,,,,,,,,,,,,,,,,,,,,,,,,,,,,,,,,,,,,,,,,,,,,,,,,,,,,,,,,,,,,,,,,,,,,,,
1774306385.12949,pure_pursuit,REF_SEED,,,92,8.0,2.660416109425454,,,,,,,,,,,,,,,,ref_seed,,,,,,,,,,,,,,,,,,,,,,,,,,,,,,,,,,,,,,,,,,,,,,,,,,,,,,,,,,,,,,,,,,,,,,,,,,,,,,,,,,,,,,,,,,,,
1774306385.12949,pure_pursuit,REF_SEED,,,93,8.0,2.7607467795659444,,,,,,,,,,,,,,,,ref_seed,,,,,,,,,,,,,,,,,,,,,,,,,,,,,,,,,,,,,,,,,,,,,,,,,,,,,,,,,,,,,,,,,,,,,,,,,,,,,,,,,,,,,,,,,,,,
1774306385.12949,pure_pursuit,REF_SEED,,,94,8.0,2.861077449706436,,,,,,,,,,,,,,,,ref_seed,,,,,,,,,,,,,,,,,,,,,,,,,,,,,,,,,,,,,,,,,,,,,,,,,,,,,,,,,,,,,,,,,,,,,,,,,,,,,,,,,,,,,,,,,,,,
1774306385.12949,pure_pursuit,REF_SEED,,,95,8.0,2.9614081198469258,,,,,,,,,,,,,,,,ref_seed,,,,,,,,,,,,,,,,,,,,,,,,,,,,,,,,,,,,,,,,,,,,,,,,,,,,,,,,,,,,,,,,,,,,,,,,,,,,,,,,,,,,,,,,,,,,
1774306385.12949,pure_pursuit,REF_SEED,,,96,8.0,3.0617387899874147,,,,,,,,,,,,,,,,ref_seed,,,,,,,,,,,,,,,,,,,,,,,,,,,,,,,,,,,,,,,,,,,,,,,,,,,,,,,,,,,,,,,,,,,,,,,,,,,,,,,,,,,,,,,,,,,,
1774306385.12949,pure_pursuit,REF_SEED,,,97,8.0,3.1620694601279054,,,,,,,,,,,,,,,,ref_seed,,,,,,,,,,,,,,,,,,,,,,,,,,,,,,,,,,,,,,,,,,,,,,,,,,,,,,,,,,,,,,,,,,,,,,,,,,,,,,,,,,,,,,,,,,,,
1774306385.12949,pure_pursuit,REF_SEED,,,98,8.0,3.262400130268396,,,,,,,,,,,,,,,,ref_seed,,,,,,,,,,,,,,,,,,,,,,,,,,,,,,,,,,,,,,,,,,,,,,,,,,,,,,,,,,,,,,,,,,,,,,,,,,,,,,,,,,,,,,,,,,,,
1774306385.12949,pure_pursuit,REF_SEED,,,99,8.0,3.3627308004088885,,,,,,,,,,,,,,,,ref_seed,,,,,,,,,,,,,,,,,,,,,,,,,,,,,,,,,,,,,,,,,,,,,,,,,,,,,,,,,,,,,,,,,,,,,,,,,,,,,,,,,,,,,,,,,,,,
1774306385.12949,pure_pursuit,REF_SEED,,,100,8.0,3.463061470549377,,,,,,,,,,,,,,,,ref_seed,,,,,,,,,,,,,,,,,,,,,,,,,,,,,,,,,,,,,,,,,,,,,,,,,,,,,,,,,,,,,,,,,,,,,,,,,,,,,,,,,,,,,,,,,,,,
1774306385.12949,pure_pursuit,REF_SEED,,,101,8.0,3.5633921406898676,,,,,,,,,,,,,,,,ref_seed,,,,,,,,,,,,,,,,,,,,,,,,,,,,,,,,,,,,,,,,,,,,,,,,,,,,,,,,,,,,,,,,,,,,,,,,,,,,,,,,,,,,,,,,,,,,
1774306385.12949,pure_pursuit,REF_SEED,,,102,8.0,3.6637228108303583,,,,,,,,,,,,,,,,ref_seed,,,,,,,,,,,,,,,,,,,,,,,,,,,,,,,,,,,,,,,,,,,,,,,,,,,,,,,,,,,,,,,,,,,,,,,,,,,,,,,,,,,,,,,,,,,,
1774306385.12949,pure_pursuit,REF_SEED,,,103,8.0,3.764053480970851,,,,,,,,,,,,,,,,ref_seed,,,,,,,,,,,,,,,,,,,,,,,,,,,,,,,,,,,,,,,,,,,,,,,,,,,,,,,,,,,,,,,,,,,,,,,,,,,,,,,,,,,,,,,,,,,,
1774306385.12949,pure_pursuit,REF_SEED,,,104,8.0,3.8643841511113415,,,,,,,,,,,,,,,,ref_seed,,,,,,,,,,,,,,,,,,,,,,,,,,,,,,,,,,,,,,,,,,,,,,,,,,,,,,,,,,,,,,,,,,,,,,,,,,,,,,,,,,,,,,,,,,,,
1774306385.12949,pure_pursuit,REF_SEED,,,105,8.0,3.96471482125183,,,,,,,,,,,,,,,,ref_seed,,,,,,,,,,,,,,,,,,,,,,,,,,,,,,,,,,,,,,,,,,,,,,,,,,,,,,,,,,,,,,,,,,,,,,,,,,,,,,,,,,,,,,,,,,,,
1774306385.12949,pure_pursuit,REF_SEED,,,106,7.996749080375409,4.064964201465598,,,,,,,,,,,,,,,,ref_seed,,,,,,,,,,,,,,,,,,,,,,,,,,,,,,,,,,,,,,,,,,,,,,,,,,,,,,,,,,,,,,,,,,,,,,,,,,,,,,,,,,,,,,,,,,,,
1774306385.12949,pure_pursuit,REF_SEED,,,107,7.985228247979694,4.1645166680023165,,,,,,,,,,,,,,,,ref_seed,,,,,,,,,,,,,,,,,,,,,,,,,,,,,,,,,,,,,,,,,,,,,,,,,,,,,,,,,,,,,,,,,,,,,,,,,,,,,,,,,,,,,,,,,,,,
1774306385.12949,pure_pursuit,REF_SEED,,,108,7.9637898331155625,4.262414228804147,,,,,,,,,,,,,,,,ref_seed,,,,,,,,,,,,,,,,,,,,,,,,,,,,,,,,,,,,,,,,,,,,,,,,,,,,,,,,,,,,,,,,,,,,,,,,,,,,,,,,,,,,,,,,,,,,
1774306385.12949,pure_pursuit,REF_SEED,,,109,7.932649517675349,4.357671440802105,,,,,,,,,,,,,,,,ref_seed,,,,,,,,,,,,,,,,,,,,,,,,,,,,,,,,,,,,,,,,,,,,,,,,,,,,,,,,,,,,,,,,,,,,,,,,,,,,,,,,,,,,,,,,,,,,
1774306385.12949,pure_pursuit,REF_SEED,,,110,7.892120641446363,4.449329426192188,,,,,,,,,,,,,,,,ref_seed,,,,,,,,,,,,,,,,,,,,,,,,,,,,,,,,,,,,,,,,,,,,,,,,,,,,,,,,,,,,,,,,,,,,,,,,,,,,,,,,,,,,,,,,,,,,
1774306385.12949,pure_pursuit,REF_SEED,,,111,7.842611049381115,4.536465524158562,,,,,,,,,,,,,,,,ref_seed,,,,,,,,,,,,,,,,,,,,,,,,,,,,,,,,,,,,,,,,,,,,,,,,,,,,,,,,,,,,,,,,,,,,,,,,,,,,,,,,,,,,,,,,,,,,
1774306385.12949,pure_pursuit,REF_SEED,,,112,7.784618987631295,4.618202578183673,,,,,,,,,,,,,,,,ref_seed,,,,,,,,,,,,,,,,,,,,,,,,,,,,,,,,,,,,,,,,,,,,,,,,,,,,,,,,,,,,,,,,,,,,,,,,,,,,,,,,,,,,,,,,,,,,
1774306385.12949,pure_pursuit,REF_SEED,,,113,7.718728089639862,4.693717765466193,,,,,,,,,,,,,,,,ref_seed,,,,,,,,,,,,,,,,,,,,,,,,,,,,,,,,,,,,,,,,,,,,,,,,,,,,,,,,,,,,,,,,,,,,,,,,,,,,,,,,,,,,,,,,,,,,
1774306385.12949,pure_pursuit,REF_SEED,,,114,7.645601502744244,4.762250879575131,,,,,,,,,,,,,,,,ref_seed,,,,,,,,,,,,,,,,,,,,,,,,,,,,,,,,,,,,,,,,,,,,,,,,,,,,,,,,,,,,,,,,,,,,,,,,,,,,,,,,,,,,,,,,,,,,
1774306385.12949,pure_pursuit,REF_SEED,,,115,7.565975214394582,4.823111982970267,,,,,,,,,,,,,,,,ref_seed,,,,,,,,,,,,,,,,,,,,,,,,,,,,,,,,,,,,,,,,,,,,,,,,,,,,,,,,,,,,,,,,,,,,,,,,,,,,,,,,,,,,,,,,,,,,
1774306385.12949,pure_pursuit,REF_SEED,,,116,7.480650645147155,4.875688352360047,,,,,,,,,,,,,,,,ref_seed,,,,,,,,,,,,,,,,,,,,,,,,,,,,,,,,,,,,,,,,,,,,,,,,,,,,,,,,,,,,,,,,,,,,,,,,,,,,,,,,,,,,,,,,,,,,
1774306385.12949,pure_pursuit,REF_SEED,,,117,7.390486582973546,4.919450646984331,,,,,,,,,,,,,,,,ref_seed,,,,,,,,,,,,,,,,,,,,,,,,,,,,,,,,,,,,,,,,,,,,,,,,,,,,,,,,,,,,,,,,,,,,,,,,,,,,,,,,,,,,,,,,,,,,
1774306385.12949,pure_pursuit,REF_SEED,,,118,7.296390540056402,4.953958237729412,,,,,,,,,,,,,,,,ref_seed,,,,,,,,,,,,,,,,,,,,,,,,,,,,,,,,,,,,,,,,,,,,,,,,,,,,,,,,,,,,,,,,,,,,,,,,,,,,,,,,,,,,,,,,,,,,
1774306385.12949,pure_pursuit,REF_SEED,,,119,7.199309619056077,4.978863643427705,,,,,,,,,,,,,,,,ref_seed,,,,,,,,,,,,,,,,,,,,,,,,,,,,,,,,,,,,,,,,,,,,,,,,,,,,,,,,,,,,,,,,,,,,,,,,,,,,,,,,,,,,,,,,,,,,
1774306385.12949,pure_pursuit,REF_SEED,,,120,7.099965044347067,4.99144235549209,,,,,,,,,,,,,,,,ref_seed,,,,,,,,,,,,,,,,,,,,,,,,,,,,,,,,,,,,,,,,,,,,,,,,,,,,,,,,,,,,,,,,,,,,,,,,,,,,,,,,,,,,,,,,,,,,
1774306385.12949,pure_pursuit,REF_SEED,,,121,6.999999999999975,5.0,,,,,,,,,,,,,,,,ref_seed,,,,,,,,,,,,,,,,,,,,,,,,,,,,,,,,,,,,,,,,,,,,,,,,,,,,,,,,,,,,,,,,,,,,,,,,,,,,,,,,,,,,,,,,,,,,
1774306385.12949,pure_pursuit,REF_SEED,,,122,6.899669329859485,5.0,,,,,,,,,,,,,,,,ref_seed,,,,,,,,,,,,,,,,,,,,,,,,,,,,,,,,,,,,,,,,,,,,,,,,,,,,,,,,,,,,,,,,,,,,,,,,,,,,,,,,,,,,,,,,,,,,
1774306385.12949,pure_pursuit,REF_SEED,,,123,6.799338659718994,5.0,,,,,,,,,,,,,,,,ref_seed,,,,,,,,,,,,,,,,,,,,,,,,,,,,,,,,,,,,,,,,,,,,,,,,,,,,,,,,,,,,,,,,,,,,,,,,,,,,,,,,,,,,,,,,,,,,
1774306385.12949,pure_pursuit,REF_SEED,,,124,6.6990079895785035,5.0,,,,,,,,,,,,,,,,ref_seed,,,,,,,,,,,,,,,,,,,,,,,,,,,,,,,,,,,,,,,,,,,,,,,,,,,,,,,,,,,,,,,,,,,,,,,,,,,,,,,,,,,,,,,,,,,,
1774306385.12949,pure_pursuit,REF_SEED,,,125,6.598677319438012,5.0,,,,,,,,,,,,,,,,ref_seed,,,,,,,,,,,,,,,,,,,,,,,,,,,,,,,,,,,,,,,,,,,,,,,,,,,,,,,,,,,,,,,,,,,,,,,,,,,,,,,,,,,,,,,,,,,,
1774306385.12949,pure_pursuit,REF_SEED,,,126,6.498346649297522,5.0,,,,,,,,,,,,,,,,ref_seed,,,,,,,,,,,,,,,,,,,,,,,,,,,,,,,,,,,,,,,,,,,,,,,,,,,,,,,,,,,,,,,,,,,,,,,,,,,,,,,,,,,,,,,,,,,,
1774306385.12949,pure_pursuit,REF_SEED,,,127,6.398015979157032,5.0,,,,,,,,,,,,,,,,ref_seed,,,,,,,,,,,,,,,,,,,,,,,,,,,,,,,,,,,,,,,,,,,,,,,,,,,,,,,,,,,,,,,,,,,,,,,,,,,,,,,,,,,,,,,,,,,,
1774306385.12949,pure_pursuit,REF_SEED,,,128,6.2976853090165426,5.0,,,,,,,,,,,,,,,,ref_seed,,,,,,,,,,,,,,,,,,,,,,,,,,,,,,,,,,,,,,,,,,,,,,,,,,,,,,,,,,,,,,,,,,,,,,,,,,,,,,,,,,,,,,,,,,,,
1774306385.12949,pure_pursuit,REF_SEED,,,129,6.197354638876052,5.0,,,,,,,,,,,,,,,,ref_seed,,,,,,,,,,,,,,,,,,,,,,,,,,,,,,,,,,,,,,,,,,,,,,,,,,,,,,,,,,,,,,,,,,,,,,,,,,,,,,,,,,,,,,,,,,,,
1774306385.12949,pure_pursuit,REF_SEED,,,130,6.097023968735563,5.0,,,,,,,,,,,,,,,,ref_seed,,,,,,,,,,,,,,,,,,,,,,,,,,,,,,,,,,,,,,,,,,,,,,,,,,,,,,,,,,,,,,,,,,,,,,,,,,,,,,,,,,,,,,,,,,,,
1774306385.12949,pure_pursuit,REF_SEED,,,131,5.996693298595071,5.0,,,,,,,,,,,,,,,,ref_seed,,,,,,,,,,,,,,,,,,,,,,,,,,,,,,,,,,,,,,,,,,,,,,,,,,,,,,,,,,,,,,,,,,,,,,,,,,,,,,,,,,,,,,,,,,,,
1774306385.12949,pure_pursuit,REF_SEED,,,132,5.896362628454581,5.0,,,,,,,,,,,,,,,,ref_seed,,,,,,,,,,,,,,,,,,,,,,,,,,,,,,,,,,,,,,,,,,,,,,,,,,,,,,,,,,,,,,,,,,,,,,,,,,,,,,,,,,,,,,,,,,,,
1774306385.12949,pure_pursuit,REF_SEED,,,133,5.796031958314091,5.0,,,,,,,,,,,,,,,,ref_seed,,,,,,,,,,,,,,,,,,,,,,,,,,,,,,,,,,,,,,,,,,,,,,,,,,,,,,,,,,,,,,,,,,,,,,,,,,,,,,,,,,,,,,,,,,,,
1774306385.12949,pure_pursuit,REF_SEED,,,134,5.695701288173603,5.0,,,,,,,,,,,,,,,,ref_seed,,,,,,,,,,,,,,,,,,,,,,,,,,,,,,,,,,,,,,,,,,,,,,,,,,,,,,,,,,,,,,,,,,,,,,,,,,,,,,,,,,,,,,,,,,,,
1774306385.12949,pure_pursuit,REF_SEED,,,135,5.59537061803311,5.0,,,,,,,,,,,,,,,,ref_seed,,,,,,,,,,,,,,,,,,,,,,,,,,,,,,,,,,,,,,,,,,,,,,,,,,,,,,,,,,,,,,,,,,,,,,,,,,,,,,,,,,,,,,,,,,,,
1774306385.12949,pure_pursuit,REF_SEED,,,136,5.49503994789262,5.0,,,,,,,,,,,,,,,,ref_seed,,,,,,,,,,,,,,,,,,,,,,,,,,,,,,,,,,,,,,,,,,,,,,,,,,,,,,,,,,,,,,,,,,,,,,,,,,,,,,,,,,,,,,,,,,,,
1774306385.12949,pure_pursuit,REF_SEED,,,137,5.3947092777521295,5.0,,,,,,,,,,,,,,,,ref_seed,,,,,,,,,,,,,,,,,,,,,,,,,,,,,,,,,,,,,,,,,,,,,,,,,,,,,,,,,,,,,,,,,,,,,,,,,,,,,,,,,,,,,,,,,,,,
1774306385.12949,pure_pursuit,REF_SEED,,,138,5.29437860761164,5.0,,,,,,,,,,,,,,,,ref_seed,,,,,,,,,,,,,,,,,,,,,,,,,,,,,,,,,,,,,,,,,,,,,,,,,,,,,,,,,,,,,,,,,,,,,,,,,,,,,,,,,,,,,,,,,,,,
1774306385.12949,pure_pursuit,REF_SEED,,,139,5.194047937471152,5.0,,,,,,,,,,,,,,,,ref_seed,,,,,,,,,,,,,,,,,,,,,,,,,,,,,,,,,,,,,,,,,,,,,,,,,,,,,,,,,,,,,,,,,,,,,,,,,,,,,,,,,,,,,,,,,,,,
1774306385.12949,pure_pursuit,REF_SEED,,,140,5.093717267330659,5.0,,,,,,,,,,,,,,,,ref_seed,,,,,,,,,,,,,,,,,,,,,,,,,,,,,,,,,,,,,,,,,,,,,,,,,,,,,,,,,,,,,,,,,,,,,,,,,,,,,,,,,,,,,,,,,,,,
1774306385.12949,pure_pursuit,REF_SEED,,,141,4.9933865971901685,5.0,,,,,,,,,,,,,,,,ref_seed,,,,,,,,,,,,,,,,,,,,,,,,,,,,,,,,,,,,,,,,,,,,,,,,,,,,,,,,,,,,,,,,,,,,,,,,,,,,,,,,,,,,,,,,,,,,
1774306385.12949,pure_pursuit,REF_SEED,,,142,4.893055927049678,5.0,,,,,,,,,,,,,,,,ref_seed,,,,,,,,,,,,,,,,,,,,,,,,,,,,,,,,,,,,,,,,,,,,,,,,,,,,,,,,,,,,,,,,,,,,,,,,,,,,,,,,,,,,,,,,,,,,
1774306385.12949,pure_pursuit,REF_SEED,,,143,4.792725256909191,5.0,,,,,,,,,,,,,,,,ref_seed,,,,,,,,,,,,,,,,,,,,,,,,,,,,,,,,,,,,,,,,,,,,,,,,,,,,,,,,,,,,,,,,,,,,,,,,,,,,,,,,,,,,,,,,,,,,
1774306385.12949,pure_pursuit,REF_SEED,,,144,4.6923945867687,5.0,,,,,,,,,,,,,,,,ref_seed,,,,,,,,,,,,,,,,,,,,,,,,,,,,,,,,,,,,,,,,,,,,,,,,,,,,,,,,,,,,,,,,,,,,,,,,,,,,,,,,,,,,,,,,,,,,
1774306385.12949,pure_pursuit,REF_SEED,,,145,4.592063916628209,5.0,,,,,,,,,,,,,,,,ref_seed,,,,,,,,,,,,,,,,,,,,,,,,,,,,,,,,,,,,,,,,,,,,,,,,,,,,,,,,,,,,,,,,,,,,,,,,,,,,,,,,,,,,,,,,,,,,
1774306385.12949,pure_pursuit,REF_SEED,,,146,4.491733246487719,5.0,,,,,,,,,,,,,,,,ref_seed,,,,,,,,,,,,,,,,,,,,,,,,,,,,,,,,,,,,,,,,,,,,,,,,,,,,,,,,,,,,,,,,,,,,,,,,,,,,,,,,,,,,,,,,,,,,
1774306385.12949,pure_pursuit,REF_SEED,,,147,4.391402576347231,5.0,,,,,,,,,,,,,,,,ref_seed,,,,,,,,,,,,,,,,,,,,,,,,,,,,,,,,,,,,,,,,,,,,,,,,,,,,,,,,,,,,,,,,,,,,,,,,,,,,,,,,,,,,,,,,,,,,
1774306385.12949,pure_pursuit,REF_SEED,,,148,4.2910719062067395,5.0,,,,,,,,,,,,,,,,ref_seed,,,,,,,,,,,,,,,,,,,,,,,,,,,,,,,,,,,,,,,,,,,,,,,,,,,,,,,,,,,,,,,,,,,,,,,,,,,,,,,,,,,,,,,,,,,,
1774306385.12949,pure_pursuit,REF_SEED,,,149,4.190741236066248,5.0,,,,,,,,,,,,,,,,ref_seed,,,,,,,,,,,,,,,,,,,,,,,,,,,,,,,,,,,,,,,,,,,,,,,,,,,,,,,,,,,,,,,,,,,,,,,,,,,,,,,,,,,,,,,,,,,,
1774306385.12949,pure_pursuit,REF_SEED,,,150,4.090410565925758,5.0,,,,,,,,,,,,,,,,ref_seed,,,,,,,,,,,,,,,,,,,,,,,,,,,,,,,,,,,,,,,,,,,,,,,,,,,,,,,,,,,,,,,,,,,,,,,,,,,,,,,,,,,,,,,,,,,,
1774306385.12949,pure_pursuit,REF_SEED,,,151,3.9900798957852697,5.0,,,,,,,,,,,,,,,,ref_seed,,,,,,,,,,,,,,,,,,,,,,,,,,,,,,,,,,,,,,,,,,,,,,,,,,,,,,,,,,,,,,,,,,,,,,,,,,,,,,,,,,,,,,,,,,,,
1774306385.12949,pure_pursuit,REF_SEED,,,152,3.8897492256447803,5.0,,,,,,,,,,,,,,,,ref_seed,,,,,,,,,,,,,,,,,,,,,,,,,,,,,,,,,,,,,,,,,,,,,,,,,,,,,,,,,,,,,,,,,,,,,,,,,,,,,,,,,,,,,,,,,,,,
1774306385.12949,pure_pursuit,REF_SEED,,,153,3.78941855550429,5.0,,,,,,,,,,,,,,,,ref_seed,,,,,,,,,,,,,,,,,,,,,,,,,,,,,,,,,,,,,,,,,,,,,,,,,,,,,,,,,,,,,,,,,,,,,,,,,,,,,,,,,,,,,,,,,,,,
1774306385.12949,pure_pursuit,REF_SEED,,,154,3.6890878853637976,5.0,,,,,,,,,,,,,,,,ref_seed,,,,,,,,,,,,,,,,,,,,,,,,,,,,,,,,,,,,,,,,,,,,,,,,,,,,,,,,,,,,,,,,,,,,,,,,,,,,,,,,,,,,,,,,,,,,
1774306385.12949,pure_pursuit,REF_SEED,,,155,3.588757215223307,5.0,,,,,,,,,,,,,,,,ref_seed,,,,,,,,,,,,,,,,,,,,,,,,,,,,,,,,,,,,,,,,,,,,,,,,,,,,,,,,,,,,,,,,,,,,,,,,,,,,,,,,,,,,,,,,,,,,
1774306385.12949,pure_pursuit,REF_SEED,,,156,3.4884265450828185,5.0,,,,,,,,,,,,,,,,ref_seed,,,,,,,,,,,,,,,,,,,,,,,,,,,,,,,,,,,,,,,,,,,,,,,,,,,,,,,,,,,,,,,,,,,,,,,,,,,,,,,,,,,,,,,,,,,,
1774306385.12949,pure_pursuit,REF_SEED,,,157,3.3880958749423282,5.0,,,,,,,,,,,,,,,,ref_seed,,,,,,,,,,,,,,,,,,,,,,,,,,,,,,,,,,,,,,,,,,,,,,,,,,,,,,,,,,,,,,,,,,,,,,,,,,,,,,,,,,,,,,,,,,,,
1774306385.12949,pure_pursuit,REF_SEED,,,158,3.2877652048018353,5.0,,,,,,,,,,,,,,,,ref_seed,,,,,,,,,,,,,,,,,,,,,,,,,,,,,,,,,,,,,,,,,,,,,,,,,,,,,,,,,,,,,,,,,,,,,,,,,,,,,,,,,,,,,,,,,,,,
1774306385.12949,pure_pursuit,REF_SEED,,,159,3.187434534661346,5.0,,,,,,,,,,,,,,,,ref_seed,,,,,,,,,,,,,,,,,,,,,,,,,,,,,,,,,,,,,,,,,,,,,,,,,,,,,,,,,,,,,,,,,,,,,,,,,,,,,,,,,,,,,,,,,,,,
1774306385.12949,pure_pursuit,REF_SEED,,,160,3.087103864520858,5.0,,,,,,,,,,,,,,,,ref_seed,,,,,,,,,,,,,,,,,,,,,,,,,,,,,,,,,,,,,,,,,,,,,,,,,,,,,,,,,,,,,,,,,,,,,,,,,,,,,,,,,,,,,,,,,,,,
1774306385.12949,pure_pursuit,REF_SEED,,,161,2.986773194380369,5.0,,,,,,,,,,,,,,,,ref_seed,,,,,,,,,,,,,,,,,,,,,,,,,,,,,,,,,,,,,,,,,,,,,,,,,,,,,,,,,,,,,,,,,,,,,,,,,,,,,,,,,,,,,,,,,,,,
1774306385.12949,pure_pursuit,REF_SEED,,,162,2.8864425242398837,5.0,,,,,,,,,,,,,,,,ref_seed,,,,,,,,,,,,,,,,,,,,,,,,,,,,,,,,,,,,,,,,,,,,,,,,,,,,,,,,,,,,,,,,,,,,,,,,,,,,,,,,,,,,,,,,,,,,
1774306385.12949,pure_pursuit,REF_SEED,,,163,2.7861118540993917,5.0,,,,,,,,,,,,,,,,ref_seed,,,,,,,,,,,,,,,,,,,,,,,,,,,,,,,,,,,,,,,,,,,,,,,,,,,,,,,,,,,,,,,,,,,,,,,,,,,,,,,,,,,,,,,,,,,,
1774306385.12949,pure_pursuit,REF_SEED,,,164,2.6857811839589028,5.0,,,,,,,,,,,,,,,,ref_seed,,,,,,,,,,,,,,,,,,,,,,,,,,,,,,,,,,,,,,,,,,,,,,,,,,,,,,,,,,,,,,,,,,,,,,,,,,,,,,,,,,,,,,,,,,,,
1774306385.12949,pure_pursuit,REF_SEED,,,165,2.585450513818414,5.0,,,,,,,,,,,,,,,,ref_seed,,,,,,,,,,,,,,,,,,,,,,,,,,,,,,,,,,,,,,,,,,,,,,,,,,,,,,,,,,,,,,,,,,,,,,,,,,,,,,,,,,,,,,,,,,,,
1774306385.12949,pure_pursuit,REF_SEED,,,166,2.4851198436779285,5.0,,,,,,,,,,,,,,,,ref_seed,,,,,,,,,,,,,,,,,,,,,,,,,,,,,,,,,,,,,,,,,,,,,,,,,,,,,,,,,,,,,,,,,,,,,,,,,,,,,,,,,,,,,,,,,,,,
1774306385.12949,pure_pursuit,REF_SEED,,,167,2.384789173537436,5.0,,,,,,,,,,,,,,,,ref_seed,,,,,,,,,,,,,,,,,,,,,,,,,,,,,,,,,,,,,,,,,,,,,,,,,,,,,,,,,,,,,,,,,,,,,,,,,,,,,,,,,,,,,,,,,,,,
1774306385.12949,pure_pursuit,REF_SEED,,,168,2.284458503396947,5.0,,,,,,,,,,,,,,,,ref_seed,,,,,,,,,,,,,,,,,,,,,,,,,,,,,,,,,,,,,,,,,,,,,,,,,,,,,,,,,,,,,,,,,,,,,,,,,,,,,,,,,,,,,,,,,,,,
1774306385.12949,pure_pursuit,REF_SEED,,,169,2.184127833256458,5.0,,,,,,,,,,,,,,,,ref_seed,,,,,,,,,,,,,,,,,,,,,,,,,,,,,,,,,,,,,,,,,,,,,,,,,,,,,,,,,,,,,,,,,,,,,,,,,,,,,,,,,,,,,,,,,,,,
1774306385.12949,pure_pursuit,REF_SEED,,,170,2.0837971631159697,5.0,,,,,,,,,,,,,,,,ref_seed,,,,,,,,,,,,,,,,,,,,,,,,,,,,,,,,,,,,,,,,,,,,,,,,,,,,,,,,,,,,,,,,,,,,,,,,,,,,,,,,,,,,,,,,,,,,
1774306385.12949,pure_pursuit,REF_SEED,,,171,1.9834664929754846,5.0,,,,,,,,,,,,,,,,ref_seed,,,,,,,,,,,,,,,,,,,,,,,,,,,,,,,,,,,,,,,,,,,,,,,,,,,,,,,,,,,,,,,,,,,,,,,,,,,,,,,,,,,,,,,,,,,,
1774306385.12949,pure_pursuit,REF_SEED,,,172,1.8831358228349917,5.0,,,,,,,,,,,,,,,,ref_seed,,,,,,,,,,,,,,,,,,,,,,,,,,,,,,,,,,,,,,,,,,,,,,,,,,,,,,,,,,,,,,,,,,,,,,,,,,,,,,,,,,,,,,,,,,,,
1774306385.12949,pure_pursuit,REF_SEED,,,173,1.7828051526945068,5.0,,,,,,,,,,,,,,,,ref_seed,,,,,,,,,,,,,,,,,,,,,,,,,,,,,,,,,,,,,,,,,,,,,,,,,,,,,,,,,,,,,,,,,,,,,,,,,,,,,,,,,,,,,,,,,,,,
1774306385.12949,pure_pursuit,REF_SEED,,,174,1.6824744825540139,5.0,,,,,,,,,,,,,,,,ref_seed,,,,,,,,,,,,,,,,,,,,,,,,,,,,,,,,,,,,,,,,,,,,,,,,,,,,,,,,,,,,,,,,,,,,,,,,,,,,,,,,,,,,,,,,,,,,
1774306385.12949,pure_pursuit,REF_SEED,,,175,1.5821438124135254,5.0,,,,,,,,,,,,,,,,ref_seed,,,,,,,,,,,,,,,,,,,,,,,,,,,,,,,,,,,,,,,,,,,,,,,,,,,,,,,,,,,,,,,,,,,,,,,,,,,,,,,,,,,,,,,,,,,,
1774306385.12949,pure_pursuit,REF_SEED,,,176,1.4818131422730405,5.0,,,,,,,,,,,,,,,,ref_seed,,,,,,,,,,,,,,,,,,,,,,,,,,,,,,,,,,,,,,,,,,,,,,,,,,,,,,,,,,,,,,,,,,,,,,,,,,,,,,,,,,,,,,,,,,,,
1774306385.12949,pure_pursuit,REF_SEED,,,177,1.3814824721325476,5.0,,,,,,,,,,,,,,,,ref_seed,,,,,,,,,,,,,,,,,,,,,,,,,,,,,,,,,,,,,,,,,,,,,,,,,,,,,,,,,,,,,,,,,,,,,,,,,,,,,,,,,,,,,,,,,,,,
1774306385.12949,pure_pursuit,REF_SEED,,,178,1.2811518019920627,5.0,,,,,,,,,,,,,,,,ref_seed,,,,,,,,,,,,,,,,,,,,,,,,,,,,,,,,,,,,,,,,,,,,,,,,,,,,,,,,,,,,,,,,,,,,,,,,,,,,,,,,,,,,,,,,,,,,
1774306385.12949,pure_pursuit,REF_SEED,,,179,1.1808211318515736,5.0,,,,,,,,,,,,,,,,ref_seed,,,,,,,,,,,,,,,,,,,,,,,,,,,,,,,,,,,,,,,,,,,,,,,,,,,,,,,,,,,,,,,,,,,,,,,,,,,,,,,,,,,,,,,,,,,,
1774306385.12949,pure_pursuit,REF_SEED,,,180,1.0804904617110815,5.0,,,,,,,,,,,,,,,,ref_seed,,,,,,,,,,,,,,,,,,,,,,,,,,,,,,,,,,,,,,,,,,,,,,,,,,,,,,,,,,,,,,,,,,,,,,,,,,,,,,,,,,,,,,,,,,,,
1774306385.12949,pure_pursuit,REF_SEED,,,181,0.9801845866648423,4.999008402864542,,,,,,,,,,,,,,,,ref_seed,,,,,,,,,,,,,,,,,,,,,,,,,,,,,,,,,,,,,,,,,,,,,,,,,,,,,,,,,,,,,,,,,,,,,,,,,,,,,,,,,,,,,,,,,,,,
1774306385.12949,pure_pursuit,REF_SEED,,,182,0.880181008361325,4.991983641043612,,,,,,,,,,,,,,,,ref_seed,,,,,,,,,,,,,,,,,,,,,,,,,,,,,,,,,,,,,,,,,,,,,,,,,,,,,,,,,,,,,,,,,,,,,,,,,,,,,,,,,,,,,,,,,,,,
1774306385.12949,pure_pursuit,REF_SEED,,,183,0.7813857313855642,4.974973799099808,,,,,,,,,,,,,,,,ref_seed,,,,,,,,,,,,,,,,,,,,,,,,,,,,,,,,,,,,,,,,,,,,,,,,,,,,,,,,,,,,,,,,,,,,,,,,,,,,,,,,,,,,,,,,,,,,
1774306385.12949,pure_pursuit,REF_SEED,,,184,0.6847931684898007,4.948150310088735,,,,,,,,,,,,,,,,ref_seed,,,,,,,,,,,,,,,,,,,,,,,,,,,,,,,,,,,,,,,,,,,,,,,,,,,,,,,,,,,,,,,,,,,,,,,,,,,,,,,,,,,,,,,,,,,,
1774306385.12949,pure_pursuit,REF_SEED,,,185,0.5913755398627968,4.911783381494974,,,,,,,,,,,,,,,,ref_seed,,,,,,,,,,,,,,,,,,,,,,,,,,,,,,,,,,,,,,,,,,,,,,,,,,,,,,,,,,,,,,,,,,,,,,,,,,,,,,,,,,,,,,,,,,,,
1774306385.12949,pure_pursuit,REF_SEED,,,186,0.5020730880939598,4.866239273466027,,,,,,,,,,,,,,,,ref_seed,,,,,,,,,,,,,,,,,,,,,,,,,,,,,,,,,,,,,,,,,,,,,,,,,,,,,,,,,,,,,,,,,,,,,,,,,,,,,,,,,,,,,,,,,,,,
1774306385.12949,pure_pursuit,REF_SEED,,,187,0.4177846151919242,4.811976610347899,,,,,,,,,,,,,,,,ref_seed,,,,,,,,,,,,,,,,,,,,,,,,,,,,,,,,,,,,,,,,,,,,,,,,,,,,,,,,,,,,,,,,,,,,,,,,,,,,,,,,,,,,,,,,,,,,
1774306385.12949,pure_pursuit,REF_SEED,,,188,0.3393584368920584,4.749541762665202,,,,,,,,,,,,,,,,ref_seed,,,,,,,,,,,,,,,,,,,,,,,,,,,,,,,,,,,,,,,,,,,,,,,,,,,,,,,,,,,,,,,,,,,,,,,,,,,,,,,,,,,,,,,,,,,,
1774306385.12949,pure_pursuit,REF_SEED,,,189,0.2675838452853527,4.679563346043102,,,,,,,,,,,,,,,,ref_seed,,,,,,,,,,,,,,,,,,,,,,,,,,,,,,,,,,,,,,,,,,,,,,,,,,,,,,,,,,,,,,,,,,,,,,,,,,,,,,,,,,,,,,,,,,,,
1774306385.12949,pure_pursuit,REF_SEED,,,190,0.20318316568368572,4.602745892455001,,,,,,,,,,,,,,,,ref_seed,,,,,,,,,,,,,,,,,,,,,,,,,,,,,,,,,,,,,,,,,,,,,,,,,,,,,,,,,,,,,,,,,,,,,,,,,,,,,,,,,,,,,,,,,,,,
1774306385.12949,pure_pursuit,REF_SEED,,,191,0.14680448765404955,4.519862757508731,,,,,,,,,,,,,,,,ref_seed,,,,,,,,,,,,,,,,,,,,,,,,,,,,,,,,,,,,,,,,,,,,,,,,,,,,,,,,,,,,,,,,,,,,,,,,,,,,,,,,,,,,,,,,,,,,
1774306385.12949,pure_pursuit,REF_SEED,,,192,0.0990151433676312,4.431748335171361,,,,,,,,,,,,,,,,ref_seed,,,,,,,,,,,,,,,,,,,,,,,,,,,,,,,,,,,,,,,,,,,,,,,,,,,,,,,,,,,,,,,,,,,,,,,,,,,,,,,,,,,,,,,,,,,,
1774306385.12949,pure_pursuit,REF_SEED,,,193,0.060295998887196674,4.339289658301813,,,,,,,,,,,,,,,,ref_seed,,,,,,,,,,,,,,,,,,,,,,,,,,,,,,,,,,,,,,,,,,,,,,,,,,,,,,,,,,,,,,,,,,,,,,,,,,,,,,,,,,,,,,,,,,,,
1774306385.12949,pure_pursuit,REF_SEED,,,194,0.031036615833103628,4.243417469540147,,,,,,,,,,,,,,,,ref_seed,,,,,,,,,,,,,,,,,,,,,,,,,,,,,,,,,,,,,,,,,,,,,,,,,,,,,,,,,,,,,,,,,,,,,,,,,,,,,,,,,,,,,,,,,,,,
1774306385.12949,pure_pursuit,REF_SEED,,,195,0.012413402083677779,4.145005589872991,,,,,,,,,,,,,,,,ref_seed,,,,,,,,,,,,,,,,,,,,,,,,,,,,,,,,,,,,,,,,,,,,,,,,,,,,,,,,,,,,,,,,,,,,,,,,,,,,,,,,,,,,,,,,,,,,
1774306385.12949,pure_pursuit,REF_SEED,,,196,0.003855757575766129,4.045040545525902,,,,,,,,,,,,,,,,ref_seed,,,,,,,,,,,,,,,,,,,,,,,,,,,,,,,,,,,,,,,,,,,,,,,,,,,,,,,,,,,,,,,,,,,,,,,,,,,,,,,,,,,,,,,,,,,,
1774306385.12949,pure_pursuit,REF_SEED,,,197,0.0,3.9448746128223897,,,,,,,,,,,,,,,,ref_seed,,,,,,,,,,,,,,,,,,,,,,,,,,,,,,,,,,,,,,,,,,,,,,,,,,,,,,,,,,,,,,,,,,,,,,,,,,,,,,,,,,,,,,,,,,,,
1774306385.12949,pure_pursuit,REF_SEED,,,198,0.0,3.8445439426818973,,,,,,,,,,,,,,,,ref_seed,,,,,,,,,,,,,,,,,,,,,,,,,,,,,,,,,,,,,,,,,,,,,,,,,,,,,,,,,,,,,,,,,,,,,,,,,,,,,,,,,,,,,,,,,,,,
1774306385.12949,pure_pursuit,REF_SEED,,,199,0.0,3.74421327254141,,,,,,,,,,,,,,,,ref_seed,,,,,,,,,,,,,,,,,,,,,,,,,,,,,,,,,,,,,,,,,,,,,,,,,,,,,,,,,,,,,,,,,,,,,,,,,,,,,,,,,,,,,,,,,,,,
1774306385.12949,pure_pursuit,REF_SEED,,,200,0.0,3.64388260240092,,,,,,,,,,,,,,,,ref_seed,,,,,,,,,,,,,,,,,,,,,,,,,,,,,,,,,,,,,,,,,,,,,,,,,,,,,,,,,,,,,,,,,,,,,,,,,,,,,,,,,,,,,,,,,,,,
1774306385.12949,pure_pursuit,REF_SEED,,,201,0.0,3.543551932260431,,,,,,,,,,,,,,,,ref_seed,,,,,,,,,,,,,,,,,,,,,,,,,,,,,,,,,,,,,,,,,,,,,,,,,,,,,,,,,,,,,,,,,,,,,,,,,,,,,,,,,,,,,,,,,,,,
1774306385.12949,pure_pursuit,REF_SEED,,,202,0.0,3.443221262119942,,,,,,,,,,,,,,,,ref_seed,,,,,,,,,,,,,,,,,,,,,,,,,,,,,,,,,,,,,,,,,,,,,,,,,,,,,,,,,,,,,,,,,,,,,,,,,,,,,,,,,,,,,,,,,,,,
1774306385.12949,pure_pursuit,REF_SEED,,,203,0.0,3.3428905919794496,,,,,,,,,,,,,,,,ref_seed,,,,,,,,,,,,,,,,,,,,,,,,,,,,,,,,,,,,,,,,,,,,,,,,,,,,,,,,,,,,,,,,,,,,,,,,,,,,,,,,,,,,,,,,,,,,
1774306385.12949,pure_pursuit,REF_SEED,,,204,0.0,3.2425599218389642,,,,,,,,,,,,,,,,ref_seed,,,,,,,,,,,,,,,,,,,,,,,,,,,,,,,,,,,,,,,,,,,,,,,,,,,,,,,,,,,,,,,,,,,,,,,,,,,,,,,,,,,,,,,,,,,,
1774306385.12949,pure_pursuit,REF_SEED,,,205,0.0,3.142229251698476,,,,,,,,,,,,,,,,ref_seed,,,,,,,,,,,,,,,,,,,,,,,,,,,,,,,,,,,,,,,,,,,,,,,,,,,,,,,,,,,,,,,,,,,,,,,,,,,,,,,,,,,,,,,,,,,,
1774306385.12949,pure_pursuit,REF_SEED,,,206,0.0,3.0418985815579833,,,,,,,,,,,,,,,,ref_seed,,,,,,,,,,,,,,,,,,,,,,,,,,,,,,,,,,,,,,,,,,,,,,,,,,,,,,,,,,,,,,,,,,,,,,,,,,,,,,,,,,,,,,,,,,,,
1774306385.12949,pure_pursuit,REF_SEED,,,207,0.0,2.941567911417498,,,,,,,,,,,,,,,,ref_seed,,,,,,,,,,,,,,,,,,,,,,,,,,,,,,,,,,,,,,,,,,,,,,,,,,,,,,,,,,,,,,,,,,,,,,,,,,,,,,,,,,,,,,,,,,,,
1774306385.12949,pure_pursuit,REF_SEED,,,208,0.0,2.8412372412770055,,,,,,,,,,,,,,,,ref_seed,,,,,,,,,,,,,,,,,,,,,,,,,,,,,,,,,,,,,,,,,,,,,,,,,,,,,,,,,,,,,,,,,,,,,,,,,,,,,,,,,,,,,,,,,,,,
1774306385.12949,pure_pursuit,REF_SEED,,,209,0.0,2.74090657113652,,,,,,,,,,,,,,,,ref_seed,,,,,,,,,,,,,,,,,,,,,,,,,,,,,,,,,,,,,,,,,,,,,,,,,,,,,,,,,,,,,,,,,,,,,,,,,,,,,,,,,,,,,,,,,,,,
1774306385.12949,pure_pursuit,REF_SEED,,,210,0.0,2.6405759009960312,,,,,,,,,,,,,,,,ref_seed,,,,,,,,,,,,,,,,,,,,,,,,,,,,,,,,,,,,,,,,,,,,,,,,,,,,,,,,,,,,,,,,,,,,,,,,,,,,,,,,,,,,,,,,,,,,
1774306385.12949,pure_pursuit,REF_SEED,,,211,0.0,2.5402452308555388,,,,,,,,,,,,,,,,ref_seed,,,,,,,,,,,,,,,,,,,,,,,,,,,,,,,,,,,,,,,,,,,,,,,,,,,,,,,,,,,,,,,,,,,,,,,,,,,,,,,,,,,,,,,,,,,,
1774306385.12949,pure_pursuit,REF_SEED,,,212,0.0,2.439914560715054,,,,,,,,,,,,,,,,ref_seed,,,,,,,,,,,,,,,,,,,,,,,,,,,,,,,,,,,,,,,,,,,,,,,,,,,,,,,,,,,,,,,,,,,,,,,,,,,,,,,,,,,,,,,,,,,,
1774306385.12949,pure_pursuit,REF_SEED,,,213,0.0,2.339583890574565,,,,,,,,,,,,,,,,ref_seed,,,,,,,,,,,,,,,,,,,,,,,,,,,,,,,,,,,,,,,,,,,,,,,,,,,,,,,,,,,,,,,,,,,,,,,,,,,,,,,,,,,,,,,,,,,,
1774306385.12949,pure_pursuit,REF_SEED,,,214,0.0,2.239253220434076,,,,,,,,,,,,,,,,ref_seed,,,,,,,,,,,,,,,,,,,,,,,,,,,,,,,,,,,,,,,,,,,,,,,,,,,,,,,,,,,,,,,,,,,,,,,,,,,,,,,,,,,,,,,,,,,,
1774306385.12949,pure_pursuit,REF_SEED,,,215,0.0,2.138922550293587,,,,,,,,,,,,,,,,ref_seed,,,,,,,,,,,,,,,,,,,,,,,,,,,,,,,,,,,,,,,,,,,,,,,,,,,,,,,,,,,,,,,,,,,,,,,,,,,,,,,,,,,,,,,,,,,,
1774306385.12949,pure_pursuit,REF_SEED,,,216,0.0,2.0385918801530947,,,,,,,,,,,,,,,,ref_seed,,,,,,,,,,,,,,,,,,,,,,,,,,,,,,,,,,,,,,,,,,,,,,,,,,,,,,,,,,,,,,,,,,,,,,,,,,,,,,,,,,,,,,,,,,,,
1774306385.12949,pure_pursuit,REF_SEED,,,217,0.0,1.9382612100126098,,,,,,,,,,,,,,,,ref_seed,,,,,,,,,,,,,,,,,,,,,,,,,,,,,,,,,,,,,,,,,,,,,,,,,,,,,,,,,,,,,,,,,,,,,,,,,,,,,,,,,,,,,,,,,,,,
1774306385.12949,pure_pursuit,REF_SEED,,,218,0.0,1.8379305398721208,,,,,,,,,,,,,,,,ref_seed,,,,,,,,,,,,,,,,,,,,,,,,,,,,,,,,,,,,,,,,,,,,,,,,,,,,,,,,,,,,,,,,,,,,,,,,,,,,,,,,,,,,,,,,,,,,
1774306385.12949,pure_pursuit,REF_SEED,,,219,0.0,1.737599869731632,,,,,,,,,,,,,,,,ref_seed,,,,,,,,,,,,,,,,,,,,,,,,,,,,,,,,,,,,,,,,,,,,,,,,,,,,,,,,,,,,,,,,,,,,,,,,,,,,,,,,,,,,,,,,,,,,
1774306385.12949,pure_pursuit,REF_SEED,,,220,0.0,1.637269199591143,,,,,,,,,,,,,,,,ref_seed,,,,,,,,,,,,,,,,,,,,,,,,,,,,,,,,,,,,,,,,,,,,,,,,,,,,,,,,,,,,,,,,,,,,,,,,,,,,,,,,,,,,,,,,,,,,
1774306385.12949,pure_pursuit,REF_SEED,,,221,0.0,1.5369385294506508,,,,,,,,,,,,,,,,ref_seed,,,,,,,,,,,,,,,,,,,,,,,,,,,,,,,,,,,,,,,,,,,,,,,,,,,,,,,,,,,,,,,,,,,,,,,,,,,,,,,,,,,,,,,,,,,,
1774306385.12949,pure_pursuit,REF_SEED,,,222,0.0,1.4366078593101657,,,,,,,,,,,,,,,,ref_seed,,,,,,,,,,,,,,,,,,,,,,,,,,,,,,,,,,,,,,,,,,,,,,,,,,,,,,,,,,,,,,,,,,,,,,,,,,,,,,,,,,,,,,,,,,,,
1774306385.12949,pure_pursuit,REF_SEED,,,223,0.0,1.3362771891696767,,,,,,,,,,,,,,,,ref_seed,,,,,,,,,,,,,,,,,,,,,,,,,,,,,,,,,,,,,,,,,,,,,,,,,,,,,,,,,,,,,,,,,,,,,,,,,,,,,,,,,,,,,,,,,,,,
1774306385.12949,pure_pursuit,REF_SEED,,,224,0.0,1.2359465190291878,,,,,,,,,,,,,,,,ref_seed,,,,,,,,,,,,,,,,,,,,,,,,,,,,,,,,,,,,,,,,,,,,,,,,,,,,,,,,,,,,,,,,,,,,,,,,,,,,,,,,,,,,,,,,,,,,
1774306385.12949,pure_pursuit,REF_SEED,,,225,0.0,1.135615848888699,,,,,,,,,,,,,,,,ref_seed,,,,,,,,,,,,,,,,,,,,,,,,,,,,,,,,,,,,,,,,,,,,,,,,,,,,,,,,,,,,,,,,,,,,,,,,,,,,,,,,,,,,,,,,,,,,
1774306385.12949,pure_pursuit,REF_SEED,,,226,0.0,1.0352851787482082,,,,,,,,,,,,,,,,ref_seed,,,,,,,,,,,,,,,,,,,,,,,,,,,,,,,,,,,,,,,,,,,,,,,,,,,,,,,,,,,,,,,,,,,,,,,,,,,,,,,,,,,,,,,,,,,,
1774306385.12949,pure_pursuit,REF_SEED,,,227,0.003250919624589348,0.9350357985344385,,,,,,,,,,,,,,,,ref_seed,,,,,,,,,,,,,,,,,,,,,,,,,,,,,,,,,,,,,,,,,,,,,,,,,,,,,,,,,,,,,,,,,,,,,,,,,,,,,,,,,,,,,,,,,,,,
1774306385.12949,pure_pursuit,REF_SEED,,,228,0.014771752020300183,0.8354833319977184,,,,,,,,,,,,,,,,ref_seed,,,,,,,,,,,,,,,,,,,,,,,,,,,,,,,,,,,,,,,,,,,,,,,,,,,,,,,,,,,,,,,,,,,,,,,,,,,,,,,,,,,,,,,,,,,,
1774306385.12949,pure_pursuit,REF_SEED,,,229,0.036210166884428956,0.7375857711958859,,,,,,,,,,,,,,,,ref_seed,,,,,,,,,,,,,,,,,,,,,,,,,,,,,,,,,,,,,,,,,,,,,,,,,,,,,,,,,,,,,,,,,,,,,,,,,,,,,,,,,,,,,,,,,,,,
1774306385.12949,pure_pursuit,REF_SEED,,,230,0.067350482324639,0.6423285591979274,,,,,,,,,,,,,,,,ref_seed,,,,,,,,,,,,,,,,,,,,,,,,,,,,,,,,,,,,,,,,,,,,,,,,,,,,,,,,,,,,,,,,,,,,,,,,,,,,,,,,,,,,,,,,,,,,
1774306385.12949,pure_pursuit,REF_SEED,,,231,0.1078793585536228,0.5506705738078423,,,,,,,,,,,,,,,,ref_seed,,,,,,,,,,,,,,,,,,,,,,,,,,,,,,,,,,,,,,,,,,,,,,,,,,,,,,,,,,,,,,,,,,,,,,,,,,,,,,,,,,,,,,,,,,,,
1774306385.12949,pure_pursuit,REF_SEED,,,232,0.15738895061886737,0.4635344758414663,,,,,,,,,,,,,,,,ref_seed,,,,,,,,,,,,,,,,,,,,,,,,,,,,,,,,,,,,,,,,,,,,,,,,,,,,,,,,,,,,,,,,,,,,,,,,,,,,,,,,,,,,,,,,,,,,
1774306385.12949,pure_pursuit,REF_SEED,,,233,0.21538101236868487,0.38179742181635307,,,,,,,,,,,,,,,,ref_seed,,,,,,,,,,,,,,,,,,,,,,,,,,,,,,,,,,,,,,,,,,,,,,,,,,,,,,,,,,,,,,,,,,,,,,,,,,,,,,,,,,,,,,,,,,,,
1774306385.12949,pure_pursuit,REF_SEED,,,234,0.2812719103601164,0.30628223453383085,,,,,,,,,,,,,,,,ref_seed,,,,,,,,,,,,,,,,,,,,,,,,,,,,,,,,,,,,,,,,,,,,,,,,,,,,,,,,,,,,,,,,,,,,,,,,,,,,,,,,,,,,,,,,,,,,
1774306385.12949,pure_pursuit,REF_SEED,,,235,0.35439849725573264,0.23774912042489052,,,,,,,,,,,,,,,,ref_seed,,,,,,,,,,,,,,,,,,,,,,,,,,,,,,,,,,,,,,,,,,,,,,,,,,,,,,,,,,,,,,,,,,,,,,,,,,,,,,,,,,,,,,,,,,,,
1774306385.12949,pure_pursuit,REF_SEED,,,236,0.43402478560539326,0.176888017029751,,,,,,,,,,,,,,,,ref_seed,,,,,,,,,,,,,,,,,,,,,,,,,,,,,,,,,,,,,,,,,,,,,,,,,,,,,,,,,,,,,,,,,,,,,,,,,,,,,,,,,,,,,,,,,,,,
1774306385.12949,pure_pursuit,REF_SEED,,,237,0.5193493548528199,0.1243116476399678,,,,,,,,,,,,,,,,ref_seed,,,,,,,,,,,,,,,,,,,,,,,,,,,,,,,,,,,,,,,,,,,,,,,,,,,,,,,,,,,,,,,,,,,,,,,,,,,,,,,,,,,,,,,,,,,,
1774306385.12949,pure_pursuit,REF_SEED,,,238,0.6095134170264287,0.0805493530156804,,,,,,,,,,,,,,,,ref_seed,,,,,,,,,,,,,,,,,,,,,,,,,,,,,,,,,,,,,,,,,,,,,,,,,,,,,,,,,,,,,,,,,,,,,,,,,,,,,,,,,,,,,,,,,,,,
1774306385.12949,pure_pursuit,REF_SEED,,,239,0.7036094599435729,0.04604176227059613,,,,,,,,,,,,,,,,ref_seed,,,,,,,,,,,,,,,,,,,,,,,,,,,,,,,,,,,,,,,,,,,,,,,,,,,,,,,,,,,,,,,,,,,,,,,,,,,,,,,,,,,,,,,,,,,,
1774306385.12949,pure_pursuit,REF_SEED,,,240,0.8006903809438977,0.0211363565722998,,,,,,,,,,,,,,,,ref_seed,,,,,,,,,,,,,,,,,,,,,,,,,,,,,,,,,,,,,,,,,,,,,,,,,,,,,,,,,,,,,,,,,,,,,,,,,,,,,,,,,,,,,,,,,,,,
1774306385.12949,pure_pursuit,REF_SEED,,,241,0.9000349556529081,0.008557644507911952,,,,,,,,,,,,,,,,ref_seed,,,,,,,,,,,,,,,,,,,,,,,,,,,,,,,,,,,,,,,,,,,,,,,,,,,,,,,,,,,,,,,,,,,,,,,,,,,,,,,,,,,,,,,,,,,,
1774306385.12949,pure_pursuit,REF_SEED,,,242,1.0,0.0,,,,,,,,,,,,,,,,ref_seed,,,,,,,,,,,,,,,,,,,,,,,,,,,,,,,,,,,,,,,,,,,,,,,,,,,,,,,,,,,,,,,,,,,,,,,,,,,,,,,,,,,,,,,,,,,,
1774306385.1524947,pure_pursuit,DETECTION,hold_and_stop,0,234,0.2812719103601164,0.30628223453383085,242,1.0,0.0,0.0,0.0,0.0,0.8,0.06,0.0,1567,1500,0.64,0,0,1,,both_relaxed,1,1,15,17,1,99.90374536123852,643.4489721087206,375.3729342166283,163.5805769956736,relaxed_midpoints,0.6,,,,1.5530341878276215,6,-0.752983412910548,0.415839746475329,-0.7529834129105479,1,1,real,200,640,360,,313.68303298950195,0.0,444.58484649658203,real,straight,73,50,3280,3230,3230,3342,3292,3292,53898,0,26,142,179,55,55,none,0.0,0.0,0.0,24,12,3,24,6,0,0,straight,1,49,44,,0.0,0.0,12,60,0,12,17,1,0,0,0.0,1,0,0,0.0,0,,both_relaxed,999999,,,,,,,,,,
1774306385.6599452,pure_pursuit,DETECTION,hold_and_stop,0,234,0.2812719103601164,0.30628223453383085,242,1.0,0.0,0.0,0.0,0.0,0.8,0.12,0.0,1633,1500,0.64,0,0,1,,both_relaxed,1,1,15,17,1,100.38602188446536,643.6615416950355,375.49043008190216,163.49813950105758,relaxed_midpoints,0.54,,,,1.914361461196029,6,-0.752983412910548,0.415839746475329,-0.7529834129105479,2,1,real,200,640,360,,20.518064498901367,0.0,28.282642364501953,real,straight,73,52,3280,3230,3230,3342,3292,3292,53898,0,26,142,179,55,55,none,0.0,0.0,-5.368167148597649,24,12,3,24,6,0,0,straight,1,49,46,,0.0,0.0,12,60,0,12,17,1,1,0,0.0,1,1,0,0.45323004003177136,0,,both_relaxed,0,,,,,,,,,,
1774306385.7395084,pure_pursuit,DETECTION,hold_and_stop,0,234,0.2812719103601164,0.30628223453383085,242,1.0,0.0,0.0,0.0,0.0,0.8,0.18,0.0,1700,1500,0.64,0,0,1,,both_relaxed,1,1,14,17,1,100.35265985289303,642.8099410243724,375.45168331492397,163.2542241811189,relaxed_midpoints,0.54,,,,1.9136997703403515,6,-0.752983412910548,0.415839746475329,-0.7529834129105479,3,1,real,200,640,360,,17.40550994873047,1.001119613647461,25.943279266357422,real,straight,77,46,3284,3232,3232,3342,3290,3290,53898,0,26,142,179,55,55,none,0.0,0.0,-5.334051641735243,28,14,0,28,0,0,0,straight,1,49,46,,0.0,0.0,12,60,0,12,17,1,1,0,1.1798420331357855,1,1,0,0.28754993826080316,0,,both_relaxed,0,,,,,,,,,,
1774306385.8164918,pure_pursuit,DETECTION,hold_and_stop,0,234,0.2812719103601164,0.30628223453383085,242,1.0,0.0,0.0,0.0,0.0,0.8,0.24,0.0,1767,1500,0.64,0,0,1,,both_relaxed,1,1,8,17,1,100.31994245280026,643.3030373147949,375.33074068010086,163.41043021317742,relaxed_midpoints,0.54,,,,1.9142176440064747,6,-0.752983412910548,0.415839746475329,-0.7529834129105479,4,1,real,200,640,360,,18.99862289428711,0.0,25.028467178344727,real,straight,65,46,3308,3258,3258,3366,3315,3315,53898,0,26,142,179,55,55,none,0.0,0.0,-5.262648391789412,23,8,0,16,0,0,0,straight,1,49,46,,0.0,0.0,12,60,0,12,17,1,1,0,0.7353722086816906,1,1,0,0.3312307604468041,0,,both_relaxed,0,,,,,,,,,,
1774306385.8926387,pure_pursuit,DETECTION,hold_and_stop,0,234,0.2812719103601164,0.30628223453383085,242,1.0,0.0,0.0,0.0,0.0,0.8,0.3,0.0,1833,1500,0.64,0,0,1,,both_relaxed,1,1,10,17,1,100.00786141472867,644.164894417061,375.26001597093534,163.7618906436044,relaxed_midpoints,0.54,,,,1.910762070649083,6,-0.752983412910548,0.415839746475329,-0.7529834129105479,5,1,real,200,640,360,,32.514333724975586,0.0,42.385101318359375,real,straight,69,46,3319,3269,3269,3375,3325,3325,53898,0,26,142,179,55,55,none,0.0,0.0,-5.258816391374239,24,10,0,20,0,0,0,straight,1,49,46,,0.0,0.0,12,60,0,12,17,1,1,0,1.0777752963478682,1,1,0,0.3712400433250375,0,,both_relaxed,0,,,,,,,,,,
1774306385.9859226,pure_pursuit,DETECTION,hold_and_stop,0,234,0.2812719103601164,0.30628223453383085,242,1.0,0.0,0.0,0.0,0.0,0.8,0.36,0.0,1900,1500,0.64,0,0,1,,both_relaxed,1,1,8,17,1,99.25060446900861,645.5403079156611,374.8832139889027,164.40064843477532,relaxed_midpoints,0.54,,,,1.9079953533822538,6,-0.752983412910548,0.415839746475329,-0.7529834129105479,6,1,real,200,640,360,,38.30242156982422,0.0,48.04110527038574,real,straight,64,47,3360,3312,3312,3399,3349,3349,53898,0,26,142,179,55,55,none,0.0,0.0,-5.2565560169253445,23,8,0,16,0,0,0,straight,1,48,47,,0.0,0.0,12,60,0,12,17,1,1,0,2.4412510769838707,1,1,0,0.7120615316033603,0,,both_relaxed,0,,,,,,,,,,
1774306386.084684,pure_pursuit,DETECTION,hold_and_stop,0,234,0.2812719103601164,0.30628223453383085,242,1.0,0.0,0.0,0.0,0.0,0.8,0.42,0.0,1967,1500,0.64,0,0,1,,both_relaxed,1,1,11,17,1,98.56634671389745,646.5805429072923,374.43859603613754,164.91750073318667,relaxed_midpoints,0.54,,,,1.902126929738003,6,-0.752983412910548,0.415839746475329,-0.7529834129105479,7,1,real,200,640,360,,26.657819747924805,0.0,35.17627716064453,real,straight,70,47,3395,3337,3337,3430,3370,3370,53898,0,26,142,179,55,55,none,0.0,0.0,-5.393051562279709,23,11,0,22,0,0,0,straight,1,48,47,,0.0,0.0,12,60,0,12,17,1,1,0,2.0473688282135596,1,1,0,0.8118669015007346,0,,both_relaxed,0,,,,,,,,,,
1774306386.1707885,pure_pursuit,DETECTION,hold_and_stop,0,234,0.2812719103601164,0.30628223453383085,242,1.0,0.0,0.0,0.0,0.0,0.8,0.45,0.0,2000,1500,0.64,0,0,1,,both_relaxed,1,1,12,18,1,98.04534418605678,648.3264391396718,373.97077773481243,165.5974757216748,relaxed_midpoints,0.54,,,,1.8251633163965262,6,-0.752983412910548,0.415839746475329,-0.7529834129105479,8,1,real,200,640,360,,49.82590675354004,0.0,59.83328819274902,real,straight,73,47,3423,3375,3375,3447,3399,3399,53898,0,26,142,179,55,55,none,0.0,0.0,-5.532747134472061,25,12,0,24,0,0,0,straight,1,49,47,,0.0,0.0,12,60,0,12,18,1,1,0,2.1077132214459158,1,1,0,1.6712025866094193,0,,both_relaxed,0,,,,,,,,,,
1774306386.2813497,pure_pursuit,DETECTION,hold_and_stop,0,234,0.2812719103601164,0.30628223453383085,242,1.0,0.0,0.0,0.0,0.0,0.8,0.45,0.0,2000,1500,0.64,0,0,1,,both_relaxed,1,1,10,13,1,96.6882109529713,648.2184222656697,372.5462851040129,165.97290851419243,relaxed_midpoints,0.54,,,,2.019456627381567,6,-0.752983412910548,0.415839746475329,-0.7529834129105479,9,1,real,200,640,360,,114.80045318603516,0.0,140.47980308532715,real,straight,69,49,3484,3433,3433,3499,3448,3448,53898,0,26,142,179,55,55,none,0.0,0.0,-6.457037430776722,26,10,0,20,0,0,0,straight,1,49,49,,0.0,0.0,13,60,0,13,18,1,1,0,3.609717110437588,1,1,0,1.5048520499339484,0,,both_relaxed,0,,,,,,,,,,
1774306386.472858,pure_pursuit,DETECTION,hold_and_stop,0,234,0.2812719103601164,0.30628223453383085,242,1.0,0.0,0.0,0.0,0.0,0.8,0.45,0.0,2000,1500,0.64,0,0,1,,both_relaxed,1,1,10,13,1,94.45185915424318,648.1867126557784,371.1030093142834,166.63638418446487,relaxed_midpoints,0.54,,,,2.019017936425342,6,-0.752983412910548,0.415839746475329,-0.7529834129105479,10,1,real,200,640,360,,79.8795223236084,0.0,102.41127014160156,real,straight,69,50,3516,3466,3466,3527,3477,3477,53898,0,26,142,179,55,55,none,0.0,0.0,-4.801941666880282,22,10,0,20,0,0,0,straight,1,49,50,,0.0,0.0,13,60,0,13,18,1,1,0,3.7058213102335054,1,1,0,1.479355069326338,0,,both_relaxed,0,,,,,,,,,,
1774306386.6265352,pure_pursuit,DETECTION,hold_and_stop,0,234,0.2812719103601164,0.30628223453383085,242,1.0,0.0,0.0,0.0,0.0,0.8,0.45,0.0,2000,1500,0.64,0,0,1,,both_relaxed,1,1,15,13,1,94.94235384498576,652.491920262798,370.797948799016,167.79076684725456,relaxed_midpoints,0.54,,,,2.0037642791203796,6,-0.752983412910548,0.415839746475329,-0.7529834129105479,11,1,real,200,640,360,,30.008316040039062,0.0,43.0750846862793,real,straight,75,54,3541,3492,3492,3548,3497,3497,53898,0,26,142,179,55,55,none,0.0,0.0,-4.863779095122823,28,13,2,26,4,0,0,straight,1,49,50,,0.0,0.0,13,60,0,13,18,1,1,0,3.257521960274485,1,1,0,3.1133225672813145,0,,both_relaxed,0,,,,,,,,,,
1774306386.7214923,pure_pursuit,DETECTION,hold_and_stop,0,234,0.2812719103601164,0.30628223453383085,242,1.0,0.0,0.0,0.0,0.0,0.8,0.45,0.0,2000,1500,0.64,0,0,1,,both_relaxed,1,1,10,13,1,92.9357218461548,652.590061195961,369.4955363940261,168.4257596510361,relaxed_midpoints,0.54,,,,1.991856369697305,6,-0.752983412910548,0.415839746475329,-0.7529834129105479,12,1,real,200,640,360,,36.04841232299805,0.0,45.14431953430176,real,straight,69,51,3556,3511,3511,3564,3519,3519,53898,0,26,142,179,55,55,none,0.0,0.0,-4.827806776678756,22,10,0,20,0,0,0,straight,1,49,51,,0.0,0.0,13,60,0,13,19,1,1,0,2.8779031463411067,1,1,0,1.8296744456966736,0,,both_relaxed,0,,,,,,,,,,
1774306386.817951,pure_pursuit,DETECTION,hold_and_stop,0,234,0.2812719103601164,0.30628223453383085,242,1.0,0.0,0.0,0.0,0.0,0.8,0.45,0.0,2000,1500,0.624375,0,0,1,,both,1,1,10,14,1,91.59222442365521,653.2914292355479,368.41411138653655,169.0452625974093,ok,0.54,,,,1.890565192664393,5,-0.752983412910548,0.415839746475329,-0.7529834129105479,13,1,real,200,640,360,,31.24380111694336,0.0,40.45391082763672,real,straight,69,52,3555,3503,3503,3562,3510,3510,53898,0,26,142,179,55,55,none,0.0,0.0,-4.825446329339002,27,10,0,20,0,0,0,straight,1,49,52,,0.0,0.0,14,60,0,14,19,1,1,0,2.5796138030205507,1,1,0,1.7355089931920513,0,,both,0,,,,,,,,,,
1774306386.9094899,pure_pursuit,DETECTION,hold_and_stop,0,234,0.2812719103601164,0.30628223453383085,242,1.0,0.0,0.0,0.0,0.0,0.8,0.45,0.0,2000,1500,0.654375,0,0,1,,both,1,1,13,14,1,91.36471847654404,653.2769131788855,367.82812933571006,169.1123287309133,ok,0.54,,,,1.8845903911176383,5,-0.752983412910548,0.415839746475329,-0.7529834129105479,14,1,real,200,640,360,,38.44952583312988,0.0,55.640459060668945,real,straight,75,52,3552,3508,3508,3559,3513,3513,53898,0,26,142,179,55,55,none,0.0,0.0,-5.630964471095751,25,13,0,26,0,0,0,straight,1,49,52,,0.0,0.0,14,60,0,14,19,1,1,0,0.624173785974791,1,1,0,1.7137007296591378,0,,both,0,,,,,,,,,,
1774306387.0161638,pure_pursuit,DETECTION,hold_and_stop,0,234,0.2812719103601164,0.30628223453383085,242,1.0,0.0,0.0,0.0,0.0,0.8,0.45,0.0,2000,1500,0.584375,0,1,1,,both,1,1,6,14,1,90.78389636084731,654.6114230538778,367.0796232920624,169.69717716059614,ok,0.54,,,,1.8860817151609917,5,-0.752983412910548,0.415839746475329,-0.7529834129105479,15,1,real,200,640,360,,28.568744659423828,0.0,37.48297691345215,real,straight,60,54,3573,3534,3534,3577,3538,3538,53898,0,26,142,179,55,55,none,0.0,0.0,-5.52812024843314,26,5,1,10,2,0,0,straight,1,50,52,,0.0,0.0,14,60,0,14,19,1,1,0,1.84585070453118,1,1,0,1.9481667394245448,0,,both,0,,,,,,,,,,
1774306387.1050785,pure_pursuit,DETECTION,hold_and_stop,0,234,0.2812719103601164,0.30628223453383085,242,1.0,0.0,0.0,0.0,0.0,0.8,0.45,0.0,2000,1500,0.674375,0,0,1,,both,1,1,15,14,1,90.3067873551631,653.9534829366999,366.61640468159055,169.6418976459309,ok,0.54,,,,1.8856697345349644,5,-0.752983412910548,0.415839746475329,-0.7529834129105479,16,1,real,200,640,360,,35.314321517944336,0.0,52.52337455749512,real,straight,80,52,3575,3534,3534,3579,3538,3538,53898,0,26,142,179,55,55,none,0.0,0.0,-5.517149730445624,28,15,0,30,0,0,0,straight,1,50,52,,0.0,0.0,14,60,0,14,19,1,1,0,1.1027765098222502,1,1,0,0.6095009857808104,0,,both,0,,,,,,,,,,
1774306387.2088583,pure_pursuit,DETECTION,hold_and_stop,0,234,0.2812719103601164,0.30628223453383085,242,1.0,0.0,0.0,0.0,0.0,0.8,0.45,0.0,2000,1500,0.634375,0,0,1,,both,1,1,11,14,1,88.62719328902246,652.4768971080528,365.3811336272565,169.7002397198111,ok,0.54,,,,1.8924103248714996,5,-0.752983412910548,0.415839746475329,-0.7529834129105479,17,1,real,200,640,360,,44.69156265258789,0.0,59.71050262451172,real,straight,69,55,3563,3512,3512,3566,3514,3514,53898,0,26,142,179,55,55,none,0.0,0.0,-5.47574668268021,26,10,1,20,2,0,0,straight,1,49,53,,0.0,0.0,14,60,0,14,19,1,1,0,2.0080018933409547,1,1,0,2.4011049795677364,0,,both,0,,,,,,,,,,
1774306387.3192906,pure_pursuit,DETECTION,hold_and_stop,0,234,0.2812719103601164,0.30628223453383085,242,1.0,0.0,0.0,0.0,0.0,0.8,0.45,0.0,2000,1500,0.634375,0,0,1,,both,1,1,11,14,1,88.08425769413091,653.3903203578848,364.629342713298,170.14634183714674,ok,0.54,,,,1.8983890236458738,5,-0.752983412910548,0.415839746475329,-0.7529834129105479,18,1,real,200,640,360,,35.645246505737305,1.5103816986083984,52.16479301452637,real,straight,71,53,3549,3495,3495,3553,3498,3498,53898,0,26,142,179,55,55,none,0.0,0.0,-5.519622787800529,26,11,0,22,0,0,0,straight,1,49,53,,0.0,0.0,14,60,0,14,20,1,1,0,2.080911401562092,1,1,0,2.0598853219147077,0,,both,0,,,,,,,,,,
1774306387.423001,pure_pursuit,DETECTION,hold_and_stop,0,234,0.2812719103601164,0.30628223453383085,242,1.0,0.0,0.0,0.0,0.0,0.8,0.45,0.0,2000,1500,0.584375,0,1,1,,both,1,1,6,14,1,88.33526497876116,654.4992742738677,363.8764607812071,170.41905838819966,ok,0.54,,,,1.9112811292159286,5,-0.752983412910548,0.415839746475329,-0.7529834129105479,19,1,real,200,640,360,,29.89506721496582,0.0,46.5540885925293,real,straight,62,53,3480,3421,3421,3483,3423,3423,53898,0,26,142,179,55,55,none,0.0,0.0,-5.592924332597988,32,6,0,12,0,0,0,straight,1,50,53,,0.0,0.0,14,60,0,14,20,1,1,0,1.6721761384564564,1,1,0,2.9292441427409424,0,,both,0,,,,,,,,,,
1774306387.5207028,pure_pursuit,DETECTION,hold_and_stop,0,234,0.2812719103601164,0.30628223453383085,242,1.0,0.0,0.0,0.0,0.0,0.8,0.45,0.0,2000,1500,0.6496875000000001,0,0,1,,both,1,1,12,15,1,86.71066305682336,653.5176027108752,362.4900102139134,170.6134289473778,ok,0.54,,,,1.958396200352234,6,-0.752983412910548,0.415839746475329,-0.7529834129105479,20,1,real,200,640,360,,63.005685806274414,0.0,84.53130722045898,real,straight,74,53,3501,3454,3454,3501,3454,3454,53898,0,26,142,179,55,55,none,0.0,0.0,-5.6943168243377045,26,12,0,24,0,0,0,straight,1,50,53,,0.0,0.0,15,60,0,15,20,1,1,0,1.7171433107316014,1,1,0,3.235091762291349,0,,both,0,,,,,,,,,,
1774306387.6557498,pure_pursuit,DETECTION,hold_and_stop,0,234,0.2812719103601164,0.30628223453383085,242,1.0,0.0,0.0,0.0,0.0,0.8,0.45,0.0,2000,1500,0.6896875,0,0,1,,both,1,1,16,15,1,88.35102070586484,654.7852605247981,361.9147860145393,170.52741432273493,ok,0.54,,,,1.9677153088582242,6,-0.752983412910548,0.415839746475329,-0.7529834129105479,21,1,real,200,640,360,,70.78909873962402,0.0,91.89224243164062,real,straight,82,53,3469,3423,3423,3472,3425,3425,53898,0,26,142,179,55,55,none,0.0,0.0,-6.241264435632502,32,16,0,32,0,0,0,straight,1,50,53,,0.0,0.0,15,60,0,15,20,1,1,0,1.7207565120865032,1,1,0,2.471792247319925,0,,both,0,,,,,,,,,,
1774306387.7987013,pure_pursuit,DETECTION,hold_and_stop,0,234,0.2812719103601164,0.30628223453383085,242,1.0,0.0,0.0,0.0,0.0,0.8,0.45,0.0,2000,1500,0.5996875,0,1,1,,both,1,1,7,15,1,86.66460461958056,654.2339759865573,360.4706419723137,170.87361930040984,ok,0.54,,,,1.9776383150176327,6,-0.752983412910548,0.415839746475329,-0.7529834129105479,22,1,real,200,640,360,,71.31767272949219,0.0,88.3324146270752,real,straight,63,54,3521,3467,3467,3522,3468,3468,53898,0,26,142,179,55,55,none,0.0,0.0,-6.270032502795743,24,7,0,14,0,0,0,straight,1,49,54,,0.0,0.0,15,60,0,15,21,1,1,0,1.9792258578632314,1,1,0,3.590137862374014,0,,both,0,,,,,,,,,,
1774306387.9380424,pure_pursuit,DETECTION,hold_and_stop,0,234,0.2812719103601164,0.30628223453383085,242,1.0,0.0,0.0,0.0,0.0,0.8,0.45,0.0,2000,1500,0.6496875000000001,0,0,1,,both,1,1,12,15,1,83.55589794198195,650.2613881148468,357.6289384753229,170.6037425222738,ok,0.54,,,,1.9809046490049023,6,-0.752983412910548,0.415839746475329,-0.7529834129105479,23,1,real,200,640,360,,60.82415580749512,0.0,82.6566219329834,real,straight,73,56,3497,3448,3448,3499,3449,3449,53898,0,26,142,179,55,55,none,0.0,0.0,-6.318854548940067,25,12,0,24,0,0,0,straight,1,49,56,,0.0,0.0,15,60,0,15,21,1,1,0,2.9349129372984115,1,1,0,7.2087772326859945,0,,both,0,,,,,,,,,,
1774306388.072775,pure_pursuit,DETECTION,hold_and_stop,0,234,0.2812719103601164,0.30628223453383085,242,1.0,0.0,0.0,0.0,0.0,0.8,0.45,0.0,2000,1500,0.645,0,0,1,,both,1,1,11,16,1,82.1261813856982,649.654247626105,356.3205721730238,170.85525138289887,ok,0.54,,,,1.9455810987135622,6,-0.752983412910548,0.415839746475329,-0.7529834129105479,24,1,real,200,640,360,,124.44448471069336,0.0,148.96488189697266,real,straight,69,57,3417,3383,3383,3432,3398,3398,53898,0,26,142,179,55,55,none,0.0,0.0,-6.235449470673814,25,10,1,20,2,0,0,straight,1,49,55,,0.0,0.0,16,60,0,16,21,1,1,0,1.5584032169965274,1,1,0,5.28010194379799,0,,both,0,,,,,,,,,,
1774306388.2729695,pure_pursuit,DETECTION,hold_and_stop,0,234,0.2812719103601164,0.30628223453383085,242,1.0,0.0,0.0,0.0,0.0,0.8,0.45,0.0,2000,1500,0.605,0,0,1,,both,1,1,7,16,1,81.38559419014344,650.7621887211328,354.99442955269586,171.43440947216357,ok,0.54,,,,1.94791960425041,6,-0.752983412910548,0.415839746475329,-0.7529834129105479,25,1,real,200,640,360,,45.900821685791016,0.0,60.68754196166992,real,straight,64,55,3399,3363,3363,3407,3371,3371,53898,0,26,142,179,55,55,none,0.0,0.0,-5.673075539632805,26,7,0,14,0,0,0,straight,1,50,55,,0.0,0.0,16,60,0,16,21,1,1,0,1.6763703257553757,1,1,0,4.137221402543145,0,,both,0,,,,,,,,,,
1774306388.3848069,pure_pursuit,DETECTION,hold_and_stop,0,234,0.2812719103601164,0.30628223453383085,242,1.0,0.0,0.0,0.0,0.0,0.8,0.45,0.0,2000,1500,0.695,0,0,1,,both,1,1,16,16,1,81.4727077415771,651.539855139434,354.4496018607069,171.6588372147506,ok,0.54,,,,1.9438699931698544,6,-0.752983412910548,0.415839746475329,-0.7529834129105479,26,1,real,200,640,360,,53.447723388671875,0.0,66.97726249694824,real,straight,79,56,3358,3318,3318,3364,3324,3324,53898,0,26,142,179,55,55,none,0.0,0.0,-5.576288965734307,29,15,1,30,2,0,0,straight,1,49,54,,0.0,0.0,16,60,0,16,22,1,1,0,1.19647882978577,1,1,0,3.270306849229336,0,,both,0,,,,,,,,,,
1774306388.5028932,pure_pursuit,DETECTION,hold_and_stop,0,234,0.2812719103601164,0.30628223453383085,242,1.0,0.0,0.0,0.0,0.0,0.8,0.45,0.0,2000,1500,0.635,0,0,1,,both,1,1,10,16,1,80.89013026594924,652.4064783175455,353.6919475326224,172.11128183873427,ok,0.54,,,,1.9423888721188138,6,-0.752983412910548,0.415839746475329,-0.7529834129105479,27,1,real,200,640,360,,21.967411041259766,0.0,32.38368034362793,real,straight,69,54,3332,3282,3282,3340,3290,3290,53898,0,26,142,179,55,55,none,0.0,0.0,-5.218343315881498,24,10,0,20,0,0,0,straight,1,49,54,,0.0,0.0,16,60,0,16,22,1,1,0,1.342039444578504,1,1,0,2.4089530811739355,0,,both,0,,,,,,,,,,
1774306388.5865104,pure_pursuit,DETECTION,hold_and_stop,0,234,0.2812719103601164,0.30628223453383085,242,1.0,0.0,0.0,0.0,0.0,0.8,0.45,0.0,2000,1500,0.585,0,1,1,,both,1,1,5,16,1,80.89428381222449,653.5581052719604,353.2039177430996,172.477521699924,ok,0.54,,,,1.9460812595091872,6,-0.752983412910548,0.415839746475329,-0.7529834129105479,28,1,real,200,640,360,,22.993087768554688,0.0,30.533313751220703,real,straight,58,54,3314,3268,3268,3324,3276,3276,53898,0,26,142,179,55,55,none,0.0,0.0,-4.92132032652944,30,5,0,10,0,0,0,straight,1,48,54,,0.0,0.0,16,60,0,16,22,1,1,0,1.3167293525349564,1,1,0,2.4044387668905065,0,,both,0,,,,,,,,,,
1774306388.6684856,pure_pursuit,DETECTION,hold_and_stop,0,234,0.2812719103601164,0.30628223453383085,242,1.0,0.0,0.0,0.0,0.0,0.8,0.45,0.0,2000,1500,0.635,0,0,1,,both,1,1,10,16,1,81.21171479171144,654.3416957241574,353.09224835318145,172.63167172093918,ok,0.54,,,,1.9430925176558222,6,-0.752983412910548,0.415839746475329,-0.7529834129105479,29,1,real,200,640,360,,33.51473808288574,0.0,42.02842712402344,real,straight,70,53,3318,3269,3269,3328,3279,3279,53898,0,26,142,179,55,55,none,0.0,0.0,-4.708153182868045,29,10,0,20,0,0,0,straight,1,50,53,,0.0,0.0,16,60,0,16,22,1,1,0,0.7189858775245327,1,1,0,1.8259372888975653,0,,both,0,,,,,,,,,,
1774306388.7615244,pure_pursuit,DETECTION,hold_and_stop,0,234,0.2812719103601164,0.30628223453383085,242,1.0,0.0,0.0,0.0,0.0,0.8,0.45,0.0,2000,1500,0.645,0,0,1,,both,1,1,11,16,1,82.278635427282,654.4508393653875,353.18901383436173,172.35452170315617,ok,0.54,,,,1.9400288183187808,6,-0.752983412910548,0.415839746475329,-0.7529834129105479,30,1,real,200,640,360,,34.418582916259766,0.0,42.08850860595703,real,straight,72,54,3316,3282,3282,3331,3297,3297,53898,0,26,142,179,55,55,none,0.0,0.0,-4.367823805899832,26,11,0,22,0,0,0,straight,1,50,54,,0.0,0.0,16,60,0,16,22,1,1,0,0.9855867376119188,1,1,0,1.2540520739733778,0,,both,0,,,,,,,,,,
1774306388.8541558,pure_pursuit,DETECTION,hold_and_stop,0,234,0.2812719103601164,0.30628223453383085,242,1.0,0.0,0.0,0.0,0.0,0.8,0.45,0.0,2000,1500,0.565,0,1,1,,both,1,1,3,16,1,83.02389902351898,654.8381413303556,353.30576560214564,172.25711491216111,ok,0.54,,,,1.9337750825869775,6,-0.752983412910548,0.415839746475329,-0.7529834129105479,31,1,real,200,640,360,,33.530235290527344,0.0,42.77467727661133,real,straight,56,54,3311,3277,3277,3327,3293,3293,53898,0,26,142,179,55,55,none,0.0,0.0,-4.0059693898739965,23,3,0,6,0,0,0,straight,1,50,54,,0.0,0.0,16,60,0,16,22,1,1,0,0.3347126990200081,1,1,0,0.9408632853675301,0,,both,0,,,,,,,,,,
1774306388.9479604,pure_pursuit,DETECTION,hold_and_stop,0,234,0.2812719103601164,0.30628223453383085,242,1.0,0.0,0.0,0.0,0.0,0.8,0.45,0.0,2000,1500,0.6749999999999999,0,0,1,,both,1,1,14,16,1,84.91744478992388,656.417235589692,353.6355538111251,172.1964674646101,ok,0.54,,,,1.9220073296314564,5,-0.752983412910548,0.415839746475329,-0.7529834129105479,32,1,real,200,640,360,,20.125627517700195,0.0,29.20079231262207,real,straight,77,53,3312,3266,3266,3326,3280,3280,53898,0,26,142,179,55,55,none,0.0,0.0,-3.6444123175472214,25,14,0,28,0,0,0,straight,1,49,53,,0.0,0.0,16,60,0,16,22,1,1,0,1.5232041781390226,1,1,0,0.9613521331899837,0,,both,0,,,,,,,,,,
1774306389.0283282,pure_pursuit,DETECTION,hold_and_stop,0,234,0.2812719103601164,0.30628223453383085,242,1.0,0.0,0.0,0.0,0.0,0.8,0.45,0.0,2000,1500,0.6749999999999999,0,0,1,,both,1,1,14,16,1,84.53121719380215,656.1258434596984,353.3668395459777,172.22321380309643,ok,0.54,,,,1.926374189042952,5,-0.752983412910548,0.415839746475329,-0.7529834129105479,33,1,real,200,640,360,,30.3041934967041,0.0,37.885189056396484,real,straight,76,54,3286,3244,3244,3298,3254,3254,53898,0,26,142,179,55,55,none,0.0,0.0,-3.4204158105185343,28,14,0,28,0,0,0,straight,1,48,54,,0.0,0.0,16,60,0,16,22,1,1,0,0.3971349755482213,1,1,0,1.2376153156169076,0,,both,0,,,,,,,,,,
1774306389.1174097,pure_pursuit,DETECTION,hold_and_stop,0,234,0.2812719103601164,0.30628223453383085,242,1.0,0.0,0.0,0.0,0.0,0.8,0.45,0.0,2000,1500,0.655,0,0,1,,both,1,1,12,16,1,84.59925602886986,655.6930823099661,353.0788411150164,172.07534639764447,ok,0.54,,,,1.9274065949659231,5,-0.752983412910548,0.415839746475329,-0.7529834129105479,34,1,real,200,640,360,,17.594575881958008,0.0,25.51102638244629,real,straight,73,54,3265,3226,3226,3276,3237,3237,53898,0,26,142,179,55,55,none,0.0,0.0,-3.234401274151253,25,12,0,24,0,0,0,straight,1,49,54,,0.0,0.0,16,60,0,16,22,1,1,0,0.4185289534335624,1,1,0,1.2807380798113759,0,,both,0,,,,,,,,,,
1774306389.193563,pure_pursuit,DETECTION,hold_and_stop,0,234,0.2812719103601164,0.30628223453383085,242,1.0,0.0,0.0,0.0,0.0,0.8,0.45,0.0,2000,1500,0.6203125,0,0,1,,both,1,1,8,17,1,83.94103022095184,655.3344584601731,352.1461743050722,172.1762087325047,ok,0.54,,,,1.9225070333098047,6,-0.752983412910548,0.415839746475329,-0.7529834129105479,35,1,real,200,640,360,,20.101547241210938,0.0,27.528047561645508,real,straight,65,54,3230,3188,3188,3240,3196,3196,53898,0,26,142,179,55,55,none,0.0,0.0,-3.0056359344130783,26,8,0,16,0,0,0,straight,1,49,54,,0.0,0.0,17,60,0,17,22,1,1,0,1.6584664677063756,1,1,0,1.6899358081938127,0,,both,0,,,,,,,,,,
1774306389.2716181,pure_pursuit,DETECTION,hold_and_stop,0,234,0.2812719103601164,0.30628223453383085,242,1.0,0.0,0.0,0.0,0.0,0.8,0.45,0.0,2000,1500,0.6703125000000001,0,0,1,,both,1,1,13,17,1,84.37545509532869,655.5218008282623,351.73915775940276,172.1208642950286,ok,0.54,,,,1.920059032109906,6,-0.752983412910548,0.415839746475329,-0.7529834129105479,36,1,real,200,640,360,,21.009206771850586,0.0,27.751684188842773,real,straight,75,54,3188,3148,3148,3196,3154,3154,53898,0,26,142,179,55,55,none,0.0,0.0,-2.3439847595108176,24,13,0,26,0,0,0,straight,1,49,54,,0.0,0.0,17,60,0,17,22,1,1,0,0.524699326591606,1,1,0,1.5617312978986766,0,,both,0,,,,,,,,,,
1774306389.350992,pure_pursuit,DETECTION,hold_and_stop,0,234,0.2812719103601164,0.30628223453383085,242,1.0,0.0,0.0,0.0,0.0,0.8,0.45,0.0,2000,1500,0.6303125,0,0,1,,both,1,1,9,17,1,85.69731195803425,657.1370088161569,351.4700934960691,172.2579078903254,ok,0.54,,,,1.9106884816499856,6,-0.752983412910548,0.415839746475329,-0.7529834129105479,37,1,real,200,640,360,,19.42920684814453,0.0,26.049375534057617,real,straight,67,53,3175,3135,3135,3183,3143,3143,53898,0,26,142,179,55,55,none,0.0,0.0,-2.2394895366585956,25,9,0,18,0,0,0,straight,1,49,53,,0.0,0.0,17,60,0,17,23,1,1,0,1.1455212510539567,1,1,0,2.0695818828011587,0,,both,0,,,,,,,,,,
1774306389.428238,pure_pursuit,DETECTION,hold_and_stop,0,234,0.2812719103601164,0.30628223453383085,242,1.0,0.0,0.0,0.0,0.0,0.8,0.45,0.0,2000,1500,0.6403125000000001,0,0,1,,both,1,1,10,17,1,86.75970242356016,657.0516776323584,351.08911158281757,171.93929564156647,ok,0.54,,,,1.8965898088569717,6,-0.752983412910548,0.415839746475329,-0.7529834129105479,38,1,real,200,640,360,,19.909381866455078,0.0,25.690317153930664,real,straight,69,51,3100,3054,3054,3108,3062,3062,53898,0,26,142,179,55,55,none,0.0,0.0,-2.0451510115462384,24,10,0,20,0,0,0,straight,1,49,51,,0.0,0.0,17,60,0,17,23,1,1,0,0.8479303214161457,1,1,0,1.9829937254103944,0,,both,0,,,,,,,,,,
1774306389.50448,pure_pursuit,DETECTION,hold_and_stop,0,234,0.2812719103601164,0.30628223453383085,242,1.0,0.0,0.0,0.0,0.0,0.8,0.45,0.0,2000,1500,0.6803125,0,0,1,,both,1,1,14,17,1,85.66272997802615,655.8158882747443,350.18120785020864,171.889697392648,ok,0.54,,,,1.8850673886153302,6,-0.752983412910548,0.415839746475329,-0.7529834129105479,39,1,real,200,640,360,,21.82602882385254,0.0,27.341365814208984,real,straight,77,51,3087,3052,3052,3096,3059,3059,53898,0,26,142,179,55,55,none,0.0,0.0,-1.7302394674190964,29,14,0,28,0,0,0,straight,1,49,51,,0.0,0.0,17,60,0,17,23,1,1,0,0.9038703314834909,1,1,0,2.3367011615854723,0,,both,0,,,,,,,,,,
1774306389.5828428,pure_pursuit,DETECTION,hold_and_stop,0,234,0.2812719103601164,0.30628223453383085,242,1.0,0.0,0.0,0.0,0.0,0.8,0.45,0.0,2000,1500,0.5803125,0,1,1,,both,1,1,4,17,1,81.60099587897619,650.3056804434959,348.31920650733167,171.3718581607462,ok,0.54,,,,1.8995733994671409,6,-0.752983412910548,0.415839746475329,-0.7529834129105479,40,1,real,200,640,360,,23.001432418823242,0.0,34.00564193725586,real,straight,57,43,3070,2994,2994,3080,3002,3002,53898,0,26,142,179,55,55,none,0.0,0.0,-1.4248867474986469,22,4,0,8,0,0,0,straight,1,49,43,,0.0,0.0,17,60,0,17,23,1,1,0,0.9942831563379784,1,1,0,7.154372668191413,0,,both,0,,,,,,,,,,
1774306389.6674838,pure_pursuit,DETECTION,hold_and_stop,0,234,0.2812719103601164,0.30628223453383085,242,1.0,0.0,0.0,0.0,0.0,0.8,0.45,0.0,2000,1500,0.6903125,0,0,1,,both,1,1,15,17,1,78.17176530175786,646.6294388091305,347.0339110429194,171.2421362209511,ok,0.54,,,,1.926176933382543,6,-0.752983412910548,0.415839746475329,-0.7529834129105479,41,1,real,200,640,360,,16.527891159057617,0.0,21.526336669921875,real,straight,64,57,3076,3011,3011,3084,3019,3019,53898,0,26,142,179,55,55,none,0.0,0.0,-1.5726650936860551,26,8,7,16,14,0,0,straight,1,48,43,,0.0,0.0,17,60,0,17,23,1,1,0,0.8382342070996278,1,1,0,4.714185936174541,0,,both,0,,,,,,,,,,
1774306389.7405548,pure_pursuit,DETECTION,hold_and_stop,0,234,0.2812719103601164,0.30628223453383085,242,1.0,0.0,0.0,0.0,0.0,0.8,0.45,0.0,2000,1500,0.6703125000000001,0,0,1,,both,1,1,13,17,1,76.54482437115124,643.9167447998306,345.8668677590745,170.89357846131134,ok,0.54,,,,1.9549541515267803,6,-0.752983412910548,0.415839746475329,-0.7529834129105479,42,1,real,200,640,360,,19.003868103027344,0.0,25.01702308654785,real,straight,75,43,3047,2968,2968,3055,2974,2974,53898,0,26,142,179,55,55,none,0.0,0.0,-1.9638070853557679,26,13,0,26,0,0,0,straight,1,49,43,,0.0,0.0,17,60,0,17,23,1,1,0,0.25375367901136914,1,1,0,3.906724599517146,0,,both,0,,,,,,,,,,
1774306389.81611,pure_pursuit,DETECTION,hold_and_stop,0,234,0.2812719103601164,0.30628223453383085,242,1.0,0.0,0.0,0.0,0.0,0.8,0.45,0.0,2000,1500,0.6603125000000001,0,0,1,,both,1,1,12,17,1,75.2534640109944,642.7246594948649,345.0523117916442,170.91444352209402,ok,0.54,,,,1.985294914694515,6,-0.752983412910548,0.415839746475329,-0.7529834129105479,43,1,real,200,640,360,,23.01788330078125,1.001596450805664,31.01515769958496,real,straight,72,43,3014,2955,2955,3023,2963,2963,53898,0,26,142,179,55,55,none,0.0,0.0,-2.334312689408364,24,12,0,24,0,0,0,straight,1,48,43,,0.0,0.0,17,60,0,17,23,1,1,0,1.1465161355854492,1,1,0,3.423940084541481,0,,both,0,,,,,,,,,,
1774306389.898154,pure_pursuit,DETECTION,hold_and_stop,0,234,0.2812719103601164,0.30628223453383085,242,1.0,0.0,0.0,0.0,0.0,0.8,0.45,0.0,2000,1500,0.5403125,0,1,1,,both,1,1,0,17,1,75.26589920699422,641.9475644078507,344.42150756950895,170.68224946396154,ok,0.54,,,,2.022976567661322,6,-0.752983412910548,0.415839746475329,-0.7529834129105479,44,1,real,200,640,360,,18.510818481445312,0.0,24.514198303222656,real,straight,48,43,3009,2957,2957,3018,2964,2964,53898,0,26,142,179,55,55,none,0.0,0.0,-2.742322304250308,25,0,0,0,0,0,0,straight,1,48,43,,0.0,0.0,17,60,0,17,23,1,1,0,1.7424835952996631,1,1,0,3.229660508763932,0,,both,0,,,,,,,,,,
1774306389.9736774,pure_pursuit,DETECTION,hold_and_stop,0,234,0.2812719103601164,0.30628223453383085,242,1.0,0.0,0.0,0.0,0.0,0.8,0.45,0.0,2000,1500,0.7003125,0,0,1,,both,1,1,16,17,1,73.06866210225411,638.8192200107471,343.32876759723945,170.37093126244665,ok,0.54,,,,2.059348159762751,6,-0.752983412910548,0.415839746475329,-0.7529834129105479,45,1,real,200,640,360,,18.0051326751709,0.0,26.514053344726562,real,straight,74,49,3021,2966,2966,3028,2971,2971,53898,0,26,142,179,55,55,none,0.0,0.0,-3.255254109469604,27,13,3,26,6,0,0,straight,1,48,43,,0.0,0.0,17,60,0,17,23,1,1,0,0.7151713510017336,1,1,0,3.235022682974959,0,,both,0,,,,,,,,,,
1774306390.0513675,pure_pursuit,DETECTION,hold_and_stop,0,234,0.2812719103601164,0.30628223453383085,242,1.0,0.0,0.0,0.0,0.0,0.8,0.45,0.0,2000,1500,0.6803125,0,0,1,,both,1,1,14,17,1,72.52976563972032,638.2002211584065,342.99809558512663,170.34221828142765,ok,0.54,,,,2.0692647376231603,6,-0.752983412910548,0.415839746475329,-0.7529834129105479,46,1,real,200,640,360,,20.174503326416016,0.0,25.582551956176758,real,straight,74,45,2997,2944,2944,2999,2945,2945,53898,0,26,142,179,55,55,none,0.0,0.0,-3.801983163806483,27,13,1,26,2,0,0,straight,1,48,43,,0.0,0.0,17,60,0,17,23,1,1,0,2.995315387618554,1,1,0,2.2722068729287126,0,,both,0,,,,,,,,,,
1774306390.1281602,pure_pursuit,DETECTION,hold_and_stop,0,234,0.2812719103601164,0.30628223453383085,242,1.0,0.0,0.0,0.0,0.0,0.8,0.45,0.0,2000,1500,0.725625,0,0,1,,both,1,1,21,18,1,73.39152489980437,641.1618127984102,343.1452782399711,171.00843139898902,ok,0.54,,,,2.0377474989915942,6,-0.752983412910548,0.415839746475329,-0.7529834129105479,47,1,real,200,640,360,,22.910356521606445,0.0,30.49325942993164,real,straight,77,55,2995,2938,2938,2995,2938,2938,53898,0,26,142,179,55,55,none,0.0,0.0,-3.897117630562775,30,15,6,30,12,0,0,straight,1,47,43,,0.0,0.0,18,60,0,18,23,1,1,0,1.4157535545368902,1,1,0,2.5150100934920707,0,,both,0,,,,,,,,,,
1774306390.2101736,pure_pursuit,DETECTION,hold_and_stop,0,234,0.2812719103601164,0.30628223453383085,242,1.0,0.0,0.0,0.0,0.0,0.8,0.45,0.0,2000,1500,0.565625,0,1,1,,both,1,1,2,18,1,73.09197120684031,640.6489204097152,342.28828155650524,170.95390293338235,ok,0.54,,,,2.0501341992365347,6,-0.752983412910548,0.415839746475329,-0.7529834129105479,48,1,real,200,640,360,,21.105527877807617,0.0,26.093721389770508,real,straight,52,43,3005,2942,2942,3006,2942,2942,53898,0,26,142,179,55,55,none,0.0,0.0,-4.157731123256667,26,2,0,4,0,0,0,straight,1,48,43,,0.0,0.0,18,60,0,18,23,1,1,0,2.62016452825978,1,1,0,2.5410841581047814,0,,both,0,,,,,,,,,,
1774306390.2868996,pure_pursuit,DETECTION,hold_and_stop,0,234,0.2812719103601164,0.30628223453383085,242,1.0,0.0,0.0,0.0,0.0,0.8,0.45,0.0,2000,1500,0.545625,0,2,1,,both,1,1,0,18,1,73.02537633518273,641.182331177965,341.28095907796416,171.162291488279,ok,0.54,,,,2.0568783443831515,6,-0.752983412910548,0.415839746475329,-0.7529834129105479,49,1,real,200,640,360,,22.086620330810547,0.0,27.694225311279297,real,straight,48,43,2999,2929,2929,2999,2929,2929,53898,0,26,142,179,55,55,none,0.0,0.0,-4.493525366945391,29,0,0,0,0,0,0,straight,1,48,43,,0.0,0.0,18,60,0,18,24,1,1,0,3.121648417659644,1,1,0,1.3462889115723526,0,,both,0,,,,,,,,,,
1774306390.365767,pure_pursuit,DETECTION,hold_and_stop,0,234,0.2812719103601164,0.30628223453383085,242,1.0,0.0,0.0,0.0,0.0,0.8,0.45,0.0,2000,1500,0.645625,0,0,1,,both,1,1,10,18,1,71.69185933448135,640.4562875187462,340.41969742527124,171.34096923583635,ok,0.54,,,,2.053330014567837,6,-0.752983412910548,0.415839746475329,-0.7529834129105479,50,1,real,200,640,360,,19.611597061157227,0.0,28.010129928588867,real,straight,66,44,2956,2920,2920,2956,2920,2920,53898,0,26,142,179,55,55,none,0.0,0.0,-4.779149477609678,26,9,1,18,2,0,0,straight,1,48,42,,0.0,0.0,18,60,0,18,24,1,1,0,3.4966013497874604,1,1,0,1.2041399506463837,0,,both,0,,,,,,,,,,
1774306390.444803,pure_pursuit,DETECTION,hold_and_stop,0,234,0.2812719103601164,0.30628223453383085,242,1.0,0.0,0.0,0.0,0.0,0.8,0.45,0.0,2000,1500,0.615625,0,0,1,,both,1,1,7,18,1,68.93766817176106,638.2020719242034,338.90718868889996,171.4690005768098,ok,0.54,,,,2.0496100960733923,6,-0.752983412910548,0.415839746475329,-0.7529834129105479,51,1,real,200,640,360,,34.04951095581055,0.0,40.4813289642334,real,straight,58,44,2910,2870,2870,2910,2870,2870,53898,0,26,142,179,55,55,none,0.0,0.0,-4.865185167381469,26,6,1,12,2,0,0,straight,1,46,42,,0.0,0.0,18,60,0,18,24,1,1,0,3.975163863667701,1,1,0,1.420874874261574,0,,both,0,,,,,,,,,,
1774306390.5354688,pure_pursuit,DETECTION,hold_and_stop,0,234,0.2812719103601164,0.30628223453383085,242,1.0,0.0,0.0,0.0,0.0,0.8,0.45,0.0,2000,1500,0.545625,0,1,1,,both,1,1,0,18,1,70.74599522961714,641.0212395023337,338.6914856091827,171.83247789019373,ok,0.54,,,,2.0498458067317396,6,-0.752983412910548,0.415839746475329,-0.7529834129105479,52,1,real,200,640,360,,19.946575164794922,0.0,25.789976119995117,real,straight,49,42,2902,2859,2859,2902,2859,2859,53898,0,26,142,179,55,55,none,0.0,0.0,-4.992187218931576,22,0,0,0,0,0,0,straight,1,49,42,,0.0,0.0,18,60,0,18,24,1,1,0,2.9170033547773713,1,1,0,1.3374578835691522,0,,both,0,,,,,,,,,,
1774306390.6122067,pure_pursuit,DETECTION,hold_and_stop,0,234,0.2812719103601164,0.30628223453383085,242,1.0,0.0,0.0,0.0,0.0,0.8,0.45,0.0,2000,1500,0.6609375000000001,0,0,1,,both,1,1,11,19,1,69.4200787983896,640.5799728808599,337.70590041351795,172.10095462151577,ok,0.54,,,,1.9761546758482538,6,-0.752983412910548,0.415839746475329,-0.7529834129105479,53,1,real,200,640,360,,21.085023880004883,0.0,27.625322341918945,real,straight,70,42,2912,2880,2880,2912,2880,2880,53898,0,26,142,179,55,55,none,0.0,0.0,-5.216668720044538,24,11,0,22,0,0,0,straight,1,48,42,,0.0,0.0,19,60,0,19,24,1,1,0,2.9880006200505727,1,1,0,0.8074143175436252,0,,both,0,,,,,,,,,,
1774306390.6906369,pure_pursuit,DETECTION,hold_and_stop,0,234,0.2812719103601164,0.30628223453383085,242,1.0,0.0,0.0,0.0,0.0,0.8,0.45,0.0,2000,1500,0.6009375,0,0,1,,both,1,1,5,19,1,66.50878721275049,638.3324351007301,335.7795754361302,172.28410580021762,ok,0.54,,,,1.9562010718065812,6,-0.752983412910548,0.415839746475329,-0.7529834129105479,54,1,real,200,640,360,,26.912689208984375,0.0,37.07242012023926,real,straight,52,46,2867,2821,2821,2867,2821,2821,53898,0,26,142,179,55,55,none,0.0,0.0,-5.932114024385271,25,3,2,6,4,0,0,straight,1,46,42,,0.0,0.0,19,60,0,19,25,1,1,0,7.290876764107916,1,1,0,1.4624373942885975,0,,both,0,,,,,,,,,,
1774306390.778961,pure_pursuit,DETECTION,hold_and_stop,0,234,0.2812719103601164,0.30628223453383085,242,1.0,0.0,0.0,0.0,0.0,0.8,0.45,0.0,2000,1500,0.6709375000000001,0,0,1,,both,1,1,12,19,1,64.16656512683032,636.1001663542597,334.3087827183952,172.2976172646467,ok,0.54,,,,1.926442148403145,6,-0.752983412910548,0.415839746475329,-0.7529834129105479,55,1,real,200,640,360,,25.038480758666992,0.0,34.87372398376465,real,straight,70,42,2852,2810,2810,2852,2810,2810,53898,0,26,142,179,55,55,none,0.0,0.0,-5.663471128403046,26,12,0,24,0,0,0,straight,1,46,42,,0.0,0.0,19,60,0,19,25,1,1,0,4.983777694742492,1,1,0,0.2865474665051901,0,,both,0,,,,,,,,,,
1774306390.8643148,pure_pursuit,DETECTION,hold_and_stop,0,234,0.2812719103601164,0.30628223453383085,242,1.0,0.0,0.0,0.0,0.0,0.8,0.45,0.0,2000,1500,0.6109375,0,0,1,,both,1,1,6,19,1,59.37997656716782,630.4195727908576,331.54219041922585,171.97571278273443,ok,0.54,,,,1.885989438296891,6,-0.752983412910548,0.415839746475329,-0.7529834129105479,56,1,real,200,640,360,,34.69109535217285,0.0,42.672157287597656,real,straight,55,44,2830,2810,2810,2830,2810,2810,53898,0,26,142,179,55,55,none,0.0,0.0,-5.329907812294323,21,5,1,10,2,0,0,straight,1,45,42,,0.0,0.0,19,60,0,19,25,1,1,0,8.260766723184597,1,1,0,1.6013864646382785,0,,both,0,,,,,,,,,,
1774306390.9588413,pure_pursuit,DETECTION,hold_and_stop,0,234,0.2812719103601164,0.30628223453383085,242,1.0,0.0,0.0,0.0,0.0,0.8,0.45,0.0,2000,1500,0.6309375,0,0,1,,both,1,1,8,19,1,57.01715539867263,627.8819174036082,329.7459236701856,171.91054901936772,ok,0.54,,,,1.8404126278437614,6,-0.752983412910548,0.415839746475329,-0.7529834129105479,57,1,real,200,640,360,,22.725820541381836,0.0,30.672550201416016,real,straight,61,41,2823,2790,2790,2823,2790,2790,53898,0,26,142,179,55,55,none,0.0,0.0,-4.9186681895773745,22,8,0,16,0,0,0,straight,1,45,41,,0.0,0.0,19,60,0,19,25,1,1,0,5.836124469411828,1,1,0,0.7584801983901789,0,,both,0,,,,,,,,,,
1774306391.0411432,pure_pursuit,DETECTION,hold_and_stop,0,234,0.2812719103601164,0.30628223453383085,242,1.0,0.0,0.0,0.0,0.0,0.8,0.45,0.0,2000,1500,0.67625,0,0,1,,both,1,1,12,20,1,54.92295778347246,624.8543683250277,328.5960581096338,171.60481186708643,ok,0.54,,,,1.6350426248178418,6,-0.752983412910548,0.415839746475329,-0.7529834129105479,58,1,real,200,640,360,,31.01205825805664,0.0,40.538787841796875,real,straight,69,41,2815,2771,2771,2815,2771,2771,53898,0,26,142,179,55,55,none,0.0,0.0,-4.438050410947255,28,12,0,24,0,0,0,straight,1,45,41,,0.0,0.0,20,60,0,20,25,1,1,0,5.060439279007541,1,1,0,0.9643769112986433,0,,both,0,,,,,,,,,,
1774306391.1325352,pure_pursuit,DETECTION,hold_and_stop,0,234,0.2812719103601164,0.30628223453383085,242,1.0,0.0,0.0,0.0,0.0,0.8,0.45,0.0,2000,1500,0.69625,0,0,1,,both,1,1,14,20,1,57.28962836125012,627.9619018702775,329.57234849334486,171.85932188627524,ok,0.54,,,,1.6079246112012209,6,-0.752983412910548,0.415839746475329,-0.7529834129105479,59,1,real,200,640,360,,31.969070434570312,0.0,41.95356369018555,real,straight,71,51,2928,2887,2887,2928,2887,2887,53898,0,26,142,179,55,55,none,0.0,0.0,-2.248086025439761,26,13,1,26,2,0,0,straight,1,45,49,,0.0,0.0,20,60,0,20,25,1,1,0,2.9906591696900704,1,1,0,6.464182251985033,0,,both,0,,,,,,,,,,
1774306391.2256813,pure_pursuit,DETECTION,hold_and_stop,0,234,0.2812719103601164,0.30628223453383085,242,1.0,0.0,0.0,0.0,0.0,0.8,0.45,0.0,2000,1500,0.6009375,0,0,1,,both,1,1,5,19,1,60.678178411380244,632.1355220950647,331.01242102569654,172.14454261926824,ok,0.54,,,,1.4418306207218738,5,-0.752983412910548,0.415839746475329,-0.7529834129105479,60,1,real,200,640,360,,31.78858757019043,0.0,41.17584228515625,real,straight,55,49,2954,2904,2904,2954,2904,2904,53898,0,26,142,179,55,55,none,0.0,0.0,-1.7673119643853852,27,5,0,10,0,0,0,straight,1,45,49,,0.0,0.0,19,60,0,19,25,1,1,0,1.4080617725128193,1,1,0,6.5335908491859715,0,,both,0,,,,,,,,,,
1774306391.3174021,pure_pursuit,DETECTION,hold_and_stop,0,234,0.2812719103601164,0.30628223453383085,242,1.0,0.0,0.0,0.0,0.0,0.8,0.45,0.0,2000,1500,0.6709375000000001,0,0,1,,both,1,1,12,19,1,65.24411493144834,636.0115365228365,332.4544249808235,172.00602736127408,ok,0.54,,,,1.4251267284046953,5,-0.752983412910548,0.415839746475329,-0.7529834129105479,61,1,real,200,640,360,,33.79631042480469,0.0,41.45097732543945,real,straight,69,47,2984,2904,2904,2984,2904,2904,53898,0,26,142,179,55,55,none,0.0,0.0,0.9838452797374089,25,12,0,24,0,0,0,straight,1,45,47,,0.0,0.0,19,60,0,19,25,1,1,0,1.3096054085433242,1,1,0,5.574970575146092,0,,both,0,,,,,,,,,,
1774306391.4100754,pure_pursuit,DETECTION,hold_and_stop,0,234,0.2812719103601164,0.30628223453383085,242,1.0,0.0,0.0,0.0,0.0,0.8,0.45,0.0,2000,1500,0.6709375000000001,0,0,1,,both,1,1,12,19,1,66.6993153553952,637.7175791239368,333.09278849771397,172.10733701278986,ok,0.54,,,,1.400489849599905,5,-0.752983412910548,0.415839746475329,-0.7529834129105479,62,1,real,200,640,360,,22.731304168701172,0.0,33.55050086975098,real,straight,65,54,2958,2930,2930,2958,2930,2930,53898,0,26,142,179,55,55,none,0.0,0.0,1.1552062739552298,29,10,2,20,4,0,0,straight,1,45,50,,0.0,0.0,19,60,0,19,25,1,1,0,1.9415758481807037,1,1,0,4.214366736295788,0,,both,0,,,,,,,,,,
1774306391.4948754,pure_pursuit,DETECTION,hold_and_stop,0,234,0.2812719103601164,0.30628223453383085,242,1.0,0.0,0.0,0.0,0.0,0.8,0.45,0.0,2000,1500,0.6909375,0,0,1,,both,1,1,14,19,1,65.90272020871416,638.4421649268648,332.7466465822506,172.57318982256382,ok,0.54,,,,1.3796328691012303,5,-0.752983412910548,0.415839746475329,-0.7529834129105479,63,1,real,200,640,360,,23.8950252532959,0.0,36.92436218261719,real,straight,71,53,2978,2960,2960,2978,2960,2960,53898,0,26,142,179,55,55,none,0.0,0.0,1.4596868971678418,30,13,1,26,2,0,0,straight,1,45,51,,0.0,0.0,19,60,0,19,25,1,1,0,1.7927606551030075,1,1,0,1.1360731938890618,0,,both,0,,,,,,,,,,
1774306391.5822477,pure_pursuit,DETECTION,hold_and_stop,0,234,0.2812719103601164,0.30628223453383085,242,1.0,0.0,0.0,0.0,0.0,0.8,0.45,0.0,2000,1500,0.64625,0,0,1,,both,1,1,9,20,1,66.20748607655148,638.2350090491107,332.46200172410926,172.429009161637,ok,0.54,,,,1.2860302167549638,6,-0.752983412910548,0.415839746475329,-0.7529834129105479,64,1,real,200,640,360,,30.770540237426758,0.0,39.72792625427246,real,straight,63,50,2938,2902,2902,2938,2902,2902,53898,0,26,142,179,55,55,none,0.0,0.0,1.5894952786173349,27,9,0,18,0,0,0,straight,1,45,50,,0.0,0.0,20,60,0,20,25,1,1,0,1.7149633985246642,1,1,0,1.0326428961246203,0,,both,0,,,,,,,,,,
1774306391.6734195,pure_pursuit,DETECTION,hold_and_stop,0,234,0.2812719103601164,0.30628223453383085,242,1.0,0.0,0.0,0.0,0.0,0.8,0.45,0.0,2000,1500,0.67625,0,0,1,,both,1,1,12,20,1,64.47106225122553,636.1843972197252,331.78952695529904,172.3001515828546,ok,0.54,,,,1.2765218427950116,6,-0.752983412910548,0.415839746475329,-0.7529834129105479,65,1,real,200,640,360,,24.135112762451172,0.0,33.215999603271484,real,straight,63,56,2948,2927,2927,2948,2927,2927,53898,0,26,142,179,55,55,none,0.0,0.0,2.464826277115435,27,9,3,18,6,0,0,straight,1,45,50,,0.0,0.0,20,60,0,20,25,1,1,0,2.613005615670238,1,1,0,0.39880192101620743,0,,both,0,,,,,,,,,,
1774306391.7568715,pure_pursuit,DETECTION,hold_and_stop,0,234,0.2812719103601164,0.30628223453383085,242,1.0,0.0,0.0,0.0,0.0,0.8,0.45,0.0,2000,1500,0.63625,0,0,1,,both,1,1,8,20,1,63.239620019359414,634.4929493978807,331.37615493602976,172.13406668899765,ok,0.54,,,,1.257964700632642,6,-0.752983412910548,0.415839746475329,-0.7529834129105479,66,1,real,200,640,360,,27.91452407836914,0.0,35.42804718017578,real,straight,61,53,2992,2984,2984,2992,2984,2984,53898,0,26,142,179,55,55,none,0.0,0.0,2.6056528405137556,29,8,0,16,0,0,0,straight,1,45,53,,0.0,0.0,20,60,0,20,25,1,1,0,2.337357590821642,1,1,0,0.7909502989145882,0,,both,0,,,,,,,,,,
1774306391.8429725,pure_pursuit,DETECTION,hold_and_stop,0,234,0.2812719103601164,0.30628223453383085,242,1.0,0.0,0.0,0.0,0.0,0.8,0.45,0.0,2000,1500,0.5809375,0,1,1,,both,1,1,3,19,1,61.68641081602066,632.413454745104,330.9959122189474,171.94031877304664,ok,0.54,,,,1.1319410592719727,6,-0.752983412910548,0.415839746475329,-0.7529834129105479,67,1,real,200,640,360,,33.89286994934082,0.0,43.90263557434082,real,straight,51,52,2999,2973,2973,2999,2973,2973,53898,0,26,142,179,55,55,none,0.0,0.0,2.9244571721109196,29,3,0,6,0,0,0,straight,1,45,52,,0.0,0.0,19,60,0,19,25,1,1,0,2.5211218520303635,1,1,0,1.2698349197126884,0,,both,0,,,,,,,,,,
1774306391.937438,pure_pursuit,DETECTION,hold_and_stop,0,234,0.2812719103601164,0.30628223453383085,242,1.0,0.0,0.0,0.0,0.0,0.8,0.45,0.0,2000,1500,0.5909375,0,2,1,,both,1,1,4,19,1,60.51218951229121,630.5475893175377,331.1148934404017,171.69547497662916,ok,0.54,,,,1.1209150467920128,6,-0.752983412910548,0.415839746475329,-0.7529834129105479,68,1,real,200,640,360,,32.96852111816406,0.0,41.03565216064453,real,straight,53,53,3026,3008,3008,3026,3008,3008,53898,0,26,142,179,55,55,none,0.0,0.0,4.679326378327687,25,4,0,8,0,0,0,straight,1,45,53,,0.0,0.0,19,60,0,19,25,1,1,0,1.9728042478018106,1,1,0,1.69437970418545,0,,both,0,,,,,,,,,,
1774306392.0293934,pure_pursuit,DETECTION,hold_and_stop,0,234,0.2812719103601164,0.30628223453383085,242,1.0,0.0,0.0,0.0,0.0,0.8,0.45,0.0,2000,1500,0.6009375,0,0,1,,both,1,1,5,19,1,62.041318062209335,631.3621815365328,332.1108930922392,171.48441916809261,ok,0.54,,,,1.1165276934196502,6,-0.752983412910548,0.415839746475329,-0.7529834129105479,69,1,real,200,640,360,,18.51344108581543,0.0,25.87294578552246,real,straight,55,53,3027,3010,3010,3027,3010,3010,53898,0,26,142,179,55,55,none,0.0,0.0,4.822670970160857,23,5,0,10,0,0,0,straight,1,45,53,,0.0,0.0,19,60,0,19,25,1,1,0,2.6726983485664837,1,1,0,1.463666995889026,0,,both,0,,,,,,,,,,
1774306392.1059554,pure_pursuit,DETECTION,hold_and_stop,0,234,0.2812719103601164,0.30628223453383085,242,1.0,0.0,0.0,0.0,0.0,0.8,0.45,0.0,2000,1500,0.5509375000000001,0,1,1,,both,1,1,0,19,1,61.657883569170416,630.6824293292437,332.5341618028404,171.3753564020178,ok,0.54,,,,1.1095042876199221,6,-0.752983412910548,0.415839746475329,-0.7529834129105479,70,1,real,200,640,360,,35.69173812866211,0.0,43.695926666259766,real,straight,46,53,3029,3012,3012,3029,3012,3012,53898,0,26,142,179,55,55,none,0.0,0.0,4.799523246299657,25,0,0,0,0,0,0,straight,1,46,53,,0.0,0.0,19,60,0,19,25,1,1,0,1.1337414124744531,1,1,0,1.3168449024153224,0,,both,0,,,,,,,,,,
1774306392.2004035,pure_pursuit,DETECTION,hold_and_stop,0,234,0.2812719103601164,0.30628223453383085,242,1.0,0.0,0.0,0.0,0.0,0.8,0.45,0.0,2000,1500,0.6009375,0,0,1,,both,1,1,5,19,1,59.541046452477524,628.0746093601682,332.28649525674143,171.1882586976775,ok,0.54,,,,1.0966679938897883,6,-0.752983412910548,0.415839746475329,-0.7529834129105479,71,1,real,200,640,360,,32.07993507385254,0.0,39.98231887817383,real,straight,56,53,3024,3015,3015,3024,3015,3015,53898,0,26,142,179,55,55,none,0.0,0.0,4.8117376905616425,24,5,0,10,0,0,0,straight,1,46,53,,0.0,0.0,19,60,0,19,25,1,1,0,2.2272317932045618,1,1,0,1.2403314265705252,0,,both,0,,,,,,,,,,
1774306392.2916617,pure_pursuit,DETECTION,hold_and_stop,0,234,0.2812719103601164,0.30628223453383085,242,1.0,0.0,0.0,0.0,0.0,0.8,0.45,0.0,2000,1500,0.6009375,0,0,1,,both,1,1,5,19,1,58.082735838761586,625.5258161392003,331.8865127115611,170.83473018844037,ok,0.54,,,,1.0804712579870612,6,-0.752983412910548,0.415839746475329,-0.7529834129105479,72,1,real,200,640,360,,21.112918853759766,0.0,27.077436447143555,real,straight,56,52,3002,2995,2995,3002,2995,2995,53898,0,26,142,179,55,55,none,0.0,0.0,4.950716433445223,25,5,0,10,0,0,0,straight,1,46,52,,0.0,0.0,19,60,0,19,25,1,1,0,2.190470706294376,1,1,0,0.7724246845356589,0,,both,0,,,,,,,,,,
1774306392.3694322,pure_pursuit,DETECTION,hold_and_stop,0,234,0.2812719103601164,0.30628223453383085,242,1.0,0.0,0.0,0.0,0.0,0.8,0.45,0.0,2000,1500,0.5909375,0,1,1,,both,1,1,4,19,1,58.21752654414969,625.9842399833767,332.25707905761664,170.9309940105067,ok,0.54,,,,1.0651070862098102,6,-0.752983412910548,0.415839746475329,-0.7529834129105479,73,1,real,200,640,360,,20.203351974487305,0.0,27.305126190185547,real,straight,53,51,2986,2970,2970,2986,2970,2970,53898,0,26,142,179,55,55,none,0.0,0.0,5.166509676022201,24,4,0,8,0,0,0,straight,1,45,51,,0.0,0.0,19,60,0,19,25,1,1,0,0.6911919906355227,1,1,0,1.0099683617206903,0,,both,0,,,,,,,,,,
1774306392.4478972,pure_pursuit,DETECTION,hold_and_stop,0,234,0.2812719103601164,0.30628223453383085,242,1.0,0.0,0.0,0.0,0.0,0.8,0.45,0.0,2000,1500,0.5609375000000001,0,2,1,,both,1,1,1,19,1,57.08243441658379,624.7091229947988,331.7421755053328,170.87912861900858,ok,0.54,,,,1.0460278992452468,6,-0.752983412910548,0.415839746475329,-0.7529834129105479,74,1,real,200,640,360,,21.200180053710938,0.0,28.16319465637207,real,straight,47,51,2980,2969,2969,2980,2969,2969,53898,0,26,142,179,55,55,none,0.0,0.0,5.28843248413159,23,1,0,2,0,0,0,straight,1,45,51,,0.0,0.0,19,60,0,19,25,1,1,0,2.30094893976664,1,1,0,0.4685734627436261,0,,both,0,,,,,,,,,,
1774306392.5268507,pure_pursuit,HOLD_AND_STOP,hold_and_stop,1,234,0.2812719103601164,0.30628223453383085,242,1.0,0.0,0.0,0.0,0.0,0.0,,,2000,1500,0.5609375000000001,1,3,0,fallback_hold_and_stop,both,1,1,1,19,1,55.65774873276001,624.0228221452131,331.3241078217077,171.0928904172799,ok,,,,,,,-0.752983412910548,0.415839746475329,-0.7529834129105479,75,1,real,200,640,360,,36.466121673583984,,42.47856140136719,real,straight,47,51,2952,2940,2940,2952,2940,2940,53898,0,26,142,179,55,55,none,0.0,0.0,5.438533640242781,24,1,0,2,0,0,0,straight,1,45,51,,0.0,0.0,19,60,0,19,25,1,1,0,2.0448426281043437,1,1,0,0.5692285076464534,0,,both,0,,,,,,,,,,
1774306392.620668,pure_pursuit,DETECTION,hold_and_stop,0,234,0.2812719103601164,0.30628223453383085,242,1.0,0.0,0.0,0.0,0.0,0.8,0.45,0.0,2000,1500,0.6609375000000001,0,0,1,,both,1,1,11,19,1,56.678304238065174,624.6333705998829,331.5421161343567,170.97737071854695,ok,0.3,,,,3.6310240404123095,3,-0.752983412910548,0.415839746475329,-0.7529834129105479,76,1,real,200,640,360,,19.364118576049805,0.0,24.44911003112793,real,straight,65,53,2957,2949,2949,2957,2949,2949,53898,0,26,142,179,55,55,none,0.0,0.0,5.628669385657645,27,10,1,20,2,0,0,straight,1,45,51,,0.0,0.0,19,60,0,19,25,1,1,0,1.0833951532676191,1,1,0,0.41741696120704336,0,,both,0,,,,,,,,,,
1774306392.6962764,pure_pursuit,DETECTION,hold_and_stop,0,234,0.2812719103601164,0.30628223453383085,242,1.0,0.0,0.0,0.0,0.0,0.8,0.45,0.0,2000,1500,0.6209375,0,0,1,,both,1,1,7,19,1,54.67196717118175,623.252302708817,331.20162134674047,171.14852210289408,ok,0.54,,,,0.9977148833895522,6,-0.752983412910548,0.415839746475329,-0.7529834129105479,77,1,real,200,640,360,,20.022153854370117,0.0,27.12106704711914,real,straight,59,51,2959,2951,2951,2959,2951,2951,53898,0,26,142,179,55,55,none,0.0,0.0,5.65121724634588,27,7,0,14,0,0,0,straight,1,45,51,,0.0,0.0,19,60,0,19,25,1,1,0,1.4560953050459655,1,1,0,0.9440404564573763,0,,both,0,,,,,,,,,,
1774306392.7740319,pure_pursuit,DETECTION,hold_and_stop,0,234,0.2812719103601164,0.30628223453383085,242,1.0,0.0,0.0,0.0,0.0,0.8,0.45,0.0,2000,1500,0.6309375,0,0,1,,both,1,1,8,19,1,54.04812717998672,623.614911174954,331.1965086269534,171.4438669212175,ok,0.54,,,,0.9874849244461207,6,-0.752983412910548,0.415839746475329,-0.7529834129105479,78,1,real,200,640,360,,20.005464553833008,0.0,26.712656021118164,real,straight,61,51,2953,2939,2939,2953,2939,2939,53898,0,26,142,179,55,55,none,0.0,0.0,5.702559787544715,24,8,0,16,0,0,0,straight,1,45,51,,0.0,0.0,19,60,0,19,25,1,1,0,0.8595411883719516,1,1,0,1.0756463214515766,0,,both,0,,,,,,,,,,
1774306392.8514638,pure_pursuit,DETECTION,hold_and_stop,0,234,0.2812719103601164,0.30628223453383085,242,1.0,0.0,0.0,0.0,0.0,0.8,0.45,0.0,2000,1500,0.6109375,0,0,1,,both,1,1,6,19,1,49.695496265980566,620.4429982012542,329.87440100570063,171.77594715992606,ok,0.54,,,,0.9651114323921294,6,-0.752983412910548,0.415839746475329,-0.7529834129105479,79,1,real,200,640,360,,19.51742172241211,0.0,27.219057083129883,real,straight,57,51,2967,2953,2953,2967,2953,2953,53898,0,26,142,179,55,55,none,0.0,0.0,5.616725423603043,25,6,0,12,0,0,0,straight,1,45,51,,0.0,0.0,19,60,0,19,25,1,1,0,4.428565398373693,1,1,0,1.1490794014196817,0,,both,0,,,,,,,,,,
1774306392.9298081,pure_pursuit,DETECTION,hold_and_stop,0,234,0.2812719103601164,0.30628223453383085,242,1.0,0.0,0.0,0.0,0.0,0.8,0.45,0.0,2000,1500,0.6209375,0,0,1,,both,1,1,7,19,1,45.15406080459553,617.7035416541036,329.63117814697205,172.30064754383085,ok,0.54,,,,0.9376718288691754,6,-0.752983412910548,0.415839746475329,-0.7529834129105479,80,1,real,200,640,360,,20.10798454284668,0.0,25.97784996032715,real,straight,58,52,2966,2952,2952,2966,2952,2952,53898,0,26,142,179,55,55,none,0.0,0.0,5.704036928756636,24,7,0,14,0,0,0,straight,1,44,52,,0.0,0.0,19,60,0,19,24,1,1,0,3.835459719136776,1,1,0,1.725214045082879,0,,both,0,,,,,,,,,,
1774306393.007389,pure_pursuit,DETECTION,hold_and_stop,0,234,0.2812719103601164,0.30628223453383085,242,1.0,0.0,0.0,0.0,0.0,0.8,0.45,0.0,2000,1500,0.6109375,0,0,1,,both,1,1,6,19,1,45.003665162006655,618.5635079588736,329.7497716934783,172.60535912716546,ok,0.54,,,,0.9241992290173581,6,-0.752983412910548,0.415839746475329,-0.7529834129105479,81,1,real,200,640,360,,19.759178161621094,0.0,26.465892791748047,real,straight,57,52,2978,2973,2973,2978,2973,2973,53898,0,26,142,179,55,55,none,0.0,0.0,5.986881604174869,23,6,0,12,0,0,0,straight,1,45,52,,0.0,0.0,19,60,0,19,24,1,1,0,0.8957073192643908,1,1,0,1.0840508293423265,0,,both,0,,,,,,,,,,
1774306393.0850909,pure_pursuit,DETECTION,hold_and_stop,0,234,0.2812719103601164,0.30628223453383085,242,1.0,0.0,0.0,0.0,0.0,0.8,0.45,0.0,2000,1500,0.6709375000000001,0,0,1,,both,1,1,12,19,1,43.428516509922744,618.1833129945163,329.77668833723015,172.96269271040026,ok,0.54,,,,0.9137441859017779,6,-0.752983412910548,0.415839746475329,-0.7529834129105479,82,1,real,200,640,360,,18.065690994262695,0.0,25.05803108215332,real,straight,69,51,2971,2961,2961,2971,2961,2961,53898,0,26,142,179,55,55,none,0.0,0.0,6.040919614091592,27,12,0,24,0,0,0,straight,1,45,51,,0.0,0.0,19,60,0,19,24,1,1,0,0.7829864199617745,1,1,0,1.0924668795822754,0,,both,0,,,,,,,,,,
1774306393.1607258,pure_pursuit,DETECTION,hold_and_stop,0,234,0.2812719103601164,0.30628223453383085,242,1.0,0.0,0.0,0.0,0.0,0.8,0.45,0.0,2000,1500,0.6709375000000001,0,0,1,,both,1,1,12,19,1,42.18829048788873,617.3112416540943,329.59945431466565,173.0727208426474,ok,0.54,,,,0.9052921687870934,6,-0.752983412910548,0.415839746475329,-0.7529834129105479,83,1,real,200,640,360,,20.610570907592773,0.0,27.306795120239258,real,straight,69,51,2977,2966,2966,2977,2966,2966,53898,0,26,142,179,55,55,none,0.0,0.0,6.061139346890684,27,12,0,24,0,0,0,straight,1,45,51,,0.0,0.0,19,60,0,19,24,1,1,0,0.6662525090515572,1,1,0,0.8268024745121475,0,,both,0,,,,,,,,,,
1774306393.239637,pure_pursuit,DETECTION,hold_and_stop,0,234,0.2812719103601164,0.30628223453383085,242,1.0,0.0,0.0,0.0,0.0,0.8,0.45,0.0,2000,1500,0.6509375000000001,0,0,1,,both,1,1,10,19,1,39.81180248315607,617.3752047126704,329.66099357048125,173.80794594082093,ok,0.54,,,,0.8957070543562795,6,-0.752983412910548,0.415839746475329,-0.7529834129105479,84,1,real,200,640,360,,18.19443702697754,0.0,25.208711624145508,real,straight,64,52,2984,2978,2978,2984,2978,2978,53898,0,26,142,179,55,55,none,0.0,0.0,6.052873213283249,25,10,0,20,0,0,0,straight,1,44,52,,0.0,0.0,19,60,0,19,24,1,1,0,1.817540317393338,1,1,0,1.1603834691686776,0,,both,0,,,,,,,,,,
1774306393.3154783,pure_pursuit,DETECTION,hold_and_stop,0,234,0.2812719103601164,0.30628223453383085,242,1.0,0.0,0.0,0.0,0.0,0.8,0.4277321444908143,0.0,1975,1500,0.565625,0,1,1,,both,1,1,2,18,1,35.25626036805917,614.9724759712572,328.25316676944965,174.46213525349216,ok,0.54,,,,0.8258677713800798,6,-0.752983412910548,0.415839746475329,-0.7529834129105479,85,1,real,200,640,360,,20.392179489135742,0.0,27.56977081298828,real,straight,49,52,2977,2970,2970,2977,2970,2970,53898,0,26,142,179,55,55,none,0.0,0.0,6.073372717588541,26,2,0,4,0,0,0,straight,1,45,52,,0.0,0.0,18,60,0,18,24,1,1,0,3.8604798462649077,1,1,0,1.6714141159198144,0,,both,0,,,,,,,,,,
1774306393.3940635,pure_pursuit,DETECTION,hold_and_stop,0,234,0.2812719103601164,0.30628223453383085,242,1.0,0.0,0.0,0.0,0.0,0.8,0.43102652198902514,0.0,1979,1500,0.675625,0,0,1,,both,1,1,13,18,1,34.31745537209045,615.8890065717075,328.713225989652,175.02274919245153,ok,0.54,,,,0.8330870340663945,6,-0.752983412910548,0.415839746475329,-0.7529834129105479,86,1,real,200,640,360,,19.427776336669922,0.0,26.441574096679688,real,straight,70,51,2973,2967,2967,2973,2967,2967,53898,0,26,142,179,55,55,none,0.0,0.0,5.549446498085615,29,13,0,26,0,0,0,straight,1,44,51,,0.0,0.0,18,60,0,18,24,1,1,0,1.6599655337068455,1,1,0,1.5162007841924388,0,,both,0,,,,,,,,,,
1774306393.471206,pure_pursuit,DETECTION,hold_and_stop,0,234,0.2812719103601164,0.30628223453383085,242,1.0,0.0,0.0,0.0,0.0,0.8,0.43495609029458754,0.0,1983,1500,0.6856249999999999,0,0,1,,both,1,1,14,18,1,33.481352349835205,615.2764814899892,328.39627959470687,175.09228106446275,ok,0.54,,,,0.8417269187785408,6,-0.752983412910548,0.415839746475329,-0.7529834129105479,87,1,real,200,640,360,,20.524978637695312,0.0,29.518604278564453,real,straight,73,51,2951,2946,2946,2951,2946,2946,53898,0,26,142,179,55,55,none,0.0,0.0,5.400819653197459,26,14,0,28,0,0,0,straight,1,45,51,,0.0,0.0,18,60,0,18,24,1,1,0,0.6702804626040318,1,1,0,0.68804047184391,0,,both,0,,,,,,,,,,
1774306393.5514972,pure_pursuit,DETECTION,hold_and_stop,0,234,0.2812719103601164,0.30628223453383085,242,1.0,0.0,0.0,0.0,0.0,0.8,0.4430648907277005,0.0,1992,1500,0.595625,0,1,1,,both,1,1,5,18,1,33.65762700698153,616.9660145004476,328.5383032122197,175.5434931451615,ok,0.54,,,,0.8596560234278326,6,-0.752983412910548,0.415839746475329,-0.7529834129105479,88,1,real,200,640,360,,18.096446990966797,0.0,24.705171585083008,real,straight,55,48,2932,2902,2902,2942,2902,2902,53898,0,26,142,179,55,55,none,0.0,0.0,5.23014345638137,21,5,0,10,0,0,0,straight,1,45,48,,0.0,0.0,18,60,0,18,24,1,1,0,2.5259761218052055,1,1,0,1.352881395485478,0,,both,0,,,,,,,,,,
1774306393.6272151,pure_pursuit,DETECTION,hold_and_stop,0,234,0.2812719103601164,0.30628223453383085,242,1.0,0.0,0.0,0.0,0.0,0.8,0.45,0.0,2000,1500,0.555625,0,2,1,,both,1,1,1,18,1,29.849570124411812,615.5134454369056,327.59099190458295,176.26217038124085,ok,0.54,,,,0.8801906807106883,6,-0.752983412910548,0.415839746475329,-0.7529834129105479,89,1,real,200,640,360,,22.11475372314453,0.0,26.69215202331543,real,straight,45,47,2893,2878,2878,2901,2878,2878,53898,0,26,142,179,55,55,none,0.0,0.0,4.821715308233252,23,0,1,0,2,0,0,straight,1,45,45,,0.0,0.0,18,60,0,18,23,1,1,0,1.9876408284131821,1,1,0,3.5140757355214145,0,,both,0,,,,,,,,,,
1774306393.7044709,pure_pursuit,HOLD_AND_STOP,hold_and_stop,1,234,0.2812719103601164,0.30628223453383085,242,1.0,0.0,0.0,0.0,0.0,0.0,,,2000,1500,0.545625,1,3,0,fallback_hold_and_stop,both,1,1,0,18,1,27.898860653298396,615.7528404484026,327.1246608362607,176.924030493306,ok,,,,,,,-0.752983412910548,0.415839746475329,-0.7529834129105479,90,1,real,200,640,360,,20.0960636138916,,25.705575942993164,real,straight,45,45,2846,2838,2838,2855,2838,2838,53898,0,26,142,179,55,55,none,0.0,0.0,4.245351029915469,22,0,0,0,0,0,0,straight,1,45,45,,0.0,0.0,18,60,0,18,23,1,1,0,1.4663579030696838,1,1,0,1.741083853376561,0,,both,0,,,,,,,,,,
1774306393.7813673,pure_pursuit,DETECTION,hold_and_stop,0,234,0.2812719103601164,0.30628223453383085,242,1.0,0.0,0.0,0.0,0.0,0.8,0.45,0.0,2000,1500,0.615625,0,0,1,,both,1,1,7,18,1,27.558335032273426,617.8623333465816,327.5560771576237,177.65794926144028,ok,0.3,,,,3.222190314897792,3,-0.752983412910548,0.415839746475329,-0.7529834129105479,91,1,real,200,640,360,,21.991968154907227,0.0,28.800010681152344,real,straight,58,45,2854,2842,2842,2861,2842,2842,53898,0,26,142,179,55,55,none,0.0,0.0,3.6669152370956795,21,7,0,14,0,0,0,straight,1,44,45,,0.0,0.0,18,60,0,18,23,1,1,0,2.47061622257064,1,1,0,1.0455529838666933,0,,both,0,,,,,,,,,,
1774306393.8612819,pure_pursuit,DETECTION,hold_and_stop,0,234,0.2812719103601164,0.30628223453383085,242,1.0,0.0,0.0,0.0,0.0,0.8,0.45,0.0,2000,1500,0.585625,0,1,1,,both,1,1,4,18,1,28.896294878320937,620.8258725456407,328.1630077473607,178.13812366258094,ok,0.54,,,,0.9504057715344589,6,-0.752983412910548,0.415839746475329,-0.7529834129105479,92,1,real,200,640,360,,19.624948501586914,0.0,26.213645935058594,real,straight,52,45,2862,2852,2852,2870,2852,2852,53898,0,26,142,179,55,55,none,0.0,0.0,3.086799655390621,24,4,0,8,0,0,0,straight,1,44,45,,0.0,0.0,18,60,0,18,23,1,1,0,2.128850092123989,1,1,0,0.8916247852846036,0,,both,0,,,,,,,,,,
1774306393.9380841,pure_pursuit,DETECTION,hold_and_stop,0,234,0.2812719103601164,0.30628223453383085,242,1.0,0.0,0.0,0.0,0.0,0.8,0.45,0.0,2000,1500,0.545625,0,2,1,,both,1,1,0,18,1,32.01643386021817,625.8067110905016,329.27712700760094,178.69038865748092,ok,0.54,,,,0.9776308519970375,6,-0.752983412910548,0.415839746475329,-0.7529834129105479,93,1,real,200,640,360,,20.524263381958008,0.0,26.634693145751953,real,straight,44,45,2894,2869,2869,2901,2869,2869,53898,0,26,142,179,55,55,none,0.0,0.0,2.5409434198164718,24,0,0,0,0,0,0,straight,1,44,45,,0.0,0.0,18,60,0,18,25,1,1,0,3.85009590108543,1,1,0,1.213412868533092,0,,both,0,,,,,,,,,,
1774306394.0156543,pure_pursuit,HOLD_AND_STOP,hold_and_stop,1,234,0.2812719103601164,0.30628223453383085,242,1.0,0.0,0.0,0.0,0.0,0.0,,,2000,1500,0.555625,1,3,0,fallback_hold_and_stop,both,1,1,1,18,1,34.900989791629755,630.6629593335338,330.49061441661723,179.2873576539146,ok,,,,,,,-0.752983412910548,0.415839746475329,-0.7529834129105479,94,1,real,200,640,360,,20.56574821472168,,25.570392608642578,real,straight,44,47,2899,2881,2881,2905,2881,2881,53898,0,26,142,179,55,55,none,0.0,0.0,1.9560816841893143,23,0,1,0,2,0,0,straight,1,44,45,,0.0,0.0,18,60,0,18,25,1,1,0,2.5234665052992074,1,1,0,2.3759434357550826,0,,both,0,,,,,,,,,,
1774306394.0925217,pure_pursuit,HOLD_AND_STOP,hold_and_stop,1,234,0.2812719103601164,0.30628223453383085,242,1.0,0.0,0.0,0.0,0.0,0.0,,,2000,1500,0.5509375000000001,1,4,0,fallback_hold_and_stop,both,1,1,0,19,1,38.76905152185683,636.0837963825497,332.0555327229508,179.7712983513236,ok,,,,,,,-0.752983412910548,0.415839746475329,-0.7529834129105479,95,1,real,200,640,360,,21.09074592590332,,27.082204818725586,real,straight,44,43,2911,2891,2891,2914,2891,2891,53898,0,26,142,179,55,55,none,0.0,0.0,1.4757837942257765,25,0,0,0,0,0,0,straight,1,44,43,,0.0,0.0,19,60,0,19,25,1,1,0,3.922613319587319,1,1,0,2.048560153158341,0,,both,0,,,,,,,,,,
1774306394.1703353,pure_pursuit,HOLD_AND_STOP,hold_and_stop,1,234,0.2812719103601164,0.30628223453383085,242,1.0,0.0,0.0,0.0,0.0,0.0,,,2000,1500,0.5709375000000001,1,5,0,fallback_hold_and_stop,both,1,1,2,19,1,43.566024817819546,641.912210773231,334.12827799194235,180.11360238366626,ok,,,,,,,-0.752983412910548,0.415839746475329,-0.7529834129105479,96,1,real,200,640,360,,22.739887237548828,,27.76503562927246,real,straight,49,44,2932,2910,2910,2934,2910,2910,53898,0,26,142,179,55,55,none,0.0,0.0,-0.48660320194898077,24,2,0,4,0,0,0,straight,1,45,44,,0.0,0.0,19,60,0,19,25,1,1,0,6.84397495330518,1,1,0,0.6726857404298007,0,,both,0,,,,,,,,,,
1774306394.249231,pure_pursuit,DETECTION,hold_and_stop,0,234,0.2812719103601164,0.30628223453383085,242,1.0,0.0,0.0,0.0,0.0,0.8,0.45,0.0,2000,1500,0.6409375,0,0,1,,both,1,1,9,19,1,45.14343036726401,643.4222487353144,334.83229690988395,180.10403045393568,ok,0.3,,,,3.547609079806478,3,-0.752983412910548,0.415839746475329,-0.7529834129105479,97,1,real,200,640,360,,21.036863327026367,0.0,30.295848846435547,real,straight,64,44,2953,2937,2937,2958,2937,2937,53898,0,26,142,179,55,55,none,0.0,0.0,-0.9586884566359686,22,9,0,18,0,0,0,straight,1,46,44,,0.0,0.0,19,60,0,19,25,1,1,0,2.184522300257833,1,1,0,0.32723330721190774,0,,both,0,,,,,,,,,,
1774306394.3302336,pure_pursuit,DETECTION,hold_and_stop,0,234,0.2812719103601164,0.30628223453383085,242,1.0,0.0,0.0,0.0,0.0,0.8,0.45,0.0,2000,1500,0.5709375000000001,0,1,1,,both,1,1,2,19,1,45.73466963796052,644.3887224062165,335.5797787473955,180.21732950872635,ok,0.54,,,,1.142950241471377,5,-0.752983412910548,0.415839746475329,-0.7529834129105479,98,1,real,200,640,360,,18.527746200561523,0.0,24.985074996948242,real,straight,49,45,2935,2919,2919,2939,2919,2919,53898,0,26,142,179,55,55,none,0.0,0.0,-1.4479903058111745,27,2,0,4,0,0,0,straight,1,45,45,,0.0,0.0,19,60,0,19,24,1,1,0,2.4761518526321016,1,1,0,1.0528907460213976,0,,both,0,,,,,,,,,,
1774306394.406146,pure_pursuit,DETECTION,hold_and_stop,0,234,0.2812719103601164,0.30628223453383085,242,1.0,0.0,0.0,0.0,0.0,0.8,0.45,0.0,2000,1500,0.5809375,0,2,1,,both,1,1,3,19,1,49.58161064116937,648.6798561860603,337.2366528695662,180.38726157433035,ok,0.54,,,,1.1691718759731595,5,-0.752983412910548,0.415839746475329,-0.7529834129105479,99,1,real,200,640,360,,20.102262496948242,0.0,26.95775032043457,real,straight,54,45,2968,2948,2948,2972,2948,2948,53898,0,26,142,179,55,55,none,0.0,0.0,-1.9483647265093396,25,3,0,6,0,0,0,straight,1,48,45,,0.0,0.0,19,60,0,19,24,1,1,0,4.717178229098287,1,1,0,1.291376839562749,0,,both,0,,,,,,,,,,
1774306394.484042,pure_pursuit,DETECTION,hold_and_stop,0,234,0.2812719103601164,0.30628223453383085,242,1.0,0.0,0.0,0.0,0.0,0.8,0.45,0.0,2000,1500,0.6009375,0,0,1,,both,1,1,5,19,1,53.042607309184575,653.349018647018,338.58238301588733,180.80127923145236,ok,0.54,,,,1.1892068264841034,5,-0.752983412910548,0.415839746475329,-0.7529834129105479,100,1,real,200,640,360,,21.99697494506836,0.0,27.250289916992188,real,straight,57,45,2963,2939,2939,2965,2939,2939,53898,0,26,142,179,55,55,none,0.0,0.0,-2.644353580265374,27,5,0,10,0,0,0,straight,1,47,45,,0.0,0.0,19,60,0,19,24,1,1,0,3.0137587744775374,1,1,0,2.4252707606443846,0,,both,0,,,,,,,,,,
1774306394.5622935,pure_pursuit,DETECTION,hold_and_stop,0,234,0.2812719103601164,0.30628223453383085,242,1.0,0.0,0.0,0.0,0.0,0.8,0.45,0.0,2000,1500,0.5609375000000001,0,1,1,,both,1,1,1,19,1,55.62926579111341,656.4213351175575,339.61684314669407,180.9863887374096,ok,0.54,,,,1.211270222926484,5,-0.752983412910548,0.415839746475329,-0.7529834129105479,101,1,real,200,640,360,,19.512653350830078,0.0,26.022911071777344,real,straight,50,46,3004,2990,2990,3004,2990,2990,53898,0,26,142,179,55,55,none,0.0,0.0,-3.271539586984545,24,1,0,2,0,0,0,straight,1,48,46,,0.0,0.0,19,60,0,19,24,1,1,0,2.8935747064925943,1,1,0,1.018065118302664,0,,both,0,,,,,,,,,,
1774306394.6393209,pure_pursuit,DETECTION,hold_and_stop,0,234,0.2812719103601164,0.30628223453383085,242,1.0,0.0,0.0,0.0,0.0,0.8,0.45,0.0,2000,1500,0.5509375000000001,0,2,1,,both,1,1,0,19,1,57.91588647893742,658.6865311628839,340.5671461100318,181.0117069909077,ok,0.54,,,,1.2556357114840788,6,-0.752983412910548,0.415839746475329,-0.7529834129105479,102,1,real,200,640,360,,20.04241943359375,0.0,26.554584503173828,real,straight,48,47,3018,3010,3010,3018,3010,3010,53898,0,26,142,179,55,55,none,0.0,0.0,-3.9361582133855677,31,0,0,0,0,0,0,straight,1,48,47,,0.0,0.0,19,60,0,19,24,1,1,0,2.6486549954347587,1,1,0,0.7353254054312354,0,,both,0,,,,,,,,,,
1774306394.7169821,pure_pursuit,HOLD_AND_STOP,hold_and_stop,1,234,0.2812719103601164,0.30628223453383085,242,1.0,0.0,0.0,0.0,0.0,0.0,,,2000,1500,0.5909375,1,3,0,fallback_hold_and_stop,both,1,1,4,19,1,56.571196865210275,658.6621350812175,340.7497095012275,181.38753508543286,ok,,,,,,,-0.752983412910548,0.415839746475329,-0.7529834129105479,103,1,real,200,640,360,,22.00031280517578,,28.023719787597656,real,straight,54,47,3041,3025,3025,3041,3025,3025,53898,0,26,142,179,55,55,none,0.0,0.0,-4.5879483839888735,24,4,0,8,0,0,0,straight,1,46,47,,0.0,0.0,19,60,0,19,24,1,1,0,2.5018742214307212,1,1,0,1.3821393021776829,0,,both,0,,,,,,,,,,
1774306394.7963707,pure_pursuit,HOLD_AND_STOP,hold_and_stop,1,234,0.2812719103601164,0.30628223453383085,242,1.0,0.0,0.0,0.0,0.0,0.0,,,2000,1500,0.5509375000000001,1,4,0,fallback_hold_and_stop,both,1,1,0,19,1,58.08507296136205,659.539141677385,341.5116760570665,181.2064726783916,ok,,,,,,,-0.752983412910548,0.415839746475329,-0.7529834129105479,104,1,real,200,640,360,,19.09351348876953,,24.005889892578125,real,straight,48,48,3070,3066,3066,3071,3066,3066,53898,0,26,142,179,55,55,none,0.0,0.0,-4.742890847330671,26,0,0,0,0,0,1,straight,1,48,48,,0.0,0.0,19,60,0,19,24,1,1,0,3.0439190622948304,1,1,0,1.5928552483169607,0,,both,0,,,,,,,,,,
1774306394.8715608,pure_pursuit,HOLD_AND_STOP,hold_and_stop,1,234,0.2812719103601164,0.30628223453383085,242,1.0,0.0,0.0,0.0,0.0,0.0,,,2000,1500,0.5509375000000001,1,5,0,fallback_hold_and_stop,both,1,1,0,19,1,60.6805503291117,660.8523553909332,342.55218236560484,180.8438411367837,ok,,,,,,,-0.752983412910548,0.415839746475329,-0.7529834129105479,105,1,real,200,640,360,,22.620201110839844,,29.02698516845703,real,straight,48,47,3057,3049,3049,3057,3049,3049,53898,0,26,142,179,55,55,none,0.0,0.0,-5.202125301950389,24,0,0,0,0,0,0,straight,1,48,47,,0.0,0.0,19,60,0,19,24,1,1,0,2.6376011543724904,1,1,0,1.1566854301508158,0,,both,0,,,,,,,,,,
1774306394.9507725,pure_pursuit,HOLD_AND_STOP,hold_and_stop,1,234,0.2812719103601164,0.30628223453383085,242,1.0,0.0,0.0,0.0,0.0,0.0,,,2000,1500,0.5609375000000001,1,6,0,fallback_hold_and_stop,both,1,1,1,19,1,60.37042306229555,660.0522833044732,342.89618599629335,180.67413720306166,ok,,,,,,,-0.752983412910548,0.415839746475329,-0.7529834129105479,106,1,real,200,640,360,,22.08995819091797,,26.982784271240234,real,straight,47,48,3028,3020,3020,3028,3020,3020,53898,0,26,142,179,55,55,none,0.0,0.0,-5.749703084178634,26,0,1,0,2,0,0,straight,1,47,46,,0.0,0.0,19,60,0,19,24,1,1,0,0.7581788269018905,1,1,0,1.5289808112114078,0,,both,0,,,,,,,,,,
1774306395.0292687,pure_pursuit,HOLD_AND_STOP,hold_and_stop,1,234,0.2812719103601164,0.30628223453383085,242,1.0,0.0,0.0,0.0,0.0,0.0,,,2000,1500,0.5609375000000001,1,7,0,fallback_hold_and_stop,both,1,1,1,19,1,61.84335623025921,661.2304155696578,343.53131192551433,180.60267551909465,ok,,,,,,,-0.752983412910548,0.415839746475329,-0.7529834129105479,107,1,real,200,640,360,,21.99840545654297,,27.00638771057129,real,straight,50,45,3012,3008,3008,3012,3008,3008,53898,0,26,142,179,55,55,none,0.0,0.0,-6.286029036127502,23,1,0,2,0,0,0,straight,1,48,45,,0.0,0.0,19,60,0,19,24,1,1,0,0.2961731608048808,1,1,0,1.9760832679682427,0,,both,0,,,,,,,,,,
1774306395.107304,pure_pursuit,HOLD_AND_STOP,hold_and_stop,1,234,0.2812719103601164,0.30628223453383085,242,1.0,0.0,0.0,0.0,0.0,0.0,,,2000,1500,0.5509375000000001,1,8,0,fallback_hold_and_stop,both,1,1,0,19,1,63.787490368155176,662.4286898915324,344.34137220155816,180.3982127583501,ok,,,,,,,-0.752983412910548,0.415839746475329,-0.7529834129105479,108,1,real,200,640,360,,21.166086196899414,,28.687477111816406,real,straight,47,44,2992,2984,2984,2992,2984,2984,53898,0,26,142,179,55,55,none,0.0,0.0,-6.6278887922258605,23,0,0,0,0,0,0,straight,1,47,44,,0.0,0.0,19,60,0,19,24,1,1,0,0.5490660331873944,1,1,0,2.5046996230514016,0,,both,0,,,,,,,,,,
1774306395.1870017,pure_pursuit,HOLD_AND_STOP,hold_and_stop,1,234,0.2812719103601164,0.30628223453383085,242,1.0,0.0,0.0,0.0,0.0,0.0,,,2000,1500,0.545625,1,9,0,fallback_hold_and_stop,both,1,1,0,18,1,67.55387360856828,665.3281906237631,345.45934126787046,180.19976266332256,ok,,,,,,,-0.752983412910548,0.415839746475329,-0.7529834129105479,109,1,real,200,640,360,,21.015405654907227,,27.004718780517578,real,straight,48,45,3015,3013,3013,3015,3013,3013,53898,0,26,142,179,55,55,none,0.0,0.0,-6.8139044729114175,24,0,0,0,0,0,1,straight,1,48,45,,0.0,0.0,18,60,0,18,24,1,1,0,1.0404101523553928,1,1,0,3.745660707063769,0,,both,0,,,,,,,,,,
1774306395.2651978,pure_pursuit,HOLD_AND_STOP,hold_and_stop,1,234,0.2812719103601164,0.30628223453383085,242,1.0,0.0,0.0,0.0,0.0,0.0,,,2000,1500,0.545625,1,10,0,fallback_hold_and_stop,both,1,1,0,18,1,70.9744630460893,668.7729457277675,346.9515384479817,180.2670554083257,ok,,,,,,,-0.752983412910548,0.415839746475329,-0.7529834129105479,110,1,real,200,640,360,,20.596027374267578,,26.025056838989258,real,straight,48,47,3089,3089,3089,3089,3089,3089,53898,0,26,142,179,55,55,none,0.0,0.0,-6.382474141708144,29,0,0,0,0,0,0,straight,1,48,47,,0.0,0.0,18,60,0,18,24,1,1,0,0.9854197022724226,1,1,0,4.3777406655201805,0,,both,0,,,,,,,,,,
1774306395.342233,pure_pursuit,HOLD_AND_STOP,hold_and_stop,1,234,0.2812719103601164,0.30628223453383085,242,1.0,0.0,0.0,0.0,0.0,0.0,,,2000,1500,0.565625,1,11,0,fallback_hold_and_stop,both,1,1,2,18,1,73.81093409609173,671.0908410299282,348.39138758836623,180.1489956698814,ok,,,,,,,-0.752983412910548,0.415839746475329,-0.7529834129105479,111,1,real,200,640,360,,22.008180618286133,,26.517391204833984,real,straight,48,52,3118,3116,3116,3118,3116,3116,53898,0,26,142,179,55,55,none,0.0,0.0,-6.290566392218068,25,0,2,0,4,0,0,straight,1,48,48,,0.0,0.0,18,60,0,18,24,1,1,0,1.3312147708262017,1,1,0,3.8025592427829746,0,,both,0,,,,,,,,,,
1774306395.4197788,pure_pursuit,HOLD_AND_STOP,hold_and_stop,1,234,0.2812719103601164,0.30628223453383085,242,1.0,0.0,0.0,0.0,0.0,0.0,,,2000,1500,0.545625,1,12,0,fallback_hold_and_stop,both,1,1,0,18,1,75.1679052921088,672.5512986307234,349.72211694614805,180.1827167743489,ok,,,,,,,-0.752983412910548,0.415839746475329,-0.7529834129105479,112,1,real,200,640,360,,22.001981735229492,,27.004241943359375,real,straight,48,49,3141,3135,3135,3141,3135,3135,53898,0,26,142,179,55,55,none,0.0,0.0,-6.17180280021222,23,0,0,0,0,0,0,straight,1,48,49,,0.0,0.0,18,60,0,18,24,1,1,0,2.4914410760271233,1,1,0,2.260577902144115,0,,both,0,,,,,,,,,,
1774306395.4982142,pure_pursuit,HOLD_AND_STOP,hold_and_stop,1,234,0.2812719103601164,0.30628223453383085,242,1.0,0.0,0.0,0.0,0.0,0.0,,,2000,1500,0.555625,1,13,0,fallback_hold_and_stop,both,1,1,1,18,1,76.84030664397187,673.4883690326079,350.83038007611026,179.96865879356787,ok,,,,,,,-0.752983412910548,0.415839746475329,-0.7529834129105479,113,1,real,200,640,360,,22.128582000732422,,27.076244354248047,real,straight,49,49,3111,3106,3106,3111,3106,3106,53898,0,26,142,179,55,55,none,0.0,0.0,-6.1990006484708715,27,1,0,2,0,0,0,straight,1,47,49,,0.0,0.0,18,60,0,18,23,1,1,0,1.6501484803899402,1,1,0,2.3064581038652068,0,,both,0,,,,,,,,,,
1774306395.5762942,pure_pursuit,DETECTION,hold_and_stop,0,234,0.2812719103601164,0.30628223453383085,242,1.0,0.0,0.0,0.0,0.0,0.8,0.45,0.0,2000,1500,0.705625,0,0,1,,both,1,1,16,18,1,69.55598081962219,665.7740742585613,346.3871829108844,179.7410984895391,ok,0.3,,,,3.7308696016652854,3,-0.752983412910548,0.415839746475329,-0.7529834129105479,114,1,real,200,640,360,,18.115520477294922,0.0,25.513648986816406,real,straight,74,49,2880,2871,2871,2880,2871,2871,53898,0,26,142,179,55,55,none,0.0,0.0,-6.384636186144633,27,16,0,32,0,0,0,straight,1,42,49,,0.0,0.0,18,60,0,18,24,1,1,0,12.972082359461304,1,1,0,3.10462963900776,0,,both,0,,,,,,,,,,
1774306395.6526926,pure_pursuit,DETECTION,hold_and_stop,0,234,0.2812719103601164,0.30628223453383085,242,1.0,0.0,0.0,0.0,0.0,0.8,0.45,0.0,2000,1500,0.5609375000000001,0,1,1,,both,1,1,1,19,1,62.40721329111004,657.6064544395483,340.876373737771,179.37361200832996,ok,0.54,,,,1.021790242433153,5,-0.752983412910548,0.415839746475329,-0.7529834129105479,115,1,real,200,640,360,,20.02120018005371,0.0,26.519060134887695,real,straight,45,50,2832,2829,2829,2832,2829,2829,53898,0,26,142,179,55,55,none,0.0,0.0,-5.875480586790161,27,1,0,2,0,0,0,straight,1,43,50,,0.0,0.0,19,60,0,19,24,1,1,0,14.519090651666165,1,1,0,5.173312583835108,0,,both,0,,,,,,,,,,
1774306395.7299767,pure_pursuit,DETECTION,hold_and_stop,0,234,0.2812719103601164,0.30628223453383085,242,1.0,0.0,0.0,0.0,0.0,0.8,0.44622810648317907,0.0,1996,1500,0.57625,0,2,1,,both,1,1,2,20,1,53.92954009518192,649.1565662836141,334.9627557634997,179.31747166351985,ok,0.54,,,,0.8666874437374883,6,-0.752983412910548,0.415839746475329,-0.7529834129105479,116,1,real,200,640,360,,20.10178565979004,0.0,26.01003646850586,real,straight,47,50,2764,2757,2757,2764,2757,2757,53898,0,26,142,179,55,55,none,0.0,0.0,-2.367672615993854,28,2,0,4,0,0,0,straight,1,43,50,,0.0,0.0,20,60,0,20,25,1,1,0,16.015025943651704,1,1,0,5.2167677946788436,0,,both,0,,,,,,,,,,
1774306395.806563,pure_pursuit,HOLD_AND_STOP,hold_and_stop,1,234,0.2812719103601164,0.30628223453383085,242,1.0,0.0,0.0,0.0,0.0,0.0,,,1996,1500,0.55625,1,3,0,fallback_hold_and_stop,both,1,1,0,20,1,53.105229957342594,645.0419284926676,331.5432553161496,178.3514677354672,ok,,,,,,,-0.752983412910548,0.415839746475329,-0.7529834129105479,117,1,real,200,640,360,,20.08986473083496,,26.012182235717773,real,straight,42,49,2777,2771,2771,2777,2771,2771,53898,0,26,142,179,55,55,none,0.0,0.0,0.5846606729901964,24,0,0,0,0,0,1,straight,1,42,49,,0.0,0.0,20,60,0,20,25,1,1,0,6.710413134306623,1,1,0,5.672702450824802,0,,both,0,,,,,,,,,,
1774306395.8836014,pure_pursuit,HOLD_AND_STOP,hold_and_stop,1,234,0.2812719103601164,0.30628223453383085,242,1.0,0.0,0.0,0.0,0.0,0.0,,,1996,1500,0.5615625,1,4,0,fallback_hold_and_stop,both,1,1,0,21,1,50.54398468301975,640.1673565169149,327.02408213038467,177.67671384756807,ok,,,,,,,-0.752983412910548,0.415839746475329,-0.7529834129105479,118,1,real,200,640,360,,21.00086212158203,,28.09429168701172,real,straight,43,49,2741,2734,2734,2741,2734,2734,53898,0,26,142,179,55,55,none,0.0,0.0,0.7373211439835927,26,0,0,0,0,0,1,straight,1,43,49,,0.0,0.0,21,60,0,21,26,1,1,0,8.877028383353279,1,1,0,7.268895438164004,0,,both,0,,,,,,,,,,
1774306395.9627724,pure_pursuit,HOLD_AND_STOP,hold_and_stop,1,234,0.2812719103601164,0.30628223453383085,242,1.0,0.0,0.0,0.0,0.0,0.0,,,1996,1500,0.5615625,1,5,0,fallback_hold_and_stop,both,1,1,0,21,1,52.35867689266536,639.2475790321055,324.7508327165169,176.93187674018537,ok,,,,,,,-0.752983412910548,0.415839746475329,-0.7529834129105479,119,1,real,200,640,360,,19.809484481811523,,26.23605728149414,real,straight,42,48,2691,2676,2676,2691,2676,2676,53898,0,26,142,179,55,55,none,0.0,0.0,1.8831740129206764,32,0,0,0,0,0,2,straight,1,42,48,,0.0,0.0,21,60,0,21,27,1,1,0,4.547952997165015,1,1,0,4.54867728801087,0,,both,0,,,,,,,,,,
1774306396.0396905,pure_pursuit,HOLD_AND_STOP,hold_and_stop,1,234,0.2812719103601164,0.30628223453383085,242,1.0,0.0,0.0,0.0,0.0,0.0,,,1996,1500,0.5615625,1,6,0,fallback_hold_and_stop,both,1,1,0,21,1,51.52429669329591,635.956249844122,321.66080648698784,176.2257718094992,ok,,,,,,,-0.752983412910548,0.415839746475329,-0.7529834129105479,120,1,real,200,640,360,,22.11451530456543,,27.126312255859375,real,straight,43,48,2653,2644,2644,2653,2644,2644,53898,0,26,142,179,55,55,none,0.0,0.0,1.945581929167588,25,0,0,0,0,0,0,straight,1,43,48,,0.0,0.0,21,60,0,21,27,1,1,0,6.55006942276319,1,1,0,4.9084942298680225,0,,both,0,,,,,,,,,,
1774306396.1178346,pure_pursuit,DETECTION,hold_and_stop,0,234,0.2812719103601164,0.30628223453383085,242,1.0,0.0,0.0,0.0,0.0,0.8,0.45,0.0,2000,1500,0.6568750000000001,0,0,1,,both,1,1,9,22,1,46.91206745897171,630.8851113968963,318.32464902655613,176.04162467150394,ok,0.3,,,,2.6810050408069928,3,-0.752983412910548,0.415839746475329,-0.7529834129105479,121,1,real,200,640,360,,21.034717559814453,0.0,28.455495834350586,real,straight,61,48,2645,2635,2635,2645,2635,2635,53898,0,26,142,179,55,55,none,0.0,0.0,2.266875051756301,26,9,0,18,0,0,0,straight,1,43,48,,0.0,0.0,22,60,0,22,27,1,1,0,8.557214550081463,1,1,0,3.968796508524369,0,,both,0,,,,,,,,,,
1774306396.196814,pure_pursuit,DETECTION,hold_and_stop,0,234,0.2812719103601164,0.30628223453383085,242,1.0,0.0,0.0,0.0,0.0,0.8,0.39,0.0,1933,1500,0.7068749999999999,0,0,1,,both,1,1,14,22,1,43.300115825523676,627.0346208565179,315.92131315787503,175.9317979123114,ok,0.54,,,,0.7320657976828916,6,-0.752983412910548,0.415839746475329,-0.7529834129105479,122,1,real,200,640,360,,37.99867630004883,0.0,47.512054443359375,real,straight,71,48,2621,2607,2607,2621,2607,2607,53898,0,26,142,179,55,55,none,0.0,0.0,5.825324434844674,33,14,0,28,0,0,0,straight,1,43,48,,0.0,0.0,22,60,0,22,28,1,1,0,5.899126243448217,1,1,0,3.426901400109155,0,,both,0,,,,,,,,,,
1774306396.2954543,pure_pursuit,DETECTION,hold_and_stop,0,234,0.2812719103601164,0.30628223453383085,242,1.0,0.0,0.0,0.0,0.0,0.8,0.3808179142856007,0.0,1923,1500,0.566875,0,1,1,,both,1,1,0,22,1,45.260776076713654,627.0984631447993,314.920148969,175.4209122937243,ok,0.54,,,,0.7252924423405267,6,-0.752983412910548,0.415839746475329,-0.7529834129105479,123,1,real,200,640,360,,16.99972152709961,0.0,22.00484275817871,real,straight,43,48,2596,2594,2594,2596,2594,2594,53898,0,26,142,179,55,55,none,0.0,0.0,6.452666039798373,25,0,0,0,0,0,2,straight,1,43,48,,0.0,0.0,22,60,0,22,28,1,1,0,2.1356359905588738,1,1,0,2.9908539329806585,0,,both,0,,,,,,,,,,
1774306396.3679705,pure_pursuit,DETECTION,hold_and_stop,0,234,0.2812719103601164,0.30628223453383085,242,1.0,0.0,0.0,0.0,0.0,0.8,0.38658362217687,0.0,1930,1500,0.596875,0,2,1,,both,1,1,3,22,1,38.68316484203,621.1326999019021,311.88545447854233,175.51270424056048,ok,0.54,,,,0.7374399820936107,6,-0.752983412910548,0.415839746475329,-0.7529834129105479,124,1,real,200,640,360,,20.10035514831543,0.0,26.1075496673584,real,straight,49,42,2553,2507,2507,2553,2507,2507,53898,0,26,142,179,55,55,none,0.0,0.0,6.893212158473091,25,3,0,6,0,0,1,straight,1,43,42,,0.0,0.0,22,60,0,22,28,1,1,0,2.8517040349930856,1,1,0,7.962172315791146,0,,both,0,,,,,,,,,,
1774306396.444772,pure_pursuit,DETECTION,hold_and_stop,0,234,0.2812719103601164,0.30628223453383085,242,1.0,0.0,0.0,0.0,0.0,0.8,0.397722474867577,0.0,1942,1500,0.6268750000000001,0,0,1,,both,1,1,6,22,1,32.55408013562456,616.7473268032563,309.3964102910043,175.97026918169024,ok,0.54,,,,0.761070932280552,6,-0.752983412910548,0.415839746475329,-0.7529834129105479,125,1,real,200,640,360,,22.00484275817871,0.0,28.647661209106445,real,straight,55,41,2524,2463,2463,2524,2463,2463,53898,0,26,142,179,55,55,none,0.0,0.0,6.8107388347834785,25,6,0,12,0,0,1,straight,1,43,41,,0.0,0.0,22,60,0,22,28,1,1,0,2.282946187486578,1,1,0,6.585701052477518,0,,both,0,,,,,,,,,,
1774306396.5239327,pure_pursuit,DETECTION,hold_and_stop,0,234,0.2812719103601164,0.30628223453383085,242,1.0,0.0,0.0,0.0,0.0,0.8,0.45,0.0,2000,1500,0.5915625,0,1,1,,both,1,1,3,21,1,25.323471503188692,609.1620644719982,306.6287981409811,175.77693439912426,ok,0.54,,,,0.987774826759294,6,-0.752983412910548,0.415839746475329,-0.7529834129105479,126,1,real,200,640,360,,21.975040435791016,0.0,28.508901596069336,real,straight,43,47,2552,2486,2486,2552,2486,2486,53898,0,26,142,179,55,55,none,0.0,0.0,6.381252560357268,30,0,3,0,6,0,1,straight,1,43,41,,0.0,0.0,21,60,0,21,27,1,1,0,2.456178041671336,1,1,0,11.694069337541116,0,,both,0,,,,,,,,,,
1774306396.6027489,pure_pursuit,DETECTION,hold_and_stop,0,234,0.2812719103601164,0.30628223453383085,242,1.0,0.0,0.0,0.0,0.0,0.8,0.45,0.0,2000,1500,0.6168750000000001,0,0,1,,both,1,1,5,22,1,29.345949846684046,610.0405947022689,307.22725449865123,174.86231092555553,ok,0.54,,,,1.112660384872757,6,-0.752983412910548,0.415839746475329,-0.7529834129105479,127,1,real,200,640,360,,23.0863094329834,0.0,30.511856079101562,real,straight,53,41,2546,2479,2479,2546,2479,2479,53898,0,26,142,179,55,55,none,0.0,0.0,0.7430638604148498,24,5,0,10,0,0,0,straight,1,43,41,,0.0,0.0,22,60,0,22,27,1,1,0,6.203979541737322,1,1,0,3.7601983759504702,0,,both,0,,,,,,,,,,
1774306396.6839995,pure_pursuit,DETECTION,hold_and_stop,0,234,0.2812719103601164,0.30628223453383085,242,1.0,0.0,0.0,0.0,0.0,0.8,0.45,0.0,2000,1500,0.6415625,0,0,1,,both,1,1,8,21,1,21.296134290254916,603.7921122418861,304.54564444133564,175.33782831737386,ok,0.54,,,,1.0832725229810316,6,-0.752983412910548,0.415839746475329,-0.7529834129105479,128,1,real,200,640,360,,19.998550415039062,0.0,26.015281677246094,real,straight,59,41,2531,2452,2452,2531,2452,2452,53898,0,26,142,179,55,55,none,0.0,0.0,-1.82500217671452,25,8,0,16,0,0,0,straight,1,43,41,,0.0,0.0,21,60,0,21,26,1,1,0,5.341145554205645,1,1,0,4.372914046263457,0,,both,0,,,,,,,,,,
1774306396.7612224,pure_pursuit,DETECTION,hold_and_stop,0,234,0.2812719103601164,0.30628223453383085,242,1.0,0.0,0.0,0.0,0.0,0.8,0.45,0.0,2000,1500,0.56625,0,1,1,,both,1,1,1,20,1,14.288036040272136,598.59713426372,302.28755610458217,175.84957615629628,ok,0.54,,,,1.072650986078493,6,-0.752983412910548,0.415839746475329,-0.7529834129105479,129,1,real,200,640,360,,20.81441879272461,0.0,27.236461639404297,real,straight,45,41,2531,2450,2450,2531,2450,2450,53898,0,26,142,179,55,55,none,0.0,0.0,-1.0567017833018895,23,1,0,2,0,0,0,straight,1,43,41,,0.0,0.0,20,60,0,20,26,1,1,0,3.935346582979892,1,1,0,4.2396625885048165,0,,both,0,,,,,,,,,,
1774306396.8390164,pure_pursuit,DETECTION,hold_and_stop,0,234,0.2812719103601164,0.30628223453383085,242,1.0,0.0,0.0,0.0,0.0,0.8,0.45,0.0,2000,1500,0.5615625,0,2,1,,both,1,1,0,21,1,20.507667998724692,600.882005199126,303.55740216743663,174.69005385341978,ok,0.54,,,,1.2106053955728433,6,-0.752983412910548,0.415839746475329,-0.7529834129105479,130,1,real,200,640,360,,22.099018096923828,0.0,27.00972557067871,real,straight,42,41,2483,2437,2437,2483,2437,2437,53898,0,26,142,179,55,55,none,0.0,0.0,-0.8660077753516475,25,0,0,0,0,0,2,straight,1,42,41,,0.0,0.0,21,60,0,21,26,1,1,0,7.681514631417839,1,1,0,3.0546192120654108,0,,both,0,,,,,,,,,,
1774306396.9169421,pure_pursuit,HOLD_AND_STOP,hold_and_stop,1,234,0.2812719103601164,0.30628223453383085,242,1.0,0.0,0.0,0.0,0.0,0.0,,,2000,1500,0.5715625,1,3,0,fallback_hold_and_stop,both,1,1,1,21,1,18.06819857686834,599.4162003139179,302.34589555009677,174.9757180102728,ok,,,,,,,-0.752983412910548,0.415839746475329,-0.7529834129105479,131,1,real,200,640,360,,21.671533584594727,,26.188135147094727,real,straight,42,42,2484,2427,2427,2484,2427,2427,53898,0,26,142,179,55,55,none,0.0,0.0,-3.3505579379612414,24,0,1,0,2,0,2,straight,1,42,40,,0.0,0.0,21,60,0,21,26,1,1,0,1.3973319065834473,1,1,0,2.923909617777211,0,,both,0,,,,,,,,,,
1774306396.9945989,pure_pursuit,HOLD_AND_STOP,hold_and_stop,1,234,0.2812719103601164,0.30628223453383085,242,1.0,0.0,0.0,0.0,0.0,0.0,,,2000,1500,0.55625,1,4,0,fallback_hold_and_stop,both,1,1,0,20,1,15.789440932700707,597.1708667531113,301.02670871588646,174.97766530178043,ok,,,,,,,-0.752983412910548,0.415839746475329,-0.7529834129105479,132,1,real,200,640,360,,21.091222763061523,,26.007890701293945,real,straight,42,41,2451,2406,2406,2451,2406,2406,53898,0,26,142,179,55,55,none,0.0,0.0,-3.32569798181288,25,0,0,0,0,0,2,straight,1,42,41,,0.0,0.0,20,60,0,20,27,1,1,0,0.6286852010864048,1,1,0,4.633435683077904,0,,both,0,,,,,,,,,,
1774306397.0717177,pure_pursuit,DETECTION,hold_and_stop,0,234,0.2812719103601164,0.30628223453383085,242,1.0,0.0,0.0,0.0,0.0,0.8,0.45,0.0,2000,1500,0.67625,0,0,1,,both,1,1,12,20,1,15.75431983420613,597.1559236776785,300.57653330513386,174.98723351189363,ok,0.3,,,,3.896780588676412,3,-0.752983412910548,0.415839746475329,-0.7529834129105479,133,1,real,200,640,360,,21.605968475341797,0.0,28.023958206176758,real,straight,65,41,2441,2385,2385,2441,2385,2385,53898,0,26,142,179,55,55,none,0.0,0.0,-4.07988959707933,28,12,0,24,0,0,0,straight,1,41,41,,0.0,0.0,20,60,0,20,27,1,1,0,2.697736971713125,1,1,0,3.9493255406671515,0,,both,0,,,,,,,,,,
1774306397.1505532,pure_pursuit,DETECTION,hold_and_stop,0,234,0.2812719103601164,0.30628223453383085,242,1.0,0.0,0.0,0.0,0.0,0.8,0.45,0.0,2000,1500,0.65625,0,0,1,,both,1,1,10,20,1,9.225411979443905,592.7279444448827,298.47021021163255,175.59892950391563,ok,0.54,,,,1.3131386660326474,6,-0.752983412910548,0.415839746475329,-0.7529834129105479,134,1,real,200,640,360,,18.99433135986328,0.0,25.011062622070312,real,straight,63,41,2397,2369,2369,2397,2369,2369,53898,0,26,142,179,55,55,none,0.0,0.0,-4.432519183194927,28,10,0,20,0,0,0,straight,1,43,41,,0.0,0.0,20,60,0,20,26,1,1,0,4.479697623559419,1,1,0,3.7887671578267117,0,,both,0,,,,,,,,,,
1774306397.2264292,pure_pursuit,DETECTION,hold_and_stop,0,234,0.2812719103601164,0.30628223453383085,242,1.0,0.0,0.0,0.0,0.0,0.8,0.45,0.0,2000,1500,0.5609375000000001,0,1,1,,both,1,1,1,19,1,6.695721399991612,591.5421803981681,297.1891666728321,176.0015029882002,ok,0.54,,,,1.2640192519265878,5,-0.752983412910548,0.415839746475329,-0.7529834129105479,135,1,real,200,640,360,,22.086381912231445,0.0,27.522563934326172,real,straight,44,41,2410,2376,2376,2410,2376,2376,53898,0,26,142,179,55,55,none,0.0,0.0,-4.428952844923913,26,1,0,2,0,0,0,straight,1,42,41,,0.0,0.0,19,60,1,19,26,1,1,0,3.840445411481179,1,1,0,1.869904379064343,0,,both,0,,,,,,,,,,
1774306397.3051276,pure_pursuit,DETECTION,hold_and_stop,0,234,0.2812719103601164,0.30628223453383085,242,1.0,0.0,0.0,0.0,0.0,0.8,0.45,0.0,2000,1500,0.5809375,0,2,1,,both,1,1,3,19,1,4.422542021327843,590.3803379398189,296.18193004439604,176.33432324872217,ok,0.54,,,,1.2522805206820122,5,-0.752983412910548,0.415839746475329,-0.7529834129105479,136,1,real,200,640,360,,21.000146865844727,0.0,28.102636337280273,real,straight,47,41,2405,2362,2362,2405,2362,2362,53898,0,26,142,179,55,55,none,0.0,0.0,-2.7263467010945988,26,3,0,6,0,0,1,straight,1,41,41,,0.0,0.0,19,60,1,19,26,1,1,0,3.396558230410923,1,1,0,1.4982020623242296,0,,both,0,,,,,,,,,,
1774306397.383662,pure_pursuit,HOLD_AND_STOP,hold_and_stop,1,234,0.2812719103601164,0.30628223453383085,242,1.0,0.0,0.0,0.0,0.0,0.0,,,2000,1500,0.5862499999999999,1,3,0,fallback_hold_and_stop,both,1,1,3,20,1,1.5468684306964469,588.9766485124915,295.4839263574051,176.7762541767166,ok,,,,,,,-0.752983412910548,0.415839746475329,-0.7529834129105479,137,1,real,200,640,360,,18.996238708496094,,25.599241256713867,real,straight,45,43,2417,2370,2370,2417,2370,2370,53898,0,26,142,179,55,55,none,0.0,0.0,-2.392149149989052,24,2,1,4,2,0,0,straight,1,41,41,,0.0,0.0,20,60,1,20,26,1,1,0,1.7609201593822765,1,1,0,1.9422242065592192,0,,both,0,,,,,,,,,,
1774306397.4599407,pure_pursuit,HOLD_AND_STOP,hold_and_stop,1,234,0.2812719103601164,0.30628223453383085,242,1.0,0.0,0.0,0.0,0.0,0.0,,,2000,1500,0.55625,1,4,0,fallback_hold_and_stop,both,1,1,0,20,1,13.794225488718205,594.1880538688638,298.37892265996237,174.68178009982705,ok,,,,,,,-0.752983412910548,0.415839746475329,-0.7529834129105479,138,1,real,200,640,360,,20.803451538085938,,27.796268463134766,real,straight,41,41,2399,2352,2352,2399,2352,2352,53898,0,26,142,179,55,55,none,0.0,0.0,-1.2628247395562653,28,0,0,0,0,0,6,straight,1,41,41,,0.0,0.0,20,60,0,20,27,1,1,0,10.453836156207746,1,1,0,1.7711696572811186,0,,both,0,,,,,,,,,,
1774306397.5388117,pure_pursuit,HOLD_AND_STOP,hold_and_stop,1,234,0.2812719103601164,0.30628223453383085,242,1.0,0.0,0.0,0.0,0.0,0.0,,,2000,1500,0.57625,1,5,0,fallback_hold_and_stop,both,1,1,2,20,1,9.761870897915042,592.0435823127305,297.43949142374817,175.23569499208227,ok,,,,,,,-0.752983412910548,0.415839746475329,-0.7529834129105479,139,1,real,200,640,360,,18.909454345703125,,24.878740310668945,real,straight,45,41,2405,2356,2356,2405,2356,2356,53898,0,26,142,179,55,55,none,0.0,0.0,-1.841945357470081,25,2,0,4,0,0,2,straight,1,41,41,,0.0,0.0,20,60,0,20,26,1,1,0,3.595264279093388,1,1,0,1.1292059130654346,0,,both,0,,,,,,,,,,
1774306397.6151037,pure_pursuit,HOLD_AND_STOP,hold_and_stop,1,234,0.2812719103601164,0.30628223453383085,242,1.0,0.0,0.0,0.0,0.0,0.0,,,2000,1500,0.55625,1,6,0,fallback_hold_and_stop,both,1,1,0,20,1,14.505898064786338,594.3615504558969,298.60040784810025,174.5216887803024,ok,,,,,,,-0.752983412910548,0.415839746475329,-0.7529834129105479,140,1,real,200,640,360,,20.046472549438477,,25.05040168762207,real,straight,41,40,2395,2344,2344,2395,2344,2344,53898,0,26,142,179,55,55,none,0.0,0.0,-1.950077670907774,25,0,0,0,0,0,1,straight,1,41,40,,0.0,0.0,20,60,0,20,27,1,1,0,5.731656189464679,1,1,0,1.5063328050111324,0,,both,0,,,,,,,,,,
1774306397.691022,pure_pursuit,HOLD_AND_STOP,hold_and_stop,1,234,0.2812719103601164,0.30628223453383085,242,1.0,0.0,0.0,0.0,0.0,0.0,,,2000,1500,0.5715625,1,7,0,fallback_hold_and_stop,both,1,1,1,21,1,19.462729053341555,596.4301656248529,299.78817771167274,173.6764471156613,ok,,,,,,,-0.752983412910548,0.415839746475329,-0.7529834129105479,141,1,real,200,640,360,,20.996809005737305,,27.51636505126953,real,straight,42,40,2395,2330,2330,2395,2330,2330,53898,0,26,142,179,55,55,none,0.0,0.0,-2.5093399974077784,28,1,0,2,0,0,3,straight,1,40,40,,0.0,0.0,21,60,0,21,27,1,1,0,6.242728689371436,1,1,0,1.8018383914931186,0,,both,0,,,,,,,,,,
1774306397.7697146,pure_pursuit,DETECTION,hold_and_stop,0,234,0.2812719103601164,0.30628223453383085,242,1.0,0.0,0.0,0.0,0.0,0.8,0.45,0.0,2000,1500,0.6015625,0,0,1,,both,1,1,4,21,1,25.428322504908493,598.4361590976881,301.07114817253165,172.52306196300438,ok,0.3,,,,4.641829364482202,3,-0.752983412910548,0.415839746475329,-0.7529834129105479,142,1,real,200,640,360,,21.55327796936035,0.0,27.03094482421875,real,straight,50,40,2368,2349,2349,2369,2349,2349,53898,0,26,142,179,55,55,none,0.0,0.0,-6.422395813150274,30,4,0,8,0,0,0,straight,1,42,40,,0.0,0.0,21,60,0,21,28,1,1,0,7.157442020701961,1,1,0,2.0820403130451637,0,,both,0,,,,,,,,,,
1774306397.8475146,pure_pursuit,DETECTION,hold_and_stop,0,234,0.2812719103601164,0.30628223453383085,242,1.0,0.0,0.0,0.0,0.0,0.8,0.45,0.0,2000,1500,0.5721875000000001,0,1,1,,both,1,1,0,23,1,35.365491478354485,601.1992303335851,303.4908182566972,170.44039823949444,ok,0.54,,,,1.8480161470742618,6,-0.752983412910548,0.415839746475329,-0.7529834129105479,143,1,real,200,640,360,,20.194530487060547,0.0,26.10492706298828,real,straight,42,40,2375,2349,2349,2376,2349,2349,53898,0,26,142,179,55,55,none,0.0,0.0,-7.132284316618268,22,0,0,0,0,0,0,straight,1,42,40,,0.0,0.0,23,60,0,23,29,1,1,0,9.259049298366481,1,1,0,0.5421050318235255,0,,both,0,,,,,,,,,,
1774306397.9248588,pure_pursuit,DETECTION,hold_and_stop,0,234,0.2812719103601164,0.30628223453383085,242,1.0,0.0,0.0,0.0,0.0,0.8,0.45,0.0,2000,1500,0.5721875000000001,0,2,1,,both,1,1,0,23,1,37.41353392055739,601.6592756949268,303.6326680202413,169.9884870027491,ok,0.54,,,,1.8629002540589183,6,-0.752983412910548,0.415839746475329,-0.7529834129105479,144,1,real,200,640,360,,21.886348724365234,0.0,28.007030487060547,real,straight,41,40,2367,2325,2325,2367,2325,2325,53898,0,26,142,179,55,55,none,0.0,0.0,-13.799270735060816,23,0,0,0,0,0,0,straight,1,41,40,,0.0,0.0,23,60,0,23,29,1,1,0,2.4204384802685723,1,1,0,1.8080798708548618,0,,both,0,,,,,,,,,,
1774306398.003902,pure_pursuit,DETECTION,hold_and_stop,0,234,0.2812719103601164,0.30628223453383085,242,1.0,0.0,0.0,0.0,0.0,0.8,0.45,0.0,2000,1500,0.6121875,0,0,1,,both,1,1,4,23,1,46.44964830909861,604.9083880470984,306.0497364077797,168.3488517450153,ok,0.54,,,,1.9261925097155586,6,-0.752983412910548,0.415839746475329,-0.7529834129105479,145,1,real,200,640,360,,20.9963321685791,0.0,27.242183685302734,real,straight,50,40,2345,2320,2320,2349,2320,2320,53898,0,26,142,179,55,55,none,0.0,0.0,-14.036401008338146,28,4,0,8,0,0,0,straight,1,42,40,,0.0,0.0,23,60,0,23,29,1,1,0,11.24009973933573,1,1,0,2.635701200459867,0,,both,0,,,,,,,,,,
1774306398.081879,pure_pursuit,DETECTION,hold_and_stop,0,234,0.2812719103601164,0.30628223453383085,242,1.0,0.0,0.0,0.0,0.0,0.8,0.45,0.0,2000,1500,0.5821875000000001,0,1,1,,both,1,1,1,23,1,45.61729187115289,603.6361852700253,305.9418450719322,168.18939577020242,ok,0.54,,,,1.9829259605250888,6,-0.752983412910548,0.415839746475329,-0.7529834129105479,146,1,real,200,640,360,,21.02518081665039,0.0,27.545452117919922,real,straight,44,40,2360,2324,2324,2361,2324,2324,53898,0,26,142,179,55,55,none,0.0,0.0,-15.313835292979036,25,1,0,2,0,0,0,straight,1,42,40,,0.0,0.0,23,60,0,23,29,1,1,0,1.1964445574186466,1,1,0,1.6395175148133736,0,,both,0,,,,,,,,,,
1774306398.160299,pure_pursuit,DETECTION,hold_and_stop,0,234,0.2812719103601164,0.30628223453383085,242,1.0,0.0,0.0,0.0,0.0,0.8,0.45,0.0,2000,1500,0.5721875000000001,0,2,1,,both,1,1,0,23,1,58.58490236643986,607.5444145094602,309.62479164389623,165.62116040394733,ok,0.54,,,,2.058335385002841,6,-0.752983412910548,0.415839746475329,-0.7529834129105479,147,1,real,200,640,360,,19.142627716064453,0.0,24.84440803527832,real,straight,43,40,2410,2377,2377,2412,2377,2377,53898,0,26,142,179,55,55,none,0.0,0.0,-16.47408516712204,30,0,0,0,0,0,0,straight,1,43,40,,0.0,0.0,23,60,0,23,29,1,1,0,9.467190867421571,1,1,0,3.800496619354029,0,,both,0,,,,,,,,,,
1774306398.236253,pure_pursuit,DETECTION,hold_and_stop,0,234,0.2812719103601164,0.30628223453383085,242,1.0,0.0,0.0,0.0,0.0,0.8,0.45,0.0,2000,1500,0.6921875000000001,0,0,1,,both,1,1,12,23,1,53.44512784409465,605.1505696390302,308.4747893107056,166.3569977098136,ok,0.54,,,,2.0677373234789354,6,-0.752983412910548,0.415839746475329,-0.7529834129105479,148,1,real,200,640,360,,19.32811737060547,0.0,28.1982421875,real,straight,64,42,2452,2370,2370,2465,2370,2370,53898,0,26,142,179,55,55,none,0.0,0.0,-17.94656332208274,28,11,1,22,2,0,0,straight,1,42,40,,0.0,0.0,23,60,0,23,29,1,1,0,8.977662538535974,1,1,0,4.882859917933484,0,,both,0,,,,,,,,,,
1774306398.3153534,pure_pursuit,DETECTION,hold_and_stop,0,234,0.2812719103601164,0.30628223453383085,242,1.0,0.0,0.0,0.0,0.0,0.8,0.45,0.0,2000,1500,0.576875,0,1,1,,both,1,1,1,22,1,65.33506462208646,612.5608525395457,313.2441020562256,165.18632770981034,ok,0.54,,,,2.0825299186827975,6,-0.752983412910548,0.415839746475329,-0.7529834129105479,149,1,real,200,640,360,,17.010211944580078,0.0,25.063037872314453,real,straight,44,42,2546,2460,2460,2561,2460,2460,53898,0,26,142,179,55,55,none,0.0,0.0,-18.00645747705613,31,1,0,2,0,0,0,straight,1,42,42,,0.0,0.0,22,60,0,22,28,1,1,0,6.373325556557004,1,1,0,10.623266733011912,0,,both,0,,,,,,,,,,
1774306398.391426,pure_pursuit,DETECTION,hold_and_stop,0,234,0.2812719103601164,0.30628223453383085,242,1.0,0.0,0.0,0.0,0.0,0.8,0.45,0.0,2000,1500,0.566875,0,2,1,,both,1,1,0,22,1,77.60557068950887,617.1192061565519,316.668641646378,163.09204461489017,ok,0.54,,,,2.080535707819555,6,-0.752983412910548,0.415839746475329,-0.7529834129105479,150,1,real,200,640,360,,20.10798454284668,0.0,27.10247039794922,real,straight,44,47,2590,2555,2555,2612,2555,2555,53898,0,26,142,179,55,55,none,0.0,0.0,-15.938002527744231,30,0,0,0,0,0,0,straight,1,44,47,,0.0,0.0,22,60,0,22,28,1,1,0,4.928821886188472,1,1,0,7.635439971208296,0,,both,0,,,,,,,,,,
1774306398.4691005,pure_pursuit,HOLD_AND_STOP,hold_and_stop,1,234,0.2812719103601164,0.30628223453383085,242,1.0,0.0,0.0,0.0,0.0,0.0,,,2000,1500,0.5815625,1,3,0,fallback_hold_and_stop,both,1,1,2,21,1,88.10379424477829,623.1151899996676,320.44509830991143,161.97436706898515,ok,,,,,,,-0.752983412910548,0.415839746475329,-0.7529834129105479,151,1,real,200,640,360,,22.264719009399414,,26.781320571899414,real,straight,43,52,2602,2587,2587,2621,2587,2587,53898,0,26,142,179,55,55,none,0.0,0.0,-15.673941852512826,30,0,2,0,4,0,0,straight,1,43,48,,0.0,0.0,21,60,0,21,28,1,1,0,6.385396445240523,1,1,0,7.068362562459932,0,,both,0,,,,,,,,,,
1774306398.5464604,pure_pursuit,DETECTION,hold_and_stop,0,234,0.2812719103601164,0.30628223453383085,242,1.0,0.0,0.0,0.0,0.0,0.8,0.45,0.0,2000,1500,0.6515625,0,0,1,,both,1,1,9,21,1,101.00823050846083,629.8233627531943,324.18378888655184,160.48829626248303,ok,0.3,,,,6.05576247926643,3,-0.752983412910548,0.415839746475329,-0.7529834129105479,152,1,real,200,640,360,,21.741151809692383,0.0,28.49721908569336,real,straight,62,48,2596,2569,2569,2615,2569,2569,53898,0,26,142,179,55,55,none,0.0,0.0,-13.600289657154462,34,9,0,18,0,0,0,straight,1,44,48,,0.0,0.0,21,60,0,21,28,1,1,0,8.172055670871007,1,1,0,5.151370485385685,0,,both,0,,,,,,,,,,
1774306398.6261191,pure_pursuit,DETECTION,hold_and_stop,0,234,0.2812719103601164,0.30628223453383085,242,1.0,0.0,0.0,0.0,0.0,0.8,0.45,0.0,2000,1500,0.6515625,0,0,1,,both,1,1,9,21,1,98.14273452139079,629.2138140220995,324.5366160683007,161.02903430822266,ok,0.54,,,,2.1161591445345542,6,-0.752983412910548,0.415839746475329,-0.7529834129105479,153,1,real,200,640,360,,19.50669288635254,0.0,23.405075073242188,real,straight,61,48,2613,2576,2576,2629,2576,2576,53898,0,26,142,179,55,55,none,0.0,0.0,-13.858463715575795,26,9,0,18,0,0,0,straight,1,43,48,,0.0,0.0,21,60,0,21,28,1,1,0,7.142041188081153,1,1,0,6.543553349276489,0,,both,0,,,,,,,,,,
1774306398.701042,pure_pursuit,DETECTION,hold_and_stop,0,234,0.2812719103601164,0.30628223453383085,242,1.0,0.0,0.0,0.0,0.0,0.8,0.45,0.0,2000,1500,0.6415625,0,0,1,,both,1,1,8,21,1,97.50833311243488,630.2130447024297,325.4632308066983,161.4715728085928,ok,0.54,,,,2.068462315750253,6,-0.752983412910548,0.415839746475329,-0.7529834129105479,154,1,real,200,640,360,,21.99840545654297,0.0,27.00495719909668,real,straight,59,49,2615,2579,2579,2627,2579,2579,53898,0,26,142,179,55,55,none,0.0,0.0,-13.027695421190288,27,8,0,16,0,0,0,straight,1,43,49,,0.0,0.0,21,60,0,21,27,1,1,0,2.803964025366309,1,1,0,3.5702042017415625,0,,both,0,,,,,,,,,,
1774306398.778649,pure_pursuit,DETECTION,hold_and_stop,0,234,0.2812719103601164,0.30628223453383085,242,1.0,0.0,0.0,0.0,0.0,0.8,0.45,0.0,2000,1500,0.6615625,0,0,1,,both,1,1,10,21,1,90.53802690912204,627.6634526522433,324.6931820865098,162.56560922444007,ok,0.54,,,,1.99167761384305,6,-0.752983412910548,0.415839746475329,-0.7529834129105479,155,1,real,200,640,360,,22.084951400756836,0.0,29.091835021972656,real,straight,63,49,2626,2580,2580,2638,2580,2580,53898,0,26,142,179,55,55,none,0.0,0.0,-12.022932404686628,33,10,0,20,0,0,0,straight,1,43,49,,0.0,0.0,21,60,0,21,27,1,1,0,8.027298968913612,1,1,0,2.757669348850098,0,,both,0,,,,,,,,,,
1774306398.8579562,pure_pursuit,DETECTION,hold_and_stop,0,234,0.2812719103601164,0.30628223453383085,242,1.0,0.0,0.0,0.0,0.0,0.8,0.45,0.0,2000,1500,0.55625,0,1,1,,both,1,1,0,20,1,102.67286025702683,633.0209718075764,328.5232506110176,160.82438990339628,ok,0.54,,,,2.0197844853375235,6,-0.752983412910548,0.415839746475329,-0.7529834129105479,156,1,real,200,640,360,,19.150733947753906,0.0,24.517059326171875,real,straight,43,49,2650,2609,2609,2664,2609,2609,53898,0,26,142,179,55,55,none,0.0,0.0,-10.388507289015138,32,0,0,0,0,0,0,straight,1,43,49,,0.0,0.0,20,60,0,20,27,1,1,0,12.200763196961622,1,1,0,1.4411201711839055,0,,both,0,,,,,,,,,,
1774306398.9329853,pure_pursuit,DETECTION,hold_and_stop,0,234,0.2812719103601164,0.30628223453383085,242,1.0,0.0,0.0,0.0,0.0,0.8,0.45,0.0,2000,1500,0.64625,0,0,1,,both,1,1,9,20,1,96.90976450227663,628.9241226659965,327.30321851584284,161.10298263263306,ok,0.54,,,,1.9848853588450561,6,-0.752983412910548,0.415839746475329,-0.7529834129105479,157,1,real,200,640,360,,22.126197814941406,0.0,29.398679733276367,real,straight,61,48,2631,2578,2578,2644,2578,2578,53898,0,26,142,179,55,55,none,0.0,0.0,-8.84124249141496,31,9,0,18,0,0,0,straight,1,43,48,,0.0,0.0,20,60,0,20,27,1,1,0,6.963440967477665,1,1,0,1.055157640430401,0,,both,0,,,,,,,,,,
1774306399.0129907,pure_pursuit,DETECTION,hold_and_stop,0,234,0.2812719103601164,0.30628223453383085,242,1.0,0.0,0.0,0.0,0.0,0.8,0.45,0.0,2000,1500,0.56625,0,1,1,,both,1,1,1,20,1,112.86933664923056,636.1802180695254,331.7590342033447,158.94895562887905,ok,0.54,,,,2.03018113101798,6,-0.752983412910548,0.415839746475329,-0.7529834129105479,158,1,real,200,640,360,,20.10035514831543,0.0,26.008129119873047,real,straight,45,48,2627,2575,2575,2646,2575,2575,53898,0,26,142,179,55,55,none,0.0,0.0,-8.099857936419369,28,1,0,2,0,0,0,straight,1,43,48,,0.0,0.0,20,60,0,20,27,1,1,0,14.998950195737219,1,1,0,0.9066280261194133,0,,both,0,,,,,,,,,,
1774306399.089456,pure_pursuit,DETECTION,hold_and_stop,0,234,0.2812719103601164,0.30628223453383085,242,1.0,0.0,0.0,0.0,0.0,0.8,0.45,0.0,2000,1500,0.5609375000000001,0,2,1,,both,1,1,1,19,1,114.9274319482094,636.4639916021401,332.44466309442026,158.45341757204707,ok,0.54,,,,2.192609617605065,6,-0.752983412910548,0.415839746475329,-0.7529834129105479,159,1,real,200,640,360,,20.087242126464844,0.0,26.011228561401367,real,straight,45,48,2641,2586,2586,2663,2586,2586,53898,0,26,142,179,55,55,none,0.0,0.0,-8.693235458456513,28,1,0,2,0,0,0,straight,1,43,48,,0.0,0.0,19,60,0,19,27,1,1,0,1.6159054453019406,1,1,0,0.8863236654040425,0,,both,0,,,,,,,,,,
1774306399.167299,pure_pursuit,DETECTION,hold_and_stop,0,234,0.2812719103601164,0.30628223453383085,242,1.0,0.0,0.0,0.0,0.0,0.8,0.45,0.0,2000,1500,0.7309375,0,0,1,,both,1,1,18,19,1,106.50687930785347,629.4876188867013,330.20163791798933,158.53006794202543,ok,0.54,,,,2.214990510551866,6,-0.752983412910548,0.415839746475329,-0.7529834129105479,160,1,real,200,640,360,,18.646240234375,0.0,25.755643844604492,real,straight,79,40,2594,2485,2485,2628,2485,2485,53898,0,26,142,179,55,55,none,0.0,0.0,-9.595941270870128,36,18,0,36,0,0,0,straight,1,43,40,,0.0,0.0,19,60,0,19,27,1,1,0,2.977266653266609,1,1,0,6.696725649034358,0,,both,0,,,,,,,,,,
1774306399.2438672,pure_pursuit,DETECTION,hold_and_stop,0,234,0.2812719103601164,0.30628223453383085,242,1.0,0.0,0.0,0.0,0.0,0.8,0.45,0.0,2000,1500,0.5609375000000001,0,1,1,,both,1,1,1,19,1,113.60666176734759,631.1083815942733,331.97442901932874,157.05699477501233,ok,0.54,,,,2.3137376900449254,6,-0.752983412910548,0.415839746475329,-0.7529834129105479,161,1,real,200,640,360,,19.314289093017578,0.0,26.287317276000977,real,straight,45,40,2553,2482,2482,2587,2482,2482,53898,0,26,142,179,55,55,none,0.0,0.0,-9.878322718267782,33,1,0,2,0,0,0,straight,1,43,40,,0.0,0.0,19,60,0,19,26,1,1,0,11.598472458408912,1,1,0,5.286514402294598,0,,both,0,,,,,,,,,,
1774306399.3209007,pure_pursuit,DETECTION,hold_and_stop,0,234,0.2812719103601164,0.30628223453383085,242,1.0,0.0,0.0,0.0,0.0,0.8,0.45,0.0,2000,1500,0.7262500000000001,0,0,1,,both,1,1,17,20,1,104.21852319074968,626.8961756663751,329.4353075134261,158.34032603503022,ok,0.54,,,,2.5296797804235176,6,-0.752983412910548,0.415839746475329,-0.7529834129105479,162,1,real,200,640,360,,20.4012393951416,0.0,26.693105697631836,real,straight,77,40,2538,2490,2490,2581,2490,2490,53898,0,26,142,179,55,55,none,0.0,0.0,-11.293486238619266,33,17,0,34,0,0,0,straight,1,43,40,,0.0,0.0,20,60,0,20,27,1,1,0,4.635248210252849,1,1,0,5.187250935916753,0,,both,0,,,,,,,,,,
1774306399.3984036,pure_pursuit,DETECTION,hold_and_stop,0,234,0.2812719103601164,0.30628223453383085,242,1.0,0.0,0.0,0.0,0.0,0.8,0.45,0.0,2000,1500,0.5909375,0,1,1,,both,1,1,4,19,1,116.45864493721977,628.5966896427567,332.24228560028536,155.4502065510982,ok,0.54,,,,3.0489030332997014,6,-0.752983412910548,0.415839746475329,-0.7529834129105479,163,1,real,200,640,360,,21.106481552124023,0.0,27.94933319091797,real,straight,43,48,2510,2462,2462,2564,2462,2462,53898,0,26,142,179,55,55,none,0.0,0.0,-15.966711042483439,32,0,4,0,8,0,0,straight,1,43,40,,0.0,0.0,19,60,0,19,26,1,1,0,17.223334334120988,1,1,0,7.199733954327473,0,,both,0,,,,,,,,,,
1774306399.477523,pure_pursuit,DETECTION,hold_and_stop,0,234,0.2812719103601164,0.30628223453383085,242,1.0,0.0,0.0,0.0,0.0,0.8,0.45,0.0,2000,1500,0.545625,0,2,1,,both,1,1,0,18,1,126.74944304707455,629.6181865263767,334.5606471164286,152.91789862794766,ok,0.54,,,,3.57587559603259,6,-0.752983412910548,0.415839746475329,-0.7529834129105479,164,1,real,200,640,360,,17.51875877380371,0.0,24.145126342773438,real,straight,43,40,2493,2447,2447,2555,2447,2447,53898,0,26,142,179,55,55,none,0.0,0.0,-21.719510596161967,28,0,0,0,0,0,0,straight,1,43,40,,0.0,0.0,18,60,0,18,26,1,1,0,12.555553622702778,1,1,0,4.257189388166434,0,,both,0,,,,,,,,,,
1774306399.5523617,pure_pursuit,HOLD_AND_STOP,hold_and_stop,1,234,0.2812719103601164,0.30628223453383085,242,1.0,0.0,0.0,0.0,0.0,0.0,,,2000,1500,0.555625,1,3,0,fallback_hold_and_stop,both,1,1,1,18,1,137.56638662714786,632.9527723354838,337.19894200608235,151.0324730977955,ok,,,,,,,-0.752983412910548,0.415839746475329,-0.7529834129105479,165,1,real,200,640,360,,20.397186279296875,,26.396751403808594,real,straight,44,39,2511,2409,2409,2575,2409,2409,53898,0,26,142,179,55,55,none,0.0,0.0,-24.48603568566506,35,1,0,2,0,0,0,straight,1,42,39,,0.0,0.0,18,60,0,18,26,1,1,0,11.528738868290803,1,1,0,2.0695189490506363,0,,both,0,,,,,,,,,,
1774306399.629678,pure_pursuit,HOLD_AND_STOP,hold_and_stop,1,234,0.2812719103601164,0.30628223453383085,242,1.0,0.0,0.0,0.0,0.0,0.0,,,2000,1500,0.5503125,1,4,0,fallback_hold_and_stop,both,1,1,1,17,1,148.13273912376332,636.141413371517,339.7768133240021,149.2094258986292,ok,,,,,,,-0.752983412910548,0.415839746475329,-0.7529834129105479,166,1,real,200,640,360,,20.092248916625977,,25.119304656982422,real,straight,45,40,2518,2450,2450,2581,2457,2457,53898,0,26,142,179,55,55,none,0.0,0.0,-25.399483291557544,32,1,0,2,0,0,0,straight,1,43,40,,0.0,0.0,17,60,0,17,26,1,1,0,12.259045674927192,1,1,0,2.9434519753557824,0,,both,0,,,,,,,,,,
1774306399.706034,pure_pursuit,DETECTION,hold_and_stop,0,234,0.2812719103601164,0.30628223453383085,242,1.0,0.0,0.0,0.0,0.0,0.8,0.45,0.0,2000,1500,0.7003125,0,0,1,,both,1,1,16,17,1,138.2129864405638,631.4815499900419,337.24881739964223,150.366098739542,ok,0.3,,,,11.411816780332124,3,-0.752983412910548,0.415839746475329,-0.7529834129105479,167,1,real,200,640,360,,21.482229232788086,0.0,28.026819229125977,real,straight,74,40,2571,2481,2481,2644,2489,2489,53898,0,26,142,179,55,55,none,0.0,0.0,-29.865329409968496,37,16,0,32,0,0,0,straight,1,42,40,,0.0,0.0,17,60,0,17,26,1,1,0,8.340267349552894,1,1,0,1.9710149982203555,0,,both,0,,,,,,,,,,
1774306399.7851505,pure_pursuit,DETECTION,hold_and_stop,0,234,0.2812719103601164,0.30628223453383085,242,1.0,0.0,0.0,0.0,0.0,0.8,0.45,0.0,2000,1500,0.545,0,1,1,,both,1,1,1,16,1,151.00165991968444,635.6021686417608,340.9196385252491,148.20205607512403,ok,0.54,,,,4.72617263346941,6,-0.752983412910548,0.415839746475329,-0.7529834129105479,168,1,real,200,640,360,,21.09050750732422,0.0,25.861024856567383,real,straight,45,40,2544,2466,2466,2620,2478,2478,53898,0,26,142,179,55,55,none,0.0,0.0,-29.245974685161457,31,1,0,2,0,0,0,straight,1,43,40,,0.0,0.0,16,60,0,16,26,1,1,0,14.215849227877786,1,1,0,1.142108701090253,0,,both,0,,,,,,,,,,
1774306399.8621771,pure_pursuit,DETECTION,hold_and_stop,0,234,0.2812719103601164,0.30628223453383085,242,1.0,0.0,0.0,0.0,0.0,0.8,0.45,0.0,2000,1500,0.5296875,0,2,1,,both,1,1,0,15,1,163.86778589683973,639.3495424205364,344.9141622642811,145.91263880559328,ok,0.54,,,,5.195843995019601,6,-0.752983412910548,0.415839746475329,-0.7529834129105479,169,1,real,200,640,360,,22.884368896484375,0.0,28.499603271484375,real,straight,44,40,2591,2494,2494,2674,2511,2511,53898,0,26,142,179,55,55,none,0.0,0.0,-30.841334812307736,32,0,0,0,0,0,0,straight,1,44,40,,0.0,0.0,15,60,0,15,25,1,1,0,15.1732721373416,1,1,0,1.152072448075583,0,,both,0,,,,,,,,,,
1774306399.9413369,pure_pursuit,DETECTION,hold_and_stop,0,234,0.2812719103601164,0.30628223453383085,242,1.0,0.0,0.0,0.0,0.0,0.8,0.45,0.0,2000,1500,0.604375,0,0,1,,both,1,1,8,14,1,165.43366962530277,637.9867409855295,345.59528335848677,144.99121107663817,ok,0.54,,,,5.423148511347292,6,-0.752983412910548,0.415839746475329,-0.7529834129105479,170,1,real,200,640,360,,21.097898483276367,0.0,28.26404571533203,real,straight,60,39,2560,2458,2458,2658,2482,2482,53898,0,26,142,179,55,55,none,0.0,0.0,-31.626783435130392,33,8,0,16,0,0,0,straight,1,44,39,,0.0,0.0,14,60,0,14,25,1,1,0,2.392898962809965,1,1,0,1.5837032343105704,0,,both,0,,,,,,,,,,
1774306400.0203767,pure_pursuit,DETECTION,hold_and_stop,0,234,0.2812719103601164,0.30628223453383085,242,1.0,0.0,0.0,0.0,0.0,0.8,0.39,0.0,1933,1500,0.6491375000000001,0,0,1,,right_only_from_pair_reject,1,1,1,43,1,182.1006154459509,641.9318806152856,350.29443686239205,141.831203101579,relaxed_midpoints,0.54,,,,-7.5865476857160585,19,-0.752983412910548,0.415839746475329,-0.7529834129105479,171,1,real,200,640,360,,18.025875091552734,0.0,25.653362274169922,real,straight,46,41,2579,2470,2470,2696,2501,2501,53898,0,26,142,179,55,55,none,0.0,0.0,-28.150297698766565,34,0,1,0,2,0,0,straight,1,46,39,right,0.7992916666666667,0.9220833333333334,6,60,0,6,24,1,1,0,16.26904306084209,1,1,0,1.0080872645309313,0,,right_only_from_pair_reject,0,,0.7992916666666667,0.9220833333333334,46,39,relaxed_midpoints,right,0,,0
1774306400.1148932,pure_pursuit,DETECTION,hold_and_stop,0,234,0.2812719103601164,0.30628223453383085,242,1.0,0.0,0.0,0.0,0.0,0.8,0.33,0.0,1867,1500,0.6686791666666668,0,0,1,,right_only_from_pair_reject,1,1,3,43,1,197.80894842480802,646.4569022217497,354.54580370552895,139.2432096745484,relaxed_midpoints,0.54,,,,-7.589289083820333,19,-0.752983412910548,0.415839746475329,-0.7529834129105479,172,1,real,200,640,360,,17.116069793701172,1.0602474212646484,21.72398567199707,real,straight,46,43,2539,2439,2439,2688,2476,2476,53898,0,26,142,179,55,55,centerline_fallback,0.0,0.0,-156.80218134383944,33,1,2,2,4,0,0,straight,1,44,39,right,0.7947083333333335,0.9220833333333334,0,60,0,0,24,1,1,0,14.392423674376708,1,1,0,0.967439551605859,0,,right_only_from_pair_reject,0,,0.7947083333333335,0.9220833333333334,44,41,relaxed_midpoints,right,0,right,1
1774306400.1879585,pure_pursuit,DETECTION,hold_and_stop,0,234,0.2812719103601164,0.30628223453383085,242,1.0,0.0,0.0,0.0,0.0,0.8,0.27,0.0,1800,1500,0.6486791666666668,0,0,1,,right_only_from_pair_reject,1,1,1,43,1,208.2127409860417,648.6789418826526,357.66865760427305,137.26620497353656,relaxed_midpoints,0.54,,,,-7.5923122405393,19,-0.752983412910548,0.415839746475329,-0.7529834129105479,173,1,real,200,640,360,,20.1418399810791,0.0,27.22477912902832,real,straight,47,39,2550,2440,2440,2721,2466,2466,53898,0,26,142,179,55,55,centerline_fallback,0.0,0.0,-156.53365668387863,32,1,0,2,0,0,0,straight,1,45,39,right,0.7947083333333335,0.9220833333333334,0,60,0,0,23,1,1,0,10.102457739568536,1,1,0,1.0394817380421084,0,,right_only_from_pair_reject,0,,0.7947083333333335,0.9220833333333334,47,39,relaxed_midpoints,right,0,right,2
1774306400.2658846,pure_pursuit,DETECTION,hold_and_stop,0,234,0.2812719103601164,0.30628223453383085,242,1.0,0.0,0.0,0.0,0.0,0.8,0.21000000000000002,0.0,1733,1500,0.8195958333333333,0,0,1,,right_only_from_pair_reject,1,1,20,43,1,220.79334722174585,651.8732160501737,361.227746619101,134.99605942614187,relaxed_midpoints,0.54,,,,-7.5954147993341135,19,-0.752983412910548,0.415839746475329,-0.7529834129105479,174,1,real,200,640,360,,20.734548568725586,1.1005401611328125,27.9080867767334,real,left,58,66,2748,2526,2526,2748,2526,2526,74463,0,26,142,179,55,55,centerline_fallback,0.0,0.0,-156.25497256715357,40,7,13,14,26,0,0,left,1,44,40,right,0.7947083333333335,0.9312499999999999,0,60,0,0,18,1,1,0,12.088230172572247,1,1,0,0.8434783795490375,0,,right_only_from_pair_reject,0,,0.7947083333333335,0.9312499999999999,48,50,relaxed_midpoints,right,0,right,3
1774306400.3442798,pure_pursuit,DETECTION,hold_and_stop,0,234,0.2812719103601164,0.30628223453383085,242,1.0,0.0,0.0,0.0,0.0,0.8,0.15000000000000002,0.0,1667,1500,0.7702833333333334,0,0,1,,right_only_from_pair_reject,1,1,13,43,1,229.33416394329498,652.2183447297665,364.07454006659594,132.57042889909886,relaxed_midpoints,0.54,,,,-7.598310600663343,19,-0.752983412910548,0.415839746475329,-0.7529834129105479,175,1,real,200,640,360,,20.415067672729492,0.0,27.939796447753906,real,left,49,63,2740,2497,2497,2740,2497,2497,74463,0,26,142,179,55,55,centerline_fallback,0.0,0.0,-155.97916022898676,37,1,12,2,24,0,0,left,1,47,39,right,0.8061666666666668,0.9266666666666665,0,60,0,0,13,1,1,0,13.999167078888144,1,1,0,4.3409872878731175,0,,right_only_from_pair_reject,0,,0.8061666666666668,0.9266666666666665,48,46,relaxed_midpoints,right,0,right,4
1774306400.4227374,pure_pursuit,DETECTION,hold_and_stop,0,234,0.2812719103601164,0.30628223453383085,242,1.0,0.0,0.0,0.0,0.0,0.8,0.09000000000000002,0.0,1600,1500,0.663,0,0,1,,held_prev_centerline,1,1,16,43,1,240.9373258543794,656.3294075892468,367.89261396484073,130.16338690176616,relaxed_midpoints,0.54,,,,-7.5998938829492175,19,-0.752983412910548,0.415839746475329,-0.7529834129105479,176,1,real,200,640,360,,20.366430282592773,0.0,28.86509895324707,real,left,47,67,2718,2440,2440,2718,2440,2440,74463,0,26,142,179,55,55,centerline_fallback,0.0,0.0,-155.68204095639152,40,2,14,4,28,0,0,left,1,43,39,hold_prev,0.0,0.0,0,60,0,0,2,1,1,0,13.155624389748482,1,1,0,2.423806088191006,0,,held_prev_centerline,0,,,,,,,,,,
1774306400.5021791,pure_pursuit,DETECTION,hold_and_stop,0,234,0.2812719103601164,0.30628223453383085,242,1.0,0.0,0.0,0.0,0.0,0.8,0.030000000000000027,0.0,1533,1500,0.6200800000000001,0,0,1,,held_last_good,1,1,24,43,0,252.31599963176495,662.1788891050243,372.54726244034765,127.84167750938992,too_few_valid_width_rows,0.54,,,,-7.601437307376314,19,-0.752983412910548,0.415839746475329,-0.7529834129105479,177,1,real,200,640,360,,20.005464553833008,0.0,25.589942932128906,real,left,70,63,2763,2474,2474,2763,2474,2474,74463,0,26,142,179,55,55,centerline_fallback,0.0,0.0,-155.48435166421365,40,12,12,24,24,0,0,left,1,46,39,hold_prev,0.0,0.0,0,60,0,0,0,1,1,0,13.075791756066115,1,1,0,4.488731827633186,1,reuse_last_good_centerline,held_last_good,0,,,,,,,,,,
1774306400.5786898,pure_pursuit,DETECTION,hold_and_stop,0,234,0.2812719103601164,0.30628223453383085,242,1.0,0.0,0.0,0.0,0.0,0.8,-0.02999999999999997,0.0,1467,1500,0.6016800000000001,0,0,1,,held_last_good,1,1,16,43,0,256.9503750204692,661.4405115180358,374.3350953433935,125.92372248323298,too_few_valid_width_rows,0.54,,,,-7.370999781564797,19,-0.752983412910548,0.415839746475329,-0.7529834129105479,178,1,real,200,640,360,,19.036531448364258,0.0,27.527332305908203,real,left,46,69,2715,2460,2460,2715,2460,2460,74463,0,26,142,179,55,55,centerline_fallback,0.0,0.0,-155.28609953668536,41,1,15,2,30,0,0,left,1,44,39,hold_prev,0.0,0.0,0,60,0,0,0,1,1,0,9.502585172090042,1,1,0,3.1275364378824615,1,reuse_last_good_centerline,held_last_good,1,,,,,,,,,,
1774306400.6568985,pure_pursuit,DETECTION,hold_and_stop,0,234,0.2812719103601164,0.30628223453383085,242,1.0,0.0,0.0,0.0,0.0,0.8,-0.08999999999999997,0.0,1400,1500,0.6200800000000001,0,0,1,,held_last_good,1,1,28,43,0,259.8159373073683,657.9247147845772,374.77799426448956,123.78364227967809,too_few_valid_width_rows,0.54,,,,-7.3724092695784,19,-0.752983412910548,0.415839746475329,-0.7529834129105479,179,1,real,200,640,360,,19.00506019592285,0.0,26.021480560302734,real,left,78,62,2728,2444,2444,2728,2444,2444,74463,0,26,142,179,55,55,centerline_fallback,0.0,0.0,-155.10370757935908,43,16,12,32,24,0,0,left,1,46,38,hold_prev,0.0,0.0,0,60,0,0,0,1,1,0,8.61361001364793,1,1,0,4.362167150257686,1,reuse_last_good_centerline,held_last_good,2,,,,,,,,,,
1774306400.733947,pure_pursuit,DETECTION,hold_and_stop,0,234,0.2812719103601164,0.30628223453383085,242,1.0,0.0,0.0,0.0,0.0,0.8,-0.14999999999999997,0.0,1333,1500,0.56396,0,1,1,,held_prev_centerline,1,1,11,43,0,264.15614812848145,655.8058870658983,376.72174841647154,121.6353719012767,too_few_valid_width_rows,0.54,,,,-7.373987736445018,19,-0.752983412910548,0.415839746475329,-0.7529834129105479,180,1,real,200,640,360,,21.998167037963867,0.0,27.005910873413086,real,left,44,60,2726,2437,2437,2726,2437,2437,74463,0,26,142,179,55,55,centerline_fallback,0.0,0.0,-154.93590697861907,36,0,11,0,22,0,0,left,1,44,38,hold_prev,0.0,0.0,0,60,0,0,0,1,1,0,10.89652752678332,1,1,0,4.6890772376623415,0,,held_prev_centerline,3,,,,,,,,,,
1774306400.8119476,pure_pursuit,DETECTION,hold_and_stop,0,234,0.2812719103601164,0.30628223453383085,242,1.0,0.0,0.0,0.0,0.0,0.8,-0.20999999999999996,0.0,1267,1500,0.62836,0,0,1,,held_prev_centerline,1,1,19,43,0,269.15802520730244,658.3906863786873,379.3225849109703,120.3473262367202,too_few_valid_width_rows,0.54,,,,-7.375528085210361,19,-0.752983412910548,0.415839746475329,-0.7529834129105479,181,1,real,200,640,360,,21.992921829223633,0.0,28.520584106445312,real,left,64,59,2725,2471,2471,2725,2471,2471,74463,0,26,142,179,55,55,centerline_fallback,0.0,0.0,-154.73619873164444,35,9,10,18,20,0,0,left,1,46,39,hold_prev,0.0,0.0,0,60,0,0,0,1,1,0,9.142969239916777,1,1,0,1.2887264414257042,0,,held_prev_centerline,4,,,,,,,,,,
1774306400.8908489,pure_pursuit,DETECTION,hold_and_stop,0,234,0.2812719103601164,0.30628223453383085,242,1.0,0.0,0.0,0.0,0.0,0.8,-0.26999999999999996,0.0,1200,1500,0.62836,0,0,1,,held_prev_centerline,1,1,29,43,0,270.39633012181787,656.5684955556758,379.82251768299847,119.44493438478598,too_few_valid_width_rows,0.54,,,,-7.377031667904324,19,-0.752983412910548,0.415839746475329,-0.7529834129105479,182,1,real,200,640,360,,19.11139488220215,0.0,26.009082794189453,real,left,78,63,2725,2467,2467,2725,2467,2467,74463,0,26,142,179,55,55,centerline_fallback,0.0,0.0,-154.53606091366242,43,17,12,34,24,0,0,left,1,44,39,hold_prev,0.0,0.0,0,60,0,0,0,1,1,0,3.238340991047635,1,1,0,1.5491719616422643,0,,held_prev_centerline,5,,,,,,,,,,
1774306400.967698,pure_pursuit,DETECTION,hold_and_stop,0,234,0.2812719103601164,0.30628223453383085,242,1.0,0.0,0.0,0.0,0.0,0.8,-0.32999999999999996,0.0,1133,1500,0.56396,0,1,1,,held_prev_centerline,1,1,11,43,0,275.61107752507763,657.0956186060802,382.57643631411935,117.55373482539322,too_few_valid_width_rows,0.54,,,,-7.378499789802007,19,-0.752983412910548,0.415839746475329,-0.7529834129105479,183,1,real,200,640,360,,19.812822341918945,0.0,27.744531631469727,real,left,47,59,2707,2481,2481,2707,2481,2481,74463,0,26,142,179,55,55,centerline_fallback,0.0,0.0,-154.33552457278745,42,1,10,2,20,0,0,left,1,45,39,hold_prev,0.0,0.0,0,60,0,0,0,1,1,0,12.405822307570118,1,1,0,2.692240935434529,0,,held_prev_centerline,6,,,,,,,,,,
1774306401.0459578,pure_pursuit,DETECTION,hold_and_stop,0,234,0.2812719103601164,0.30628223453383085,242,1.0,0.0,0.0,0.0,0.0,0.8,-0.38999999999999996,0.0,1067,1500,0.5915600000000001,0,2,1,,held_prev_centerline,1,1,14,43,0,279.99778848856937,658.4986278756033,385.01661232093613,116.11832547186636,too_few_valid_width_rows,0.54,,,,-7.379933711396604,19,-0.752983412910548,0.415839746475329,-0.7529834129105479,184,1,real,200,640,360,,18.49222183227539,0.0,24.000883102416992,real,left,52,63,2719,2539,2539,2719,2539,2539,74463,0,26,142,179,55,55,centerline_fallback,0.0,0.0,-154.13461950534946,43,2,12,4,24,0,0,left,1,48,39,hold_prev,0.0,0.0,0,60,0,0,0,1,1,0,8.242077138859374,1,1,0,1.9449958573424178,0,,held_prev_centerline,7,,,,,,,,,,
1774306401.121258,pure_pursuit,HOLD_AND_STOP,hold_and_stop,1,234,0.2812719103601164,0.30628223453383085,242,1.0,0.0,0.0,0.0,0.0,0.0,,,1067,1500,0.56396,1,3,0,fallback_hold_and_stop,held_prev_centerline,1,1,11,43,0,283.3545029146441,656.1401601693887,386.38965283190703,114.12291942606207,too_few_valid_width_rows,,,,,,,-0.752983412910548,0.415839746475329,-0.7529834129105479,185,1,real,200,640,360,,22.08876609802246,,26.007890701293945,real,left,45,59,2673,2461,2461,2673,2461,2461,74463,0,26,142,179,55,55,centerline_fallback,0.0,0.0,-153.93337430926005,45,1,10,2,20,0,0,left,1,43,39,hold_prev,0.0,0.0,0,60,0,0,0,1,1,0,9.354785532105032,1,1,0,4.065428966441671,0,,held_prev_centerline,8,,,,,,,,,,
1774306401.1987298,pure_pursuit,DETECTION,hold_and_stop,0,234,0.2812719103601164,0.30628223453383085,242,1.0,0.0,0.0,0.0,0.0,0.8,-0.44999999999999996,0.0,1000,1500,0.6099600000000001,0,0,1,,held_prev_centerline,1,1,16,43,0,287.3606926448191,656.4159405852903,388.62056910640865,112.54793214864294,too_few_valid_width_rows,0.3,,,,-27.944792748697495,16,-0.752983412910548,0.415839746475329,-0.7529834129105479,186,1,real,200,640,360,,21.001577377319336,0.0,27.012109756469727,real,left,55,63,2693,2519,2519,2693,2519,2519,74463,0,26,142,179,55,55,centerline_fallback,0.0,0.0,-153.7318164347369,46,4,12,8,24,0,0,left,1,47,39,hold_prev,0.0,0.0,0,60,0,0,0,1,1,0,8.6916536866422,1,1,0,0.8997762455946476,0,,held_prev_centerline,9,,,,,,,,,,
1774306401.2767434,pure_pursuit,DETECTION,hold_and_stop,0,234,0.2812719103601164,0.30628223453383085,242,1.0,0.0,0.0,0.0,0.0,0.8,-0.45,0.0,1000,1500,0.6099600000000001,0,0,1,,held_prev_centerline,1,1,16,43,0,290.5789253401937,655.2182470949191,390.22922466457,110.8771666978505,too_few_valid_width_rows,0.54,,,,-7.3840422459266986,19,-0.752983412910548,0.415839746475329,-0.7529834129105479,187,1,real,200,640,360,,22.624492645263672,0.0,28.027057647705078,real,left,58,59,2671,2530,2530,2671,2530,2530,74463,0,26,142,179,55,55,centerline_fallback,0.0,0.0,-153.52997223254278,45,6,10,12,20,0,0,left,1,46,39,hold_prev,0.0,0.0,0,60,0,0,0,1,1,0,8.208524644264235,1,1,0,2.229279953402005,0,,held_prev_centerline,10,,,,,,,,,,
1774306401.3555481,pure_pursuit,DETECTION,hold_and_stop,0,234,0.2812719103601164,0.30628223453383085,242,1.0,0.0,0.0,0.0,0.0,0.8,-0.45,0.0,1000,1500,0.62836,0,0,1,,held_prev_centerline,1,1,18,43,0,294.85012655898487,653.9528376958311,392.3618599913128,108.70760592458379,too_few_valid_width_rows,0.54,,,,-7.385351138603201,19,-0.752983412910548,0.415839746475329,-0.7529834129105479,188,1,real,200,640,360,,19.998788833618164,0.0,27.013301849365234,real,left,64,56,2667,2525,2525,2667,2525,2525,74463,0,26,142,179,55,55,centerline_fallback,0.0,0.0,-153.32786699988685,49,9,9,18,18,0,0,left,1,46,38,hold_prev,0.0,0.0,0,60,0,0,0,1,1,0,9.99053573203555,1,1,0,0.9218356968122483,0,,held_prev_centerline,11,,,,,,,,,,
1774306401.4335773,pure_pursuit,DETECTION,hold_and_stop,0,234,0.2812719103601164,0.30628223453383085,242,1.0,0.0,0.0,0.0,0.0,0.8,-0.45,0.0,1000,1500,0.62836,0,0,1,,held_prev_centerline,1,1,23,43,0,297.1142131996671,651.5405167874833,393.2850560717531,107.22596437339925,too_few_valid_width_rows,0.54,,,,-7.386631523351234,19,-0.752983412910548,0.415839746475329,-0.7529834129105479,189,1,real,200,640,360,,19.002199172973633,0.0,26.19004249572754,real,left,67,64,2653,2530,2530,2653,2530,2530,74463,0,26,142,179,55,55,centerline_fallback,0.0,0.0,-153.12552502412296,48,10,13,20,26,0,0,left,1,47,38,hold_prev,0.0,0.0,0,60,0,0,0,1,1,0,7.257053537235695,1,1,0,4.475157393397655,0,,held_prev_centerline,12,,,,,,,,,,
1774306401.5110986,pure_pursuit,DETECTION,hold_and_stop,0,234,0.2812719103601164,0.30628223453383085,242,1.0,0.0,0.0,0.0,0.0,0.8,-0.45,0.0,1000,1500,0.62836,0,0,1,,held_prev_centerline,1,1,23,43,0,300.1613113687167,650.5098232236953,394.7247754874487,105.4323868709148,too_few_valid_width_rows,0.54,,,,-7.387884427645578,19,-0.752983412910548,0.415839746475329,-0.7529834129105479,190,1,real,200,640,360,,19.32811737060547,0.0,25.249958038330078,real,left,74,58,2626,2535,2535,2626,2535,2535,74463,0,26,142,179,55,55,centerline_fallback,0.0,0.0,-152.92296962437422,44,13,10,26,20,0,0,left,1,48,38,hold_prev,0.0,0.0,0,60,0,0,0,1,1,0,10.149349315817203,1,1,0,3.812041869511456,0,,held_prev_centerline,13,,,,,,,,,,
1774306401.587441,pure_pursuit,DETECTION,hold_and_stop,0,234,0.2812719103601164,0.30628223453383085,242,1.0,0.0,0.0,0.0,0.0,0.8,-0.45,0.0,1000,1500,0.62836,0,0,1,,held_prev_centerline,1,1,18,43,0,303.8986722616901,647.1576004105304,396.396268219957,103.13625969353231,too_few_valid_width_rows,0.54,,,,-7.389110845248575,19,-0.752983412910548,0.415839746475329,-0.7529834129105479,191,1,real,200,640,360,,22.089481353759766,0.0,28.519392013549805,real,left,58,64,2621,2525,2525,2621,2525,2525,74463,0,26,142,179,55,55,centerline_fallback,0.0,0.0,-152.72022319119867,46,5,13,10,26,0,0,left,1,48,38,hold_prev,0.0,0.0,0,60,0,0,0,1,1,0,7.161898183380833,1,1,0,2.4340311707359414,0,,held_prev_centerline,14,,,,,,,,,,
1774306401.6667306,pure_pursuit,DETECTION,hold_and_stop,0,234,0.2812719103601164,0.30628223453383085,242,1.0,0.0,0.0,0.0,0.0,0.8,-0.45,0.0,1000,1500,0.62836,0,0,1,,held_prev_centerline,1,1,26,43,0,304.1435690776985,640.0413447348017,394.98760651407883,101.28168232286778,too_few_valid_width_rows,0.54,,,,-7.390311737473593,19,-0.752983412910548,0.415839746475329,-0.7529834129105479,192,1,real,200,640,360,,19.509077072143555,0.0,26.615142822265625,real,left,80,56,2597,2492,2492,2597,2492,2492,74463,0,26,142,179,55,55,centerline_fallback,0.0,0.0,-152.51730722440846,46,17,9,34,18,0,0,left,1,46,38,hold_prev,0.0,0.0,0,60,0,0,0,1,1,0,6.948627011324002,1,1,0,4.330758812723063,0,,held_prev_centerline,15,,,,,,,,,,
1774306401.7438571,pure_pursuit,DETECTION,hold_and_stop,0,234,0.2812719103601164,0.30628223453383085,242,1.0,0.0,0.0,0.0,0.0,0.8,-0.45,0.0,1000,1500,0.62836,0,0,1,,held_prev_centerline,1,1,21,43,0,307.82065371405656,638.3310324285392,396.7542431208561,99.17130617832298,too_few_valid_width_rows,0.54,,,,-7.391488034384399,19,-0.752983412910548,0.415839746475329,-0.7529834129105479,193,1,real,200,640,360,,20.329713821411133,0.0,26.856422424316406,real,left,72,58,2609,2565,2565,2609,2565,2565,74463,0,26,142,179,55,55,centerline_fallback,0.0,0.0,-152.31424236914313,48,11,10,22,20,0,0,left,1,50,38,hold_prev,0.0,0.0,0,60,0,0,0,1,1,0,9.89676132737513,1,1,0,1.6685856705292195,0,,held_prev_centerline,16,,,,,,,,,,
1774306401.8212316,pure_pursuit,DETECTION,hold_and_stop,0,234,0.2812719103601164,0.30628223453383085,242,1.0,0.0,0.0,0.0,0.0,0.8,-0.45,0.0,1000,1500,0.62836,0,0,1,,held_prev_centerline,1,1,25,43,0,309.9021476493074,637.6928232940903,398.01841135440884,98.21233638978751,too_few_valid_width_rows,0.54,,,,-7.392640635934633,19,-0.752983412910548,0.415839746475329,-0.7529834129105479,194,1,real,200,640,360,,20.388126373291016,0.0,27.907133102416992,real,left,77,58,2576,2554,2554,2576,2554,2554,74463,0,26,142,179,55,55,centerline_fallback,0.0,0.0,-152.11104845029394,49,15,10,30,20,0,0,left,1,47,38,hold_prev,0.0,0.0,0,60,0,0,0,1,1,0,7.646540982756087,1,1,0,2.6902738381631868,0,,held_prev_centerline,17,,,,,,,,,,
1774306401.8997607,pure_pursuit,DETECTION,hold_and_stop,0,234,0.2812719103601164,0.30628223453383085,242,1.0,0.0,0.0,0.0,0.0,0.8,-0.45,0.0,1000,1500,0.62836,0,0,1,,held_prev_centerline,1,1,31,43,0,308.77033282381063,628.886012435466,395.4679606491306,96.65931838956404,too_few_valid_width_rows,0.54,,,,-7.393770413051378,19,-0.752983412910548,0.415839746475329,-0.7529834129105479,195,1,real,200,640,360,,20.002126693725586,0.0,29.00409698486328,real,left,89,59,2595,2546,2546,2595,2546,2546,74463,0,26,142,179,55,55,centerline_fallback,0.0,0.0,-151.9077445053697,50,21,10,42,20,0,0,left,1,47,39,hold_prev,0.0,0.0,0,60,0,0,0,1,1,0,7.765880565887077,1,1,0,5.832634997877368,0,,held_prev_centerline,18,,,,,,,,,,
1774306401.9794548,pure_pursuit,DETECTION,hold_and_stop,0,234,0.2812719103601164,0.30628223453383085,242,1.0,0.0,0.0,0.0,0.0,0.8,-0.45,0.0,1000,1500,0.62836,0,0,1,,held_prev_centerline,1,1,34,43,0,310.5278552927302,625.4898816101686,395.9266636622131,95.2133949540387,too_few_valid_width_rows,0.54,,,,-7.39487820866641,19,-0.752983412910548,0.415839746475329,-0.7529834129105479,196,1,real,200,640,360,,18.621444702148438,0.0,25.530338287353516,real,left,91,62,2561,2523,2523,2561,2523,2523,74463,0,26,142,179,55,55,centerline_fallback,0.0,0.0,-151.70434881588358,48,22,12,44,24,0,0,left,1,47,38,hold_prev,0.0,0.0,0,60,0,0,0,1,1,0,6.1112559989838475,1,1,0,3.0647278984204482,0,,held_prev_centerline,19,,,,,,,,,,
1774306402.0559928,pure_pursuit,DETECTION,hold_and_stop,0,234,0.2812719103601164,0.30628223453383085,242,1.0,0.0,0.0,0.0,0.0,0.8,-0.45,0.0,1000,1500,0.62836,0,0,1,,held_prev_centerline,1,1,28,43,0,312.83605714103277,626.81556774728,397.7622401507357,94.68383267028241,too_few_valid_width_rows,0.54,,,,-7.395964838698583,19,-0.752983412910548,0.415839746475329,-0.7529834129105479,197,1,real,200,640,360,,21.400928497314453,0.0,28.88631820678711,real,left,75,67,2558,2532,2532,2558,2532,2532,74463,0,26,142,179,55,55,centerline_fallback,0.0,0.0,-151.50087893734553,50,14,14,28,28,0,0,left,1,47,39,hold_prev,0.0,0.0,0,60,0,0,0,1,1,0,6.875259881868687,1,1,0,1.8815699738530611,0,,held_prev_centerline,20,,,,,,,,,,
1774306402.136079,pure_pursuit,DETECTION,hold_and_stop,0,234,0.2812719103601164,0.30628223453383085,242,1.0,0.0,0.0,0.0,0.0,0.8,-0.45,0.0,1000,1500,0.62836,0,0,1,,held_prev_centerline,1,1,31,43,0,316.4842845668879,626.0441472833822,399.83800461890183,92.94477317251632,too_few_valid_width_rows,0.54,,,,-7.39703109299041,19,-0.752983412910548,0.415839746475329,-0.7529834129105479,198,1,real,200,640,360,,33.272743225097656,0.0,41.29672050476074,real,left,85,64,2569,2539,2539,2569,2539,2539,74463,0,26,142,179,55,55,centerline_fallback,0.0,0.0,-151.29735172792698,53,18,13,36,26,0,0,left,1,49,38,hold_prev,0.0,0.0,0,60,0,0,0,1,1,0,8.10549892090985,1,1,0,2.204806010324328,0,,held_prev_centerline,21,,,,,,,,,,
1774306402.2278295,pure_pursuit,DETECTION,hold_and_stop,0,234,0.2812719103601164,0.30628223453383085,242,1.0,0.0,0.0,0.0,0.0,0.8,-0.45,0.0,1000,1500,0.62836,0,0,1,,held_prev_centerline,1,1,32,43,0,317.33083790562716,621.7371422920894,399.5685696537969,91.68781825946608,too_few_valid_width_rows,0.54,,,,-7.3980777362018015,19,-0.752983412910548,0.415839746475329,-0.7529834129105479,199,1,real,200,640,360,,34.772634506225586,0.0,42.12665557861328,real,left,87,64,2557,2539,2539,2557,2539,2539,74463,0,26,142,179,55,55,centerline_fallback,0.0,0.0,-151.09378337587088,48,19,13,38,26,0,0,left,1,49,38,hold_prev,0.0,0.0,0,60,0,0,0,1,1,0,6.718354682540576,1,1,0,5.6906203913947015,0,,held_prev_centerline,22,,,,,,,,,,
1774306402.3209836,pure_pursuit,DETECTION,hold_and_stop,0,234,0.2812719103601164,0.30628223453383085,242,1.0,0.0,0.0,0.0,0.0,0.8,-0.45,0.0,1000,1500,0.62836,0,0,1,,held_prev_centerline,1,1,31,43,0,318.9554771543452,619.0565929817582,400.2271299467218,90.60981855056677,too_few_valid_width_rows,0.54,,,,-7.399105508663673,19,-0.752983412910548,0.415839746475329,-0.7529834129105479,200,1,real,200,640,360,,20.393848419189453,0.0,28.412818908691406,real,left,90,58,2544,2509,2509,2544,2509,2509,74463,0,26,142,179,55,55,centerline_fallback,0.0,0.0,-150.89018942571175,50,21,10,42,20,0,0,left,1,48,38,hold_prev,0.0,0.0,0,60,0,0,0,1,1,0,7.622690970892157,1,1,0,5.099051973834447,0,,held_prev_centerline,23,,,,,,,,,,
1774306402.40063,pure_pursuit,DETECTION,hold_and_stop,0,234,0.2812719103601164,0.30628223453383085,242,1.0,0.0,0.0,0.0,0.0,0.8,-0.45,0.0,1000,1500,0.62836,0,0,1,,held_prev_centerline,1,1,35,43,0,321.18828940462174,618.4071817709354,401.6125039590766,89.66454763980659,too_few_valid_width_rows,0.54,,,,-7.400115127193829,19,-0.752983412910548,0.415839746475329,-0.7529834129105479,201,1,real,200,640,360,,32.80067443847656,0.0,39.80851173400879,real,left,89,68,2516,2492,2492,2516,2492,2492,74463,0,26,142,179,55,55,centerline_fallback,0.0,0.0,-150.68658480336052,48,20,15,40,30,0,0,left,1,49,38,hold_prev,0.0,0.0,0,60,0,0,0,1,1,0,6.869664008784084,1,1,0,1.554043502044835,0,,held_prev_centerline,24,,,,,,,,,,
1774306402.4915738,pure_pursuit,DETECTION,hold_and_stop,0,234,0.2812719103601164,0.30628223453383085,242,1.0,0.0,0.0,0.0,0.0,0.8,-0.45,0.0,1000,1500,0.62836,0,0,1,,held_prev_centerline,1,1,34,43,0,320.1138088011295,612.2665039786175,400.26028016666623,89.0855106858369,too_few_valid_width_rows,0.54,,,,-7.401107285877566,19,-0.752983412910548,0.415839746475329,-0.7529834129105479,202,1,real,200,640,360,,18.240690231323242,0.0,24.519920349121094,real,left,96,57,2494,2473,2473,2494,2473,2473,74463,0,26,142,179,55,55,centerline_fallback,0.0,0.0,-150.4829838401197,43,24,10,48,20,0,0,left,1,48,37,hold_prev,0.0,0.0,0,60,0,0,0,1,1,0,5.186793517792251,1,1,0,8.586896231252474,0,,held_prev_centerline,25,,,,,,,,,,
1774306402.5671391,pure_pursuit,DETECTION,hold_and_stop,0,234,0.2812719103601164,0.30628223453383085,242,1.0,0.0,0.0,0.0,0.0,0.8,-0.45,0.0,1000,1500,0.62836,0,0,1,,held_prev_centerline,1,1,29,43,0,318.790826721839,609.1292391837901,399.5684222032898,89.18381465361333,too_few_valid_width_rows,0.54,,,,-7.402082656815023,19,-0.752983412910548,0.415839746475329,-0.7529834129105479,203,1,real,200,640,360,,20.00570297241211,0.0,26.964664459228516,real,left,84,59,2480,2445,2445,2480,2445,2445,74463,0,26,142,179,55,55,centerline_fallback,0.0,0.0,-150.27940029567446,51,18,11,36,22,0,0,left,1,48,37,hold_prev,0.0,0.0,0,60,0,0,0,1,1,0,7.653512222734684,1,1,0,9.668058033599669,0,,held_prev_centerline,26,,,,,,,,,,
1774306402.645135,pure_pursuit,DETECTION,hold_and_stop,0,234,0.2812719103601164,0.30628223453383085,242,1.0,0.0,0.0,0.0,0.0,0.8,-0.45,0.0,1000,1500,0.62836,0,0,1,,held_prev_centerline,1,1,31,43,0,321.8684982099778,608.869933001651,401.4264957191728,88.00252963357195,too_few_valid_width_rows,0.54,,,,-7.403041890837324,19,-0.752983412910548,0.415839746475329,-0.7529834129105479,204,1,real,200,640,360,,63.179731369018555,0.0,82.48162269592285,real,left,89,59,2489,2457,2457,2489,2457,2457,74463,0,26,142,179,55,55,centerline_fallback,0.0,0.0,-150.07584738011462,42,20,11,40,22,0,0,left,1,49,37,hold_prev,0.0,0.0,0,60,0,0,0,1,1,0,5.612194879615388,1,1,0,5.290683488373353,0,,held_prev_centerline,27,,,,,,,,,,
1774306402.778943,pure_pursuit,DETECTION,hold_and_stop,0,234,0.2812719103601164,0.30628223453383085,242,1.0,0.0,0.0,0.0,0.0,0.8,-0.45,0.0,1000,1500,0.62836,0,0,1,,held_prev_centerline,1,1,30,43,0,322.09230137143334,604.592562965524,401.7641086195398,87.25051416090872,too_few_valid_width_rows,0.54,,,,-7.4039856181934,19,-0.752983412910548,0.415839746475329,-0.7529834129105479,205,1,real,200,640,360,,41.26095771789551,0.0,56.34784698486328,real,left,84,61,2473,2441,2441,2473,2441,2441,74463,0,26,142,179,55,55,centerline_fallback,0.0,0.0,-149.87233777503315,49,18,12,36,24,0,0,left,1,48,37,hold_prev,0.0,0.0,0,60,0,0,0,1,1,0,8.72728221652365,1,1,0,8.14064041541135,0,,held_prev_centerline,28,,,,,,,,,,
1774306402.8863573,pure_pursuit,DETECTION,hold_and_stop,0,234,0.2812719103601164,0.30628223453383085,242,1.0,0.0,0.0,0.0,0.0,0.8,-0.45,0.0,1000,1500,0.62836,0,0,1,,held_prev_centerline,1,1,33,43,0,321.14967452783674,601.9988550393296,401.55871055513103,87.14411392908559,too_few_valid_width_rows,0.54,,,,-7.404914449209052,19,-0.752983412910548,0.415839746475329,-0.7529834129105479,206,1,real,200,640,360,,39.30020332336426,0.0,49.41701889038086,real,left,89,63,2499,2465,2465,2499,2465,2465,74463,0,26,142,179,55,55,centerline_fallback,0.0,0.0,-149.6688836537444,51,20,13,40,26,0,0,left,1,49,37,hold_prev,0.0,0.0,0,60,0,0,0,1,1,0,5.9644597742917655,1,1,0,5.094140363879429,0,,held_prev_centerline,29,,,,,,,,,,
1774306402.987458,pure_pursuit,DETECTION,hold_and_stop,0,234,0.2812719103601164,0.30628223453383085,242,1.0,0.0,0.0,0.0,0.0,0.8,-0.45,0.0,1000,1500,0.62836,0,0,1,,held_prev_centerline,1,1,37,43,0,319.1319316324966,600.8406820538244,401.1874166574071,87.75636417377005,too_few_valid_width_rows,0.54,,,,-7.40582897492001,19,-0.752983412910548,0.415839746475329,-0.7529834129105479,207,1,real,200,640,360,,33.41102600097656,0.0,42.109012603759766,real,left,90,69,2474,2439,2439,2474,2439,2439,74463,0,26,142,179,55,55,centerline_fallback,0.0,0.0,-149.4654967006678,65,21,16,42,32,0,0,left,1,48,37,hold_prev,0.0,0.0,0,60,0,0,0,1,1,0,6.9475828418446515,1,1,0,8.190115092906233,0,,held_prev_centerline,30,,,,,,,,,,
1774306403.080673,pure_pursuit,DETECTION,hold_and_stop,0,234,0.2812719103601164,0.30628223453383085,242,1.0,0.0,0.0,0.0,0.0,0.8,-0.45,0.0,1000,1500,0.62836,0,0,1,,held_prev_centerline,1,1,33,43,0,319.7791462266497,599.604218082847,401.9893295725881,87.30591626482463,too_few_valid_width_rows,0.54,,,,-7.406729767680346,19,-0.752983412910548,0.415839746475329,-0.7529834129105479,208,1,real,200,640,360,,32.6082706451416,0.0,40.04096984863281,real,left,90,61,2498,2445,2445,2498,2445,2445,74463,0,26,142,179,55,55,centerline_fallback,0.0,0.0,-149.26218812991266,46,21,12,42,24,0,0,left,1,48,37,hold_prev,0.0,0.0,0,60,0,0,0,1,1,0,6.177720184032357,1,1,0,2.9088971607988503,0,,held_prev_centerline,31,,,,,,,,,,
1774306403.1724272,pure_pursuit,DETECTION,hold_and_stop,0,234,0.2812719103601164,0.30628223453383085,242,1.0,0.0,0.0,0.0,0.0,0.8,-0.45,0.0,1000,1500,0.62836,0,0,1,,held_prev_centerline,1,1,30,43,0,322.4699548032944,602.1599480631774,404.4860031931237,87.23318153211464,too_few_valid_width_rows,0.54,,,,-7.407617381747633,19,-0.752983412910548,0.415839746475329,-0.7529834129105479,209,1,real,200,640,360,,33.40458869934082,0.0,40.502071380615234,real,left,80,64,2484,2445,2445,2484,2445,2445,74463,0,26,142,179,55,55,centerline_fallback,0.0,0.0,-149.0589687031034,55,16,14,32,28,0,0,left,1,48,36,hold_prev,0.0,0.0,0,60,0,0,0,1,1,0,9.427047940899667,1,1,0,1.6934502989524243,0,,held_prev_centerline,32,,,,,,,,,,
1774306403.2642555,pure_pursuit,DETECTION,hold_and_stop,0,234,0.2812719103601164,0.30628223453383085,242,1.0,0.0,0.0,0.0,0.0,0.8,-0.45,0.0,1000,1500,0.62836,0,0,1,,held_prev_centerline,1,1,36,43,0,310.0404617580178,592.824946945165,401.3341033922451,88.60136017960608,too_few_valid_width_rows,0.54,,,,-7.408492353846116,19,-0.752983412910548,0.415839746475329,-0.7529834129105479,210,1,real,200,640,360,,33.72621536254883,0.0,41.708946228027344,real,left,85,70,2472,2425,2425,2472,2425,2425,74463,0,26,142,179,55,55,centerline_fallback,0.0,0.0,-148.85584874648174,54,19,17,38,34,0,0,left,1,47,36,hold_prev,0.0,0.0,0,60,0,0,0,1,1,0,6.436973047909159,1,1,0,15.918775572997054,0,,held_prev_centerline,33,,,,,,,,,,
1774306403.3566892,pure_pursuit,DETECTION,hold_and_stop,0,234,0.2812719103601164,0.30628223453383085,242,1.0,0.0,0.0,0.0,0.0,0.8,-0.45,0.0,1000,1500,0.62836,0,0,1,,held_prev_centerline,1,1,34,43,0,303.5340708843027,591.6439251310063,401.24864656859705,89.79198563423141,too_few_valid_width_rows,0.54,,,,-7.40935520370907,19,-0.752983412910548,0.415839746475329,-0.7529834129105479,211,1,real,200,640,360,,33.617496490478516,0.0,43.701171875,real,left,87,63,2420,2360,2360,2420,2360,2360,74463,0,26,142,179,55,55,centerline_fallback,0.0,0.0,-148.65283816731562,47,20,14,40,28,0,0,left,1,47,35,hold_prev,0.0,0.0,0,60,0,0,0,1,1,0,5.678042911793182,1,1,0,7.3173349667005505,0,,held_prev_centerline,34,,,,,,,,,,
1774306403.4509213,pure_pursuit,DETECTION,hold_and_stop,0,234,0.2812719103601164,0.30628223453383085,242,1.0,0.0,0.0,0.0,0.0,0.8,-0.45,0.0,1000,1500,0.62836,0,0,1,,held_prev_centerline,1,1,30,43,0,290.0591756911379,586.2609150138168,400.03991869195113,91.18348484024098,too_few_valid_width_rows,0.54,,,,-7.410206434601431,19,-0.752983412910548,0.415839746475329,-0.7529834129105479,212,1,real,200,640,360,,20.049571990966797,0.0,29.55031394958496,real,left,87,54,2414,2347,2347,2414,2347,2347,74463,0,26,142,179,55,55,centerline_fallback,0.0,0.0,-148.44994646964972,39,20,10,40,20,0,0,left,1,47,34,hold_prev,0.0,0.0,0,60,0,0,0,1,1,0,6.067579057964744,1,1,0,8.197859047220875,0,,held_prev_centerline,35,,,,,,,,,,
1774306403.5312386,pure_pursuit,DETECTION,hold_and_stop,0,234,0.2812719103601164,0.30628223453383085,242,1.0,0.0,0.0,0.0,0.0,0.8,-0.45,0.0,1000,1500,0.62836,0,0,1,,held_prev_centerline,1,1,28,43,0,285.96888511891564,585.6729160136437,400.55196456728777,91.92539685481661,too_few_valid_width_rows,0.54,,,,-7.411046533823722,19,-0.752983412910548,0.415839746475329,-0.7529834129105479,213,1,real,200,640,360,,16.664743423461914,0.0,24.1396427154541,real,left,89,49,2451,2385,2385,2451,2385,2385,74463,0,26,142,179,55,55,centerline_fallback,0.0,0.0,-148.24718276942735,44,21,7,42,14,0,0,left,1,47,35,hold_prev,0.0,0.0,0,60,0,0,0,1,1,0,5.627135149119156,1,1,0,5.2425511368856,0,,held_prev_centerline,36,,,,,,,,,,
1774306403.6058822,pure_pursuit,DETECTION,hold_and_stop,0,234,0.2812719103601164,0.30628223453383085,242,1.0,0.0,0.0,0.0,0.0,0.8,-0.45,0.0,1000,1500,0.62836,0,0,1,,held_prev_centerline,1,1,36,43,0,283.7098712407086,587.736465219894,401.50204652624365,93.102707278716,too_few_valid_width_rows,0.54,,,,-7.41187597319819,19,-0.752983412910548,0.415839746475329,-0.7529834129105479,214,1,real,200,640,360,,22.275686264038086,0.0,34.124135971069336,real,left,93,61,2448,2376,2376,2448,2376,2376,74463,0,26,142,179,55,55,centerline_fallback,0.0,0.0,-148.0445558090094,51,23,13,46,26,0,0,left,1,47,35,hold_prev,0.0,0.0,0,60,0,0,0,1,1,0,7.991324680385365,1,1,0,6.5647059447260245,0,,held_prev_centerline,37,,,,,,,,,,
1774306403.691083,pure_pursuit,DETECTION,hold_and_stop,0,234,0.2812719103601164,0.30628223453383085,242,1.0,0.0,0.0,0.0,0.0,0.8,-0.45,0.0,1000,1500,0.62836,0,0,1,,held_prev_centerline,1,1,37,43,0,289.9950290058076,593.3131562550542,404.44417414658017,93.18464132683778,too_few_valid_width_rows,0.54,,,,-7.412695209538074,19,-0.752983412910548,0.415839746475329,-0.7529834129105479,215,1,real,200,640,360,,43.033599853515625,0.9989738464355469,51.37991905212402,real,left,81,73,2449,2376,2376,2449,2376,2376,74463,0,26,142,179,55,55,centerline_fallback,0.0,0.0,-147.84207397112056,61,18,19,36,38,0,0,left,1,45,35,hold_prev,0.0,0.0,0,60,0,0,0,1,1,0,6.817403389244604,1,1,0,4.395525082507701,0,,held_prev_centerline,38,,,,,,,,,,
1774306403.7933228,pure_pursuit,DETECTION,hold_and_stop,0,234,0.2812719103601164,0.30628223453383085,242,1.0,0.0,0.0,0.0,0.0,0.8,-0.45,0.0,1000,1500,0.62836,0,0,1,,held_prev_centerline,1,1,32,43,0,301.4592308790554,597.8282708819779,409.2559017621314,91.48020872585049,too_few_valid_width_rows,0.54,,,,-7.413504685100772,19,-0.752983412910548,0.415839746475329,-0.7529834129105479,216,1,real,200,640,360,,27.91428565979004,0.0,38.687705993652344,real,left,84,59,2430,2325,2325,2430,2325,2325,74463,0,26,142,179,55,55,centerline_fallback,0.0,0.0,-147.63974529224362,44,19,13,38,26,0,0,left,1,46,33,hold_prev,0.0,0.0,0,60,0,0,0,1,1,0,4.035560778062872,1,1,0,14.837063997480222,0,,held_prev_centerline,39,,,,,,,,,,
1774306403.8827558,pure_pursuit,DETECTION,hold_and_stop,0,234,0.2812719103601164,0.30628223453383085,242,1.0,0.0,0.0,0.0,0.0,0.8,-0.45,0.0,1000,1500,0.62836,0,0,1,,held_prev_centerline,1,1,28,43,0,282.81437468920143,591.6771491749084,406.3768469956953,94.23965900931063,too_few_valid_width_rows,0.54,,,,-7.414304828025707,19,-0.752983412910548,0.415839746475329,-0.7529834129105479,217,1,real,200,640,360,,37.56880760192871,0.0,46.662330627441406,real,left,86,49,2887,2897,2897,2887,2897,2897,74463,0,26,142,179,55,55,centerline_fallback,0.0,0.0,-147.43757747549347,60,20,8,40,16,0,0,left,1,46,33,hold_prev,0.0,0.0,0,60,0,0,0,1,1,0,6.61262629177813,1,1,0,11.385913550492448,0,,held_prev_centerline,40,,,,,,,,,,
1774306403.9805348,pure_pursuit,DETECTION,hold_and_stop,0,234,0.2812719103601164,0.30628223453383085,242,1.0,0.0,0.0,0.0,0.0,0.8,-0.45,0.0,1000,1500,0.62836,0,0,1,,held_prev_centerline,1,1,33,43,0,280.4857755308174,590.9635501164369,407.16012828448055,94.53520890947256,too_few_valid_width_rows,0.54,,,,-7.415096052757599,19,-0.752983412910548,0.415839746475329,-0.7529834129105479,218,1,real,200,640,360,,17.785072326660156,0.0,26.32594108581543,real,left,83,61,2814,2801,2801,2814,2801,2801,74463,0,26,142,179,55,55,centerline_fallback,0.0,0.0,-147.23557790298452,78,19,14,38,28,0,0,left,1,45,33,hold_prev,0.0,0.0,0,60,0,0,0,1,1,0,7.765953795532251,1,1,0,7.114643435443525,0,,held_prev_centerline,41,,,,,,,,,,
1774306404.057938,pure_pursuit,DETECTION,hold_and_stop,0,234,0.2812719103601164,0.30628223453383085,242,1.0,0.0,0.0,0.0,0.0,0.8,-0.45,0.0,1000,1500,0.62836,0,0,1,,held_prev_centerline,1,1,37,43,0,263.33714629038184,585.5817137360687,404.42362401322515,97.49793063095366,too_few_valid_width_rows,0.54,,,,-7.415878760455772,19,-0.752983412910548,0.415839746475329,-0.7529834129105479,219,1,real,200,640,360,,32.87220001220703,0.0,42.44542121887207,real,left,90,61,2761,2703,2703,2761,2703,2703,74463,0,26,142,179,55,55,centerline_fallback,0.0,0.0,-147.03375364772074,63,23,14,46,28,0,0,left,1,44,33,hold_prev,0.0,0.0,0,60,0,0,0,1,1,0,4.091011341531169,1,1,0,11.90082186815331,0,,held_prev_centerline,42,,,,,,,,,,
1774306404.150946,pure_pursuit,DETECTION,hold_and_stop,0,234,0.2812719103601164,0.30628223453383085,242,1.0,0.0,0.0,0.0,0.0,0.8,-0.45,0.0,1000,1500,0.62836,0,0,1,,held_prev_centerline,1,1,33,43,0,252.9296876504428,584.095519735901,403.09222448661893,99.96086454241114,too_few_valid_width_rows,0.54,,,,-7.416653339390147,19,-0.752983412910548,0.415839746475329,-0.7529834129105479,220,1,real,200,640,360,,31.415462493896484,0.0,42.53959655761719,real,left,82,61,2426,2313,2313,2426,2313,2313,74463,0,26,142,179,55,55,centerline_fallback,0.0,0.0,-146.83211148502545,47,19,14,38,28,0,0,left,1,44,33,hold_prev,0.0,0.0,0,60,0,0,0,1,1,0,3.43727900809432,1,1,0,9.817484503315923,0,,held_prev_centerline,43,,,,,,,,,,
1774306404.2441154,pure_pursuit,DETECTION,hold_and_stop,0,234,0.2812719103601164,0.30628223453383085,242,1.0,0.0,0.0,0.0,0.0,0.8,-0.45,0.0,1000,1500,0.62836,0,0,1,,held_prev_centerline,1,1,36,43,0,225.53416571083548,580.4321028564932,397.08821823769074,106.8413417883593,too_few_valid_width_rows,0.54,,,,-7.417420165324513,19,-0.752983412910548,0.415839746475329,-0.7529834129105479,221,1,real,200,640,360,,30.10106086730957,0.0,42.05131530761719,real,left,79,71,2429,2322,2322,2429,2322,2322,74463,0,26,142,179,55,55,centerline_fallback,0.0,0.0,-146.6306579035304,51,17,19,34,38,0,0,left,1,45,33,hold_prev,0.0,0.0,0,60,0,0,0,1,1,0,4.446480177648004,1,1,0,21.33387045385106,0,,held_prev_centerline,44,,,,,,,,,,
1774306404.337704,pure_pursuit,DETECTION,hold_and_stop,0,234,0.2812719103601164,0.30628223453383085,242,1.0,0.0,0.0,0.0,0.0,0.8,-0.45,0.0,1000,1500,0.62836,0,0,1,,held_prev_centerline,1,1,31,43,0,226.97149443000367,582.5597381738255,398.1680069540156,107.05941116644156,too_few_valid_width_rows,0.54,,,,-7.418179601887561,19,-0.752983412910548,0.415839746475329,-0.7529834129105479,222,1,real,200,640,360,,30.754804611206055,0.0,39.864540100097656,real,left,83,57,2412,2281,2281,2412,2281,2281,74463,0,26,142,179,55,55,centerline_fallback,0.0,0.0,-146.42939911574467,41,19,12,38,24,0,0,left,1,45,33,hold_prev,0.0,0.0,0,60,0,0,0,1,1,0,9.010809361785876,1,1,0,6.477884512885358,0,,held_prev_centerline,45,,,,,,,,,,
1774306404.4285426,pure_pursuit,DETECTION,hold_and_stop,0,234,0.2812719103601164,0.30628223453383085,242,1.0,0.0,0.0,0.0,0.0,0.8,-0.45,0.0,1000,1500,0.62836,0,0,1,,held_prev_centerline,1,1,33,43,0,210.1629830327297,577.5177861311382,395.8877143368773,110.55350606263698,too_few_valid_width_rows,0.54,,,,-7.418932000932263,19,-0.752983412910548,0.415839746475329,-0.7529834129105479,223,1,real,200,640,360,,33.00046920776367,0.0,46.236276626586914,real,left,80,60,2738,2593,2593,2738,2593,2593,74463,0,26,142,179,55,55,centerline_fallback,0.0,0.0,-146.2283410682199,59,18,15,36,30,0,0,left,1,44,30,hold_prev,0.0,0.0,0,60,0,0,2,1,1,0,4.486248163630555,1,1,0,11.989246439919352,0,,held_prev_centerline,46,,,,,,,,,,
1774306404.525442,pure_pursuit,DETECTION,hold_and_stop,0,234,0.2812719103601164,0.30628223453383085,242,1.0,0.0,0.0,0.0,0.0,0.8,-0.45,0.0,1000,1500,0.64569855,0,0,1,,right_only_from_pair_reject,1,1,26,43,0,179.6163204683764,567.8788053253681,390.18088365296484,117.13365553074807,too_few_valid_width_rows,0.54,,,,-7.8169635565273605,18,-0.752983412910548,0.415839746475329,-0.7529834129105479,224,1,real,200,640,360,,28.012514114379883,0.0,36.086082458496094,real,left,75,49,2853,2689,2689,2853,2689,2689,74463,0,26,142,179,55,55,centerline_fallback,0.0,0.0,-146.02748945132703,70,16,10,32,20,0,0,left,1,43,29,right,0.6904583333333334,0.6378333333333334,2,60,0,2,7,1,1,0,6.22269142372428,1,1,0,21.78950347546356,0,,right_only_from_pair_reject,47,,0.6904583333333334,0.6378333333333334,49,36,too_few_valid_width_rows,left,0,right,5
1774306404.612613,pure_pursuit,DETECTION,hold_and_stop,0,234,0.2812719103601164,0.30628223453383085,242,1.0,0.0,0.0,0.0,0.0,0.8,-0.45,0.0,1000,1500,0.62836,0,0,1,,held_prev_centerline,1,1,33,43,0,224.96549828526173,585.8726685546644,403.7456663679157,108.61166839992119,too_few_valid_width_rows,0.54,,,,-7.817546137598924,18,-0.752983412910548,0.415839746475329,-0.7529834129105479,225,1,real,200,640,360,,32.15980529785156,0.0,41.162729263305664,real,left,79,67,2913,2725,2725,2913,2725,2725,74463,0,26,142,179,55,55,centerline_fallback,0.0,0.0,-145.9563268182128,59,18,15,36,30,0,0,left,1,43,37,hold_prev,0.0,0.0,0,60,0,0,0,1,1,0,4.7232488159596056,1,1,0,44.72911344493483,0,,held_prev_centerline,48,,,,,,,,,,
1774306404.705244,pure_pursuit,DETECTION,hold_and_stop,0,234,0.2812719103601164,0.30628223453383085,242,1.0,0.0,0.0,0.0,0.0,0.8,-0.45,0.0,1000,1500,0.62836,0,0,1,,held_prev_centerline,1,1,27,43,0,248.91917063280874,599.0221885921355,412.15960923061425,105.52511443648388,too_few_valid_width_rows,0.54,,,,-7.818121178430035,18,-0.752983412910548,0.415839746475329,-0.7529834129105479,226,1,real,200,640,360,,24.14250373840332,0.0,34.157752990722656,real,left,73,64,2807,2608,2608,2807,2608,2608,74463,0,26,142,179,55,55,centerline_fallback,0.0,0.0,-145.75584164528243,50,15,12,30,24,0,0,left,1,43,40,hold_prev,0.0,0.0,0,60,0,0,0,1,1,0,5.816422535297642,1,1,0,32.653671499614816,0,,held_prev_centerline,49,,,,,,,,,,
1774306404.7903526,pure_pursuit,DETECTION,hold_and_stop,0,234,0.2812719103601164,0.30628223453383085,242,1.0,0.0,0.0,0.0,0.0,0.8,-0.45,0.0,1000,1500,0.62836,0,0,1,,held_prev_centerline,1,1,29,43,0,262.7559122578167,607.5521659580445,417.39698644902455,104.1453473979409,too_few_valid_width_rows,0.54,,,,-7.818688951187433,18,-0.752983412910548,0.415839746475329,-0.7529834129105479,227,1,real,200,640,360,,41.58163070678711,0.0,53.25889587402344,real,left,81,61,2638,2468,2468,2638,2468,2468,74463,0,26,142,179,55,55,centerline_fallback,0.0,0.0,-145.55557398208293,43,19,10,38,20,0,0,left,1,43,41,hold_prev,0.0,0.0,0,60,0,0,0,1,1,0,4.423908377953193,1,1,0,14.236340424512766,0,,held_prev_centerline,50,,,,,,,,,,
1774306404.8943157,pure_pursuit,DETECTION,hold_and_stop,0,234,0.2812719103601164,0.30628223453383085,242,1.0,0.0,0.0,0.0,0.0,0.8,-0.45,0.0,1000,1500,0.62836,0,0,1,,held_prev_centerline,1,1,35,43,0,254.9935671959266,608.5431970727689,416.88603521199127,106.65834127476703,too_few_valid_width_rows,0.54,,,,-7.819249719922573,18,-0.752983412910548,0.415839746475329,-0.7529834129105479,228,1,real,200,640,360,,46.21076583862305,0.0,53.53236198425293,real,left,85,70,2683,2552,2552,2683,2552,2552,74463,0,26,142,179,55,55,centerline_fallback,0.0,0.0,-145.35552877427028,51,21,14,42,28,0,0,left,1,43,42,hold_prev,0.0,0.0,0,60,0,0,0,1,1,0,5.1151706765926885,1,1,0,7.102813003490511,0,,held_prev_centerline,51,,,,,,,,,,
1774306404.9991548,pure_pursuit,DETECTION,hold_and_stop,0,234,0.2812719103601164,0.30628223453383085,242,1.0,0.0,0.0,0.0,0.0,0.8,-0.45,0.0,1000,1500,0.62836,0,0,1,,held_prev_centerline,1,1,37,43,0,209.77673881029895,605.2062946001237,407.11042270167604,118.99742755034342,too_few_valid_width_rows,0.54,,,,-7.819803740812358,18,-0.752983412910548,0.415839746475329,-0.7529834129105479,229,1,real,200,640,360,,33.106327056884766,0.0,43.35808753967285,real,left,76,82,2658,2494,2494,2658,2494,2494,74463,0,26,142,179,55,55,centerline_fallback,0.0,0.0,-145.15571074685693,49,17,20,34,40,0,0,left,1,42,42,hold_prev,0.0,0.0,0,60,0,0,2,1,1,0,4.22524066963848,1,1,0,37.771843787318836,0,,held_prev_centerline,52,,,,,,,,,,
1774306405.0934052,pure_pursuit,DETECTION,hold_and_stop,0,234,0.2812719103601164,0.30628223453383085,242,1.0,0.0,0.0,0.0,0.0,0.8,-0.45,0.0,1000,1500,0.6477927000000001,0,0,1,,right_only_from_pair_reject,1,1,29,43,0,194.49869094400736,605.7557578284068,406.2589277864966,123.79884949913775,too_few_valid_width_rows,0.54,,,,-7.820904878538292,18,-0.752983412910548,0.415839746475329,-0.7529834129105479,230,1,real,200,640,360,,28.957843780517578,0.0,40.65299034118652,real,left,75,65,2875,2696,2696,2875,2696,2696,74463,0,26,142,179,55,55,centerline_fallback,0.0,0.0,-144.95612441238603,45,17,12,34,24,0,0,left,1,41,41,right,0.7763750000000001,0.5772083333333333,0,60,0,0,5,1,1,0,4.555277701565363,1,1,0,12.854810056466524,0,,right_only_from_pair_reject,53,,0.7763750000000001,0.5772083333333333,48,47,too_few_valid_width_rows,left,0,right,6
1774306405.184808,pure_pursuit,DETECTION,hold_and_stop,0,234,0.2812719103601164,0.30628223453383085,242,1.0,0.0,0.0,0.0,0.0,0.8,-0.45,0.0,1000,1500,0.6485517000000001,0,0,1,,right_only_from_pair_reject,1,1,32,43,0,175.65492273606466,603.5099378374438,404.69142558521014,128.9801036039783,too_few_valid_width_rows,0.54,,,,-7.823564400512964,18,-0.752983412910548,0.415839746475329,-0.7529834129105479,231,1,real,200,640,360,,32.28473663330078,0.0,41.274309158325195,real,left,78,70,2796,2646,2646,2796,2646,2646,74463,0,26,142,179,55,55,centerline_fallback,0.0,0.0,-145.2869519866481,44,18,14,36,28,0,0,left,1,42,42,right,0.7786666666666667,0.5840833333333333,2,60,0,2,7,1,1,0,2.970630242403243,1,1,0,18.00355593147744,0,,right_only_from_pair_reject,54,,0.7786666666666667,0.5840833333333333,52,47,too_few_valid_width_rows,left,0,right,7
1774306405.2766972,pure_pursuit,DETECTION,hold_and_stop,0,234,0.2812719103601164,0.30628223453383085,242,1.0,0.0,0.0,0.0,0.0,0.8,-0.45,0.0,1000,1500,0.6475995,0,0,1,,right_only_from_pair_reject,1,1,32,43,0,161.888950987047,603.5387155013254,403.3725066542353,133.31360623569515,too_few_valid_width_rows,0.54,,,,-7.826874060332506,18,-0.752983412910548,0.415839746475329,-0.7529834129105479,232,1,real,200,640,360,,41.030168533325195,0.0,54.96025085449219,real,left,82,64,2767,2579,2579,2767,2579,2579,74463,0,26,142,179,55,55,centerline_fallback,0.0,0.0,-145.63219461402474,41,20,12,40,24,0,0,left,1,42,40,right,0.7763333333333333,0.5749166666666666,4,60,0,4,9,1,1,0,8.150478397932709,1,1,0,20.04149553268105,0,,right_only_from_pair_reject,55,,0.7763333333333333,0.5749166666666666,52,44,too_few_valid_width_rows,left,0,right,8
1774306405.3827713,pure_pursuit,DETECTION,hold_and_stop,0,234,0.2812719103601164,0.30628223453383085,242,1.0,0.0,0.0,0.0,0.0,0.8,-0.45,0.0,1000,1500,0.610895625,0,0,1,,right_only_from_pair_reject,1,1,38,43,0,124.71376310010305,599.4762263420874,395.53104614361894,143.8614474057125,too_inconsistent,0.54,,,,-7.829523828529926,18,-0.752983412910548,0.415839746475329,-0.7529834129105479,233,1,real,200,640,360,,35.46762466430664,0.0,48.99287223815918,real,left,75,81,2762,2565,2565,2762,2565,2565,74463,0,26,142,179,55,55,centerline_fallback,0.0,0.0,-146.01392217516457,51,17,21,34,42,0,0,left,1,41,39,right,0.852375,0.5703333333333334,7,60,0,7,12,1,1,0,4.104984605709377,1,1,0,29.71219837741247,0,,right_only_from_pair_reject,56,,0.852375,0.5703333333333334,47,45,too_inconsistent,left,0,right,9
1774306405.48314,pure_pursuit,DETECTION,hold_and_stop,0,234,0.2812719103601164,0.30628223453383085,242,1.0,0.0,0.0,0.0,0.0,0.8,-0.39,0.0,1067,1500,0.650375,0,0,1,,both_relaxed,1,1,31,14,1,83.74541810360802,592.8668786643414,387.42520094328114,155.19790028738424,relaxed_midpoints,0.54,,,,17.96634580673492,6,-0.752983412910548,0.415839746475329,-0.7529834129105479,234,1,real,200,640,360,,33.45370292663574,0.0,45.806169509887695,real,left,77,65,2719,2517,2517,2719,2517,2517,74463,0,26,142,179,55,55,centerline_fallback,0.0,0.0,-146.4638756474938,43,18,13,36,26,0,0,left,1,41,39,,0.0,0.0,10,60,0,10,14,1,1,0,2.204354683983021,1,1,0,34.710227872164886,0,,both_relaxed,57,,,,,,,,,,
1774306405.5801532,pure_pursuit,DETECTION,hold_and_stop,0,234,0.2812719103601164,0.30628223453383085,242,1.0,0.0,0.0,0.0,0.0,0.8,-0.33,0.0,1133,1500,0.650375,0,0,1,,both_relaxed,1,1,35,14,1,15.23015328176643,585.1851767650735,371.3233902808413,175.2224512548626,relaxed_midpoints,0.54,,,,18.027375124795533,6,-0.752983412910548,0.415839746475329,-0.7529834129105479,235,1,real,200,640,360,,37.392616271972656,0.0,48.079490661621094,real,left,76,75,2714,2500,2500,2714,2500,2500,74463,0,26,142,179,55,55,centerline_fallback,0.0,0.0,-98.05135739589505,57,17,18,34,36,0,0,left,1,42,39,,0.0,0.0,11,60,0,11,14,1,1,0,5.342486530668414,1,1,0,66.37830329605197,0,,both_relaxed,0,,,,,,,,,,
1774306405.678945,pure_pursuit,DETECTION,hold_and_stop,0,234,0.2812719103601164,0.30628223453383085,242,1.0,0.0,0.0,0.0,0.0,0.8,-0.27,0.0,1200,1500,0.6450625000000001,0,0,1,,both_relaxed,1,1,37,13,1,-49.35601315027734,578.5193042994651,356.18217439900303,194.5058002868214,relaxed_midpoints,0.54,,,,17.71127709959761,6,-0.752983412910548,0.415839746475329,-0.7529834129105479,236,1,real,200,640,360,,47.50943183898926,0.9896755218505859,59.51642990112305,real,left,76,78,2711,2475,2475,2711,2475,2475,74463,0,26,142,179,55,55,centerline_fallback,0.0,0.0,-100.6015037279842,52,17,20,34,40,0,0,left,1,42,38,,0.0,0.0,10,60,4,10,13,1,1,0,2.508774806840526,1,1,0,58.336691744257216,0,,both_relaxed,0,,,,,,,,,,
1774306405.789647,pure_pursuit,DETECTION,hold_and_stop,0,234,0.2812719103601164,0.30628223453383085,242,1.0,0.0,0.0,0.0,0.0,0.8,-0.21000000000000002,0.0,1267,1500,0.6450625000000001,0,0,1,,both_relaxed,1,1,33,13,1,-99.29039074237858,575.3152358942775,343.95667200849573,209.914773559607,relaxed_midpoints,0.54,,,,17.300255428219394,6,-0.752983412910548,0.415839746475329,-0.7529834129105479,237,1,real,200,640,360,,48.62642288208008,0.0,61.234474182128906,real,left,75,70,2681,2453,2453,2681,2453,2453,74463,0,26,142,179,55,55,centerline_fallback,0.0,0.0,-99.00870605129259,50,17,16,34,32,0,0,left,1,41,38,,0.0,0.0,10,60,6,10,13,1,1,0,8.785861046397885,1,1,0,54.87666964794344,0,,both_relaxed,0,,,,,,,,,,
1774306405.9021435,pure_pursuit,DETECTION,hold_and_stop,0,234,0.2812719103601164,0.30628223453383085,242,1.0,0.0,0.0,0.0,0.0,0.8,-0.15000000000000002,0.0,1333,1500,0.6056585833333333,0,0,1,,held_last_good,1,1,31,13,0,-169.00993969882967,569.2160239984487,327.543604923733,231.09016459369658,too_inconsistent,0.54,,,,17.581504988559008,6,-0.752983412910548,0.415839746475329,-0.7529834129105479,238,1,real,200,640,360,,90.9416675567627,0.0,104.69436645507812,real,left,72,67,2712,2473,2473,2712,2473,2473,74463,0,26,142,179,55,55,centerline_fallback,0.0,0.0,-100.06756727140169,42,16,15,32,30,0,0,left,1,40,37,right,0.7647916666666668,0.547125,9,60,8,9,12,1,1,0,4.475229339042648,1,1,0,67.21483845797428,1,reuse_last_good_centerline,held_last_good,0,,0.7647916666666668,0.547125,46,42,too_inconsistent,left,0,right,10
1774306406.0586536,pure_pursuit,DETECTION,hold_and_stop,0,234,0.2812719103601164,0.30628223453383085,242,1.0,0.0,0.0,0.0,0.0,0.8,-0.09000000000000002,0.0,1400,1500,0.60525725,0,0,1,,held_last_good,1,1,49,13,0,-217.91968393712574,567.1391553152001,316.46831092495813,246.09581640586768,too_inconsistent,0.54,,,,17.583080237293906,6,-0.752983412910548,0.415839746475329,-0.7529834129105479,239,1,real,200,640,360,,41.13149642944336,0.0,52.15620994567871,real,left,100,74,2651,2419,2419,2651,2419,2419,74463,0,26,142,179,55,55,centerline_fallback,0.0,0.0,-98.88050311985083,54,30,19,60,38,0,0,left,1,40,36,right,0.76475,0.5425,8,60,9,8,12,1,1,0,7.4153214909643035,1,1,0,49.46742632806771,1,reuse_last_good_centerline,held_last_good,1,,0.76475,0.5425,52,43,too_inconsistent,left,0,right,11
1774306406.1613667,pure_pursuit,DETECTION,hold_and_stop,0,234,0.2812719103601164,0.30628223453383085,242,1.0,0.0,0.0,0.0,0.0,0.8,-0.030000000000000027,0.0,1467,1500,0.6058449166666667,0,0,1,,held_last_good,1,1,28,13,0,-263.42898796603316,566.7822271792647,305.77342052184815,260.33258196055834,too_inconsistent,0.54,,,,17.58456386950975,6,-0.752983412910548,0.415839746475329,-0.7529834129105479,240,1,real,200,640,360,,32.02939033508301,0.0,40.98105430603027,real,left,76,58,2679,2545,2545,2679,2545,2545,74463,0,26,142,179,55,55,centerline_fallback,0.0,0.0,-97.78840410042405,51,18,10,36,20,0,0,left,1,40,38,right,0.7624583333333335,0.551625,8,60,10,8,11,1,1,0,5.04436881281049,1,1,0,45.69929161176582,1,reuse_last_good_centerline,held_last_good,2,,0.7624583333333335,0.551625,49,41,too_inconsistent,left,0,right,12
1774306406.2530396,pure_pursuit,DETECTION,hold_and_stop,0,234,0.2812719103601164,0.30628223453383085,242,1.0,0.0,0.0,0.0,0.0,0.8,-0.09000000000000002,0.0,1400,1500,0.602130075,0,0,1,,right_only_from_pair_reject,1,1,30,43,0,-319.27581086684114,566.1169300273365,293.07670545076155,277.5444222461278,too_inconsistent,0.54,,,,-14.14294829687014,6,-0.752983412910548,0.415839746475329,-0.7529834129105479,241,1,real,200,640,360,,33.55121612548828,0.0,50.78434944152832,real,left,70,67,2665,2513,2513,2665,2513,2513,74463,0,26,142,179,55,55,centerline_fallback,0.0,0.0,-96.78367300255141,46,15,15,30,30,0,0,left,1,40,37,right,0.7624583333333335,0.547,8,60,12,8,10,1,1,0,2.699704951625888,1,1,0,48.93828068488684,0,,right_only_from_pair_reject,3,,0.7624583333333335,0.547,45,44,too_inconsistent,left,0,right,13
1774306406.3549275,pure_pursuit,DETECTION,hold_and_stop,0,234,0.2812719103601164,0.30628223453383085,242,1.0,0.0,0.0,0.0,0.0,0.8,-0.15000000000000002,0.0,1333,1500,0.6015915000000001,0,0,1,,right_only_from_pair_reject,1,1,33,43,0,-363.57438740600236,567.0400367118316,283.9791413479985,291.5243634916783,too_inconsistent,0.54,,,,-14.125393095378332,6,-0.752983412910548,0.415839746475329,-0.7529834129105479,242,1,real,200,640,360,,39.49308395385742,0.0,53.72953414916992,real,left,80,62,2654,2507,2507,2654,2507,2507,74463,0,26,142,179,55,55,centerline_fallback,0.0,0.0,-293.68895942786526,42,20,13,40,26,0,0,left,1,40,36,right,0.760125,0.542375,7,60,12,7,10,1,1,0,6.874088617307971,1,1,0,44.81548052437306,0,,right_only_from_pair_reject,4,,0.760125,0.542375,52,42,too_inconsistent,left,0,right,14
1774306406.4598873,pure_pursuit,DETECTION,hold_and_stop,0,234,0.2812719103601164,0.30628223453383085,242,1.0,0.0,0.0,0.0,0.0,0.8,-0.21000000000000002,0.0,1267,1500,0.6008787750000001,0,0,1,,right_only_from_pair_reject,1,1,32,43,0,-423.6095725350005,565.8938426395677,270.2774611774897,309.456569822841,too_inconsistent,0.54,,,,-14.106833511315434,6,-0.752983412910548,0.415839746475329,-0.7529834129105479,243,1,real,200,640,360,,42.619943618774414,0.0,55.69338798522949,real,left,78,59,2647,2515,2515,2647,2515,2515,74463,0,26,142,179,55,55,centerline_fallback,0.0,0.0,-293.28476783408246,49,20,12,40,24,0,0,left,1,38,35,right,0.7578333333333334,0.5354583333333334,8,60,13,8,10,1,1,0,5.3062996779592195,1,1,0,57.83416041672479,0,,right_only_from_pair_reject,5,,0.7578333333333334,0.5354583333333334,50,40,too_inconsistent,left,0,right,15
1774306406.567103,pure_pursuit,DETECTION,hold_and_stop,0,234,0.2812719103601164,0.30628223453383085,242,1.0,0.0,0.0,0.0,0.0,0.8,-0.27,0.0,1200,1500,0.6078737999999999,0,0,1,,right_only_from_pair_reject,1,1,28,43,0,-478.2796550078618,565.7755746879031,258.2413139777993,325.90775508494505,too_inconsistent,0.54,,,,-14.088652276793804,6,-0.752983412910548,0.415839746475329,-0.7529834129105479,244,1,real,200,640,360,,41.93544387817383,0.0,51.4836311340332,real,left,80,49,2653,2500,2500,2653,2500,2500,74463,0,26,142,179,55,55,centerline_fallback,0.0,0.0,-292.9765575457469,39,21,7,42,14,0,0,left,1,38,35,right,0.7555416666666667,0.628125,7,60,14,7,9,1,1,0,4.882066374751935,1,1,0,44.814364368369326,0,,right_only_from_pair_reject,6,,0.7555416666666667,0.628125,49,39,too_inconsistent,left,0,right,16
1774306406.669605,pure_pursuit,DETECTION,hold_and_stop,0,234,0.2812719103601164,0.30628223453383085,242,1.0,0.0,0.0,0.0,0.0,0.8,-0.33,0.0,1133,1500,0.561108075,0,1,1,,right_only_from_pair_reject,1,1,13,43,0,-562.8961985126679,565.7531254027974,238.74985911031038,351.2224107915989,too_inconsistent,0.54,,,,-14.068720173049119,6,-0.752983412910548,0.415839746475329,-0.7529834129105479,245,1,real,200,640,360,,24.54662322998047,0.0,37.3530387878418,real,left,50,48,2615,2456,2456,2615,2456,2456,74463,0,26,142,179,55,55,centerline_fallback,0.0,0.0,-292.7668396018164,47,6,7,12,14,0,0,left,1,38,34,right,0.7532500000000001,0.5262083333333334,7,60,15,7,9,1,1,0,2.9459465679238406,1,1,0,76.42105506552144,0,,right_only_from_pair_reject,7,,0.7532500000000001,0.5262083333333334,43,41,too_inconsistent,left,0,right,17
1774306406.7581813,pure_pursuit,DETECTION,hold_and_stop,0,234,0.2812719103601164,0.30628223453383085,242,1.0,0.0,0.0,0.0,0.0,0.8,-0.39,0.0,1067,1500,0.599453325,0,2,1,,right_only_from_pair_reject,1,1,36,43,0,-600.4058667597265,567.8189344550657,229.8945397962822,363.3898719121625,too_inconsistent,0.54,,,,-14.050497871350014,6,-0.752983412910548,0.415839746475329,-0.7529834129105479,246,1,real,200,640,360,,53.18450927734375,0.0,65.10257720947266,real,left,82,60,2599,2442,2442,2599,2442,2442,74463,0,26,142,179,55,55,centerline_fallback,0.0,0.0,-292.62741015076955,46,23,13,46,26,0,0,left,1,36,34,right,0.7509583333333333,0.5239166666666667,6,60,16,6,9,1,1,0,3.8218030487802253,1,1,0,38.3305157322935,0,,right_only_from_pair_reject,8,,0.7509583333333333,0.5239166666666667,49,39,too_inconsistent,left,0,right,18
1774306406.8749812,pure_pursuit,DETECTION,hold_and_stop,0,234,0.2812719103601164,0.30628223453383085,242,1.0,0.0,0.0,0.0,0.0,0.8,-0.45,0.0,1000,1500,0.6060871500000001,0,0,1,,right_only_from_pair_reject,1,1,26,43,0,-637.358306540175,569.9552966320805,222.1540543123266,375.1674089434434,too_inconsistent,0.54,,,,-14.032369036576105,6,-0.752983412910548,0.415839746475329,-0.7529834129105479,247,1,real,200,640,360,,46.49639129638672,0.0,58.03060531616211,real,left,72,49,2587,2420,2420,2587,2420,2420,74463,0,26,142,179,55,55,centerline_fallback,0.0,0.0,-292.5713907048689,44,18,8,36,16,0,0,left,1,36,33,right,0.7440000000000001,0.6165833333333333,6,60,16,6,8,1,1,0,10.387989483429585,1,1,0,41.982374204220456,0,,right_only_from_pair_reject,9,,0.7440000000000001,0.6165833333333333,46,38,too_inconsistent,left,0,right,19
1774306406.983931,pure_pursuit,DETECTION,hold_and_stop,0,234,0.2812719103601164,0.30628223453383085,242,1.0,0.0,0.0,0.0,0.0,0.8,-0.45,0.0,1000,1500,0.6057324000000001,0,0,1,,right_only_from_pair_reject,1,1,32,43,0,-672.3388847451183,572.8788925018848,213.82094701589855,387.0350682121621,too_inconsistent,0.54,,,,-14.017160520216567,6,-0.752983412910548,0.415839746475329,-0.7529834129105479,248,1,real,200,640,360,,33.95342826843262,0.0,45.04799842834473,real,left,82,50,2556,2417,2417,2556,2417,2417,74463,0,26,142,179,55,55,centerline_fallback,0.0,0.0,-292.52967723107815,42,23,9,46,18,0,0,left,1,36,32,right,0.7440000000000001,0.612,7,60,17,7,8,1,1,0,2.784176391521115,1,1,0,38.23278313501947,0,,right_only_from_pair_reject,10,,0.7440000000000001,0.612,48,36,too_inconsistent,left,0,right,20
1774306407.0802226,pure_pursuit,DETECTION,hold_and_stop,0,234,0.2812719103601164,0.30628223453383085,242,1.0,0.0,0.0,0.0,0.0,0.8,-0.45,0.0,1000,1500,0.5978440500000001,0,1,1,,right_only_from_pair_reject,1,1,31,43,0,-705.6619034577793,576.5344601744687,206.73246945000864,398.5501975720434,too_inconsistent,0.54,,,,-14.004535844027492,6,-0.752983412910548,0.415839746475329,-0.7529834129105479,249,1,real,200,640,360,,44.78764533996582,0.0,72.79419898986816,real,left,77,51,2573,2429,2429,2573,2429,2429,74463,0,26,142,179,55,55,centerline_fallback,0.0,0.0,-292.5750908766606,37,21,10,42,20,0,0,left,1,35,31,right,0.7417083333333334,0.512375,6,60,17,6,8,1,1,0,4.75542565884616,1,1,0,36.633095416071946,0,,right_only_from_pair_reject,11,,0.7417083333333334,0.512375,49,35,too_inconsistent,left,0,right,21
1774306407.2096386,pure_pursuit,DETECTION,hold_and_stop,0,234,0.2812719103601164,0.30628223453383085,242,1.0,0.0,0.0,0.0,0.0,0.8,-0.45,0.0,1000,1500,0.5974860750000001,0,2,1,,right_only_from_pair_reject,1,1,27,43,0,-699.8557645553183,583.4539091051615,209.65608689423985,399.7692666401507,too_inconsistent,0.54,,,,-13.998103919358892,6,-0.752983412910548,0.415839746475329,-0.7529834129105479,250,1,real,200,640,360,,79.25891876220703,0.0,94.2380428314209,real,left,76,43,2545,2418,2418,2545,2418,2418,74463,0,26,142,179,55,55,centerline_fallback,0.0,0.0,-292.6803610954114,35,21,6,42,12,0,0,left,1,34,31,right,0.7347916666666667,0.5146666666666666,6,60,17,6,8,1,1,0,9.966186589961062,1,1,0,15.624803884170637,0,,right_only_from_pair_reject,12,,0.7347916666666667,0.5146666666666666,45,35,too_inconsistent,left,0,right,22
1774306407.3544807,pure_pursuit,HOLD_AND_STOP,hold_and_stop,1,234,0.2812719103601164,0.30628223453383085,242,1.0,0.0,0.0,0.0,0.0,0.0,,,1000,1500,0.5916004499999999,1,3,0,fallback_hold_and_stop,right_only_from_pair_reject,1,1,28,43,0,-674.6683746933606,594.1151647884989,218.3263589951722,396.352601413316,too_inconsistent,,,,,,,-0.752983412910548,0.415839746475329,-0.7529834129105479,251,1,real,200,640,360,,36.00621223449707,,46.53644561767578,real,left,74,47,2557,2503,2503,2557,2503,2503,74463,0,26,142,179,55,55,centerline_fallback,0.0,0.0,-292.9059031049196,36,20,8,40,16,0,0,left,1,34,31,right,0.7301666666666666,0.44325000000000003,6,60,17,6,8,1,1,0,3.800664038571249,1,1,0,28.691418592252596,0,,right_only_from_pair_reject,13,,0.7301666666666666,0.44325000000000003,44,35,too_inconsistent,left,0,right,23
1774306407.457353,pure_pursuit,HOLD_AND_STOP,hold_and_stop,1,234,0.2812719103601164,0.30628223453383085,242,1.0,0.0,0.0,0.0,0.0,0.0,,,1000,1500,0.597305475,1,4,0,fallback_hold_and_stop,right_only_from_pair_reject,1,1,28,43,0,-664.8609586104127,601.237310830843,222.0675165075998,396.0893833400003,too_inconsistent,,,,,,,-0.752983412910548,0.415839746475329,-0.7529834129105479,252,1,real,200,640,360,,42.223453521728516,,56.21790885925293,real,left,72,50,2527,2471,2471,2527,2471,2471,74463,0,26,142,179,55,55,centerline_fallback,0.0,0.0,-293.32738150099783,34,19,9,38,18,0,0,left,1,34,32,right,0.727875,0.51925,6,60,17,6,8,1,1,0,7.227308134229539,1,1,0,11.121912770089287,0,,right_only_from_pair_reject,14,,0.727875,0.51925,47,37,too_inconsistent,left,0,right,24
1774306407.5642579,pure_pursuit,HOLD_AND_STOP,hold_and_stop,1,234,0.2812719103601164,0.30628223453383085,242,1.0,0.0,0.0,0.0,0.0,0.0,,,1000,1500,0.5901814500000001,1,5,0,fallback_hold_and_stop,right_only_from_pair_reject,1,1,24,42,0,-725.7083147688704,605.7287869406572,207.79783568184456,416.4153909735884,too_inconsistent,,,,,,,-0.752983412910548,0.415839746475329,-0.7529834129105479,253,1,real,200,640,360,,39.60418701171875,,53.894758224487305,real,left,65,46,2541,2393,2393,2541,2393,2393,74463,0,26,142,179,55,55,centerline_fallback,0.0,0.0,-293.8548400676335,34,16,8,32,16,0,0,left,1,33,30,right,0.7232916666666667,0.4317916666666667,7,60,17,7,8,1,1,0,3.6414118502681387,1,1,0,58.84853809998449,0,,right_only_from_pair_reject,15,,0.7232916666666667,0.4317916666666667,40,32,too_inconsistent,left,0,right,25
1774306407.6696796,pure_pursuit,HOLD_AND_STOP,hold_and_stop,1,234,0.2812719103601164,0.30628223453383085,242,1.0,0.0,0.0,0.0,0.0,0.0,,,1000,1500,0.5960574,1,6,0,fallback_hold_and_stop,right_only_from_pair_reject,1,1,25,43,0,-667.2928957357688,624.4225867913972,224.18075606144177,405.00557186631136,too_inconsistent,,,,,,,-0.752983412910548,0.415839746475329,-0.7529834129105479,254,1,real,200,640,360,,40.76671600341797,,52.958011627197266,real,left,75,38,2522,2449,2449,2522,2449,2449,74463,0,26,142,179,55,55,centerline_fallback,0.0,0.0,-396.3078055802964,44,21,4,42,8,0,0,left,1,33,30,right,0.7186250000000001,0.512375,6,60,17,6,8,1,1,0,16.312815573354246,1,1,0,45.50311661406196,0,,right_only_from_pair_reject,16,,0.7186250000000001,0.512375,44,34,too_inconsistent,left,0,right,26
1774306407.7734537,pure_pursuit,HOLD_AND_STOP,hold_and_stop,1,234,0.2812719103601164,0.30628223453383085,242,1.0,0.0,0.0,0.0,0.0,0.0,,,1000,1500,0.589642875,1,7,0,fallback_hold_and_stop,right_only_from_pair_reject,1,1,26,43,0,-666.2242601551148,624.9778819999528,225.0761126260507,404.835688547578,too_inconsistent,,,,,,,-0.752983412910548,0.415839746475329,-0.7529834129105479,255,1,real,200,640,360,,51.54132843017578,,64.5449161529541,real,left,69,43,2508,2446,2446,2508,2446,2446,74463,0,26,142,179,55,55,centerline_fallback,0.0,0.0,-448.4338344705546,33,19,7,38,14,0,0,left,1,31,29,right,0.7140416666666667,0.4340833333333334,6,60,17,6,8,1,1,0,3.198992358449931,1,0,1,121.66801618306052,0,,right_only_from_pair_reject,17,,0.7140416666666667,0.4340833333333334,38,32,too_inconsistent,left,0,right,27
1774306407.8894908,pure_pursuit,HOLD_AND_STOP,hold_and_stop,1,234,0.2812719103601164,0.30628223453383085,242,1.0,0.0,0.0,0.0,0.0,0.0,,,1000,1500,0.589642875,1,8,0,fallback_hold_and_stop,right_only_from_pair_reject,1,1,22,43,0,-667.9279160740908,624.7610034852688,225.2325903929037,405.26139789514565,too_inconsistent,,,,,,,-0.752983412910548,0.415839746475329,-0.7529834129105479,256,1,real,200,640,360,,46.21481895446777,,63.455820083618164,real,left,65,39,2467,2407,2407,2467,2407,2407,74463,0,26,142,179,55,55,centerline_fallback,0.0,0.0,-447.6084639591139,27,17,5,34,10,0,0,left,1,31,29,right,0.7140416666666667,0.4340833333333334,6,60,17,6,8,1,1,0,2.609789087334363,1,0,1,113.57709843787617,0,,right_only_from_pair_reject,18,,0.7140416666666667,0.4340833333333334,39,31,too_inconsistent,left,0,right,28
1774306408.00449,pure_pursuit,HOLD_AND_STOP,hold_and_stop,1,234,0.2812719103601164,0.30628223453383085,242,1.0,0.0,0.0,0.0,0.0,0.0,,,1000,1500,0.58911075,1,9,0,fallback_hold_and_stop,right_only_from_pair_reject,1,1,23,43,0,-665.4414769753394,625.3557830499717,226.5250700377099,404.6629617544929,too_inconsistent,,,,,,,-0.752983412910548,0.415839746475329,-0.7529834129105479,257,1,real,200,640,360,,42.304039001464844,,59.435367584228516,real,left,64,40,2477,2409,2409,2477,2409,2409,74463,0,26,142,179,55,55,centerline_fallback,0.0,0.0,-446.7912428853412,28,17,6,34,12,0,0,left,1,30,28,right,0.7094583333333335,0.4317916666666667,6,60,17,6,8,1,1,0,4.614479014092396,1,0,1,133.91437283136113,0,,right_only_from_pair_reject,19,,0.7094583333333335,0.4317916666666667,40,34,too_inconsistent,left,0,right,29
1774306408.115139,pure_pursuit,HOLD_AND_STOP,hold_and_stop,1,234,0.2812719103601164,0.30628223453383085,242,1.0,0.0,0.0,0.0,0.0,0.0,,,1000,1500,0.5887560000000001,1,10,0,fallback_hold_and_stop,right_only_from_pair_reject,1,1,23,43,0,-667.5489514630019,625.6452927644806,226.67210476527845,405.38621147095427,too_inconsistent,,,,,,,-0.752983412910548,0.415839746475329,-0.7529834129105479,258,1,real,200,640,360,,39.10040855407715,,53.73525619506836,real,left,63,39,2482,2423,2423,2482,2423,2423,74463,0,26,142,179,55,55,centerline_fallback,0.0,0.0,-445.9826737348585,28,17,6,34,12,0,0,left,1,29,27,right,0.7071666666666667,0.4295,6,60,17,6,8,1,1,0,2.6982931764576863,1,0,1,140.66272013997525,0,,right_only_from_pair_reject,20,,0.7071666666666667,0.4295,38,32,too_inconsistent,left,0,right,30
1774306408.2195673,pure_pursuit,HOLD_AND_STOP,hold_and_stop,1,234,0.2812719103601164,0.30628223453383085,242,1.0,0.0,0.0,0.0,0.0,0.0,,,1000,1500,0.5882206500000001,1,11,0,fallback_hold_and_stop,right_only_from_pair_reject,1,1,22,43,0,-665.7919735601558,625.0061029412718,227.79185030297785,404.5883464167197,too_inconsistent,,,,,,,-0.752983412910548,0.415839746475329,-0.7529834129105479,259,1,real,200,640,360,,47.93548583984375,,73.85635375976562,real,left,59,41,2442,2366,2366,2442,2366,2366,74463,0,26,142,179,55,55,centerline_fallback,0.0,0.0,-445.18341437036446,28,15,7,30,14,0,0,left,1,29,27,right,0.7025416666666667,0.42720833333333336,6,60,17,6,8,1,1,0,5.272970854655663,1,0,1,164.9041469566753,0,,right_only_from_pair_reject,21,,0.7025416666666667,0.42720833333333336,36,31,too_inconsistent,left,0,right,31
1774306408.3442304,pure_pursuit,HOLD_AND_STOP,hold_and_stop,1,234,0.2812719103601164,0.30628223453383085,242,1.0,0.0,0.0,0.0,0.0,0.0,,,1000,1500,0.588223875,1,12,0,fallback_hold_and_stop,right_only_from_pair_reject,1,1,23,43,0,-669.7169247001889,624.43476410791,227.44755465584504,405.5841657170505,too_inconsistent,,,,,,,-0.752983412910548,0.415839746475329,-0.7529834129105479,260,1,real,200,640,360,,49.23439025878906,,60.43672561645508,real,left,60,41,2450,2397,2397,2450,2397,2397,74463,0,26,142,179,55,55,centerline_fallback,0.0,0.0,-444.3936798328376,32,16,7,32,14,0,0,left,1,28,27,right,0.7002916666666668,0.4295,6,60,17,6,8,1,1,0,4.18810931115489,1,0,1,194.17117893431367,0,,right_only_from_pair_reject,22,,0.7002916666666668,0.4295,34,32,too_inconsistent,left,0,right,32
1774306408.4564657,pure_pursuit,HOLD_AND_STOP,hold_and_stop,1,234,0.2812719103601164,0.30628223453383085,242,1.0,0.0,0.0,0.0,0.0,0.0,,,1000,1500,0.5878659,1,13,0,fallback_hold_and_stop,right_only_from_pair_reject,1,1,19,43,0,-666.6755222547746,624.7481255158874,229.00378635841474,404.71191174408364,too_inconsistent,,,,,,,-0.752983412910548,0.415839746475329,-0.7529834129105479,261,1,real,200,640,360,,40.344953536987305,,54.43716049194336,real,left,57,35,2403,2339,2339,2403,2339,2339,74463,0,26,142,179,55,55,centerline_fallback,0.0,0.0,-443.61413965903756,28,15,4,30,8,0,0,left,1,27,27,right,0.6956666666666668,0.4295,6,60,17,6,8,1,1,0,5.577272354679902,1,0,1,164.5273757553965,0,,right_only_from_pair_reject,23,,0.6956666666666668,0.4295,38,29,too_inconsistent,left,0,right,33
1774306408.5619142,pure_pursuit,HOLD_AND_STOP,hold_and_stop,1,234,0.2812719103601164,0.30628223453383085,242,1.0,0.0,0.0,0.0,0.0,0.0,,,1000,1500,0.587333775,1,14,0,fallback_hold_and_stop,right_only_from_pair_reject,1,1,22,43,0,-663.4189693090273,624.5208222450008,230.51248892097158,403.592249903927,too_inconsistent,,,,,,,-0.752983412910548,0.415839746475329,-0.7529834129105479,262,1,real,200,640,360,,40.770530700683594,,51.38039588928223,real,left,61,36,2418,2350,2350,2418,2350,2350,74463,0,26,142,179,55,55,centerline_fallback,0.0,0.0,-442.8448286654455,29,17,5,34,10,0,0,left,1,27,26,right,0.6956666666666668,0.42262500000000003,6,60,17,6,8,1,1,0,5.960475862157551,1,0,1,170.52862163575006,0,,right_only_from_pair_reject,24,,0.6956666666666668,0.42262500000000003,35,29,too_inconsistent,left,0,right,34
1774306408.6649833,pure_pursuit,HOLD_AND_STOP,hold_and_stop,1,234,0.2812719103601164,0.30628223453383085,242,1.0,0.0,0.0,0.0,0.0,0.0,,,1000,1500,0.5869758,1,15,0,fallback_hold_and_stop,right_only_from_pair_reject,1,1,22,43,0,-653.917273733813,625.9734238498894,233.69303740349798,401.1006368395124,too_inconsistent,,,,,,,-0.752983412910548,0.415839746475329,-0.7529834129105479,263,1,real,200,640,360,,37.15038299560547,,48.42090606689453,real,left,55,41,2401,2347,2347,2401,2347,2347,74463,0,26,142,179,55,55,centerline_fallback,0.0,0.0,-442.08626415383173,37,15,7,30,14,0,0,left,1,25,27,right,0.6864583333333334,0.42720833333333336,6,60,17,6,9,1,1,0,11.3386180186513,1,0,1,202.39489168731896,0,,right_only_from_pair_reject,25,,0.6864583333333334,0.42720833333333336,32,31,too_inconsistent,left,0,right,35
1774306408.7645094,pure_pursuit,HOLD_AND_STOP,hold_and_stop,1,234,0.2812719103601164,0.30628223453383085,242,1.0,0.0,0.0,0.0,0.0,0.0,,,1000,1500,0.5873305500000001,1,16,0,fallback_hold_and_stop,right_only_from_pair_reject,1,1,22,43,0,-657.4531968917638,624.7066593035106,233.69695567818704,401.7316487816485,too_inconsistent,,,,,,,-0.752983412910548,0.415839746475329,-0.7529834129105479,264,1,real,200,640,360,,36.823272705078125,,48.4929084777832,real,left,58,39,2398,2341,2341,2398,2341,2341,74463,0,26,142,179,55,55,centerline_fallback,0.0,0.0,-441.3389268401926,32,17,5,34,10,0,0,left,1,24,29,right,0.6841666666666667,0.4340833333333334,6,60,17,6,9,1,1,0,5.4130643832989,1,0,1,136.60990057660564,0,,right_only_from_pair_reject,26,,0.6841666666666667,0.4340833333333334,34,33,too_inconsistent,left,0,right,36
1774306408.864089,pure_pursuit,HOLD_AND_STOP,hold_and_stop,1,234,0.2812719103601164,0.30628223453383085,242,1.0,0.0,0.0,0.0,0.0,0.0,,,1000,1500,0.586263075,1,17,0,fallback_hold_and_stop,right_only_from_pair_reject,1,1,33,43,0,-646.533735065971,626.0621926316273,237.33897651134353,398.7600204984577,too_inconsistent,,,,,,,-0.752983412910548,0.415839746475329,-0.7529834129105479,265,1,real,200,640,360,,46.63872718811035,,60.34135818481445,real,left,62,54,2360,2298,2298,2360,2298,2298,74463,0,26,142,179,55,55,centerline_fallback,0.0,0.0,-440.60346709297187,34,19,14,38,28,0,0,left,1,24,26,right,0.6795416666666668,0.4249166666666667,7,60,16,7,8,1,1,0,12.985514592596777,1,0,1,231.22202329126478,0,,right_only_from_pair_reject,27,,0.6795416666666668,0.4249166666666667,34,33,too_inconsistent,left,0,right,37
1774306408.9754233,pure_pursuit,HOLD_AND_STOP,hold_and_stop,1,234,0.2812719103601164,0.30628223453383085,242,1.0,0.0,0.0,0.0,0.0,0.0,,,1000,1500,0.5860824750000001,1,18,0,fallback_hold_and_stop,right_only_from_pair_reject,1,1,22,43,0,-637.3675572043854,627.8977504298871,240.31336921000553,396.50823152582143,too_inconsistent,,,,,,,-0.752983412910548,0.415839746475329,-0.7529834129105479,266,1,real,200,640,360,,42.21820831298828,,53.408145904541016,real,left,58,37,2357,2298,2298,2357,2298,2298,74463,0,26,142,179,55,55,centerline_fallback,0.0,0.0,-439.8798764619115,34,17,5,34,10,0,0,left,1,24,27,right,0.6749166666666667,0.42720833333333336,7,60,16,7,8,1,1,0,10.599263024958933,1,0,1,158.87563539620785,0,,right_only_from_pair_reject,28,,0.6749166666666667,0.42720833333333336,33,31,too_inconsistent,left,0,right,38
1774306409.0807507,pure_pursuit,HOLD_AND_STOP,hold_and_stop,1,234,0.2812719103601164,0.30628223453383085,242,1.0,0.0,0.0,0.0,0.0,0.0,,,1000,1500,0.585901875,1,19,0,fallback_hold_and_stop,right_only_from_pair_reject,1,1,22,43,0,-631.4851935644249,629.7254569304796,242.45642957168172,395.2772408182021,too_inconsistent,,,,,,,-0.752983412910548,0.415839746475329,-0.7529834129105479,267,1,real,200,640,360,,36.69571876525879,,47.20020294189453,real,left,57,37,2355,2287,2287,2355,2287,2287,74463,0,26,142,179,55,55,centerline_fallback,0.0,0.0,-439.16265021154925,28,17,5,34,10,0,0,left,1,23,27,right,0.6725833333333334,0.42720833333333336,7,60,16,7,8,1,1,0,7.637197771028355,1,0,1,187.74314294824674,0,,right_only_from_pair_reject,29,,0.6725833333333334,0.42720833333333336,32,31,too_inconsistent,left,0,right,39
1774306409.1787264,pure_pursuit,HOLD_AND_STOP,hold_and_stop,1,234,0.2812719103601164,0.30628223453383085,242,1.0,0.0,0.0,0.0,0.0,0.0,,,1000,1500,0.586263075,1,20,0,fallback_hold_and_stop,right_only_from_pair_reject,1,1,20,43,0,-651.2600215092838,628.167645798164,237.90002140568686,400.8791599510672,too_inconsistent,,,,,,,-0.752983412910548,0.415839746475329,-0.7529834129105479,268,1,real,200,640,360,,36.231279373168945,,48.86579513549805,real,left,51,39,2348,2280,2280,2348,2280,2280,74463,0,26,142,179,55,55,centerline_fallback,0.0,0.0,-438.45334915887554,29,14,6,28,12,0,0,left,1,23,27,right,0.6772500000000001,0.42720833333333336,7,60,16,7,8,1,1,0,17.62266537590326,1,0,1,218.9442992399857,0,,right_only_from_pair_reject,30,,0.6772500000000001,0.42720833333333336,30,29,too_inconsistent,left,0,right,40
1774306409.2785895,pure_pursuit,HOLD_AND_STOP,hold_and_stop,1,234,0.2812719103601164,0.30628223453383085,242,1.0,0.0,0.0,0.0,0.0,0.0,,,1000,1500,0.585734175,1,21,0,fallback_hold_and_stop,right_only_from_pair_reject,1,1,18,43,0,-666.8320115761383,628.3893959402287,234.70416242677953,405.71585827611284,too_inconsistent,,,,,,,-0.752983412910548,0.415839746475329,-0.7529834129105479,269,1,real,200,640,360,,56.116580963134766,,74.78547096252441,real,left,47,38,2328,2280,2280,2328,2280,2280,74463,0,26,142,179,55,55,centerline_fallback,0.0,0.0,-437.75285838710226,31,12,6,24,12,0,0,left,1,23,26,right,0.6772916666666667,0.42033333333333334,6,60,17,6,8,1,1,0,13.810021443110516,1,0,1,211.60170231277382,0,,right_only_from_pair_reject,31,,0.6772916666666667,0.42033333333333334,28,30,too_inconsistent,left,0,right,41
1774306409.4047377,pure_pursuit,HOLD_AND_STOP,hold_and_stop,1,234,0.2812719103601164,0.30628223453383085,242,1.0,0.0,0.0,0.0,0.0,0.0,,,1000,1500,0.576323625,1,22,0,fallback_hold_and_stop,left_only_from_pair_reject,1,1,16,43,0,-688.9057839043885,628.3862437742615,229.81277656325938,412.46641806020983,too_inconsistent,,,,,,,-0.752983412910548,0.415839746475329,-0.7529834129105479,270,1,real,200,640,360,,64.77975845336914,,81.62689208984375,real,left,46,34,2333,2260,2260,2333,2260,2260,74463,0,26,142,179,55,55,centerline_fallback,0.0,0.0,-437.05936658280024,33,12,4,24,8,0,0,left,1,22,26,left,0.7557083333333334,0.42033333333333334,6,60,17,6,8,1,1,0,19.669844014961996,1,0,1,153.8583141790449,0,,left_only_from_pair_reject,32,,0.7557083333333334,0.42033333333333334,26,27,too_inconsistent,left,1,right,42
1774306409.5381706,pure_pursuit,HOLD_AND_STOP,hold_and_stop,1,234,0.2812719103601164,0.30628223453383085,242,1.0,0.0,0.0,0.0,0.0,0.0,,,1000,1500,0.585972825,1,23,0,fallback_hold_and_stop,left_only_from_pair_reject,1,1,17,43,0,-704.3074705668754,628.737861721003,226.49160180618503,417.30435471136303,too_inconsistent,,,,,,,-0.752983412910548,0.415839746475329,-0.7529834129105479,271,1,real,200,640,360,,38.73395919799805,,49.94773864746094,real,left,44,38,2349,2238,2238,2349,2238,2238,74463,0,26,142,179,55,55,centerline_fallback,0.0,0.0,-434.9281719663244,31,11,6,22,12,0,0,left,1,22,26,left,0.780375,0.42033333333333334,6,60,17,6,8,1,1,0,13.811945656686193,1,0,1,121.46771769120329,0,,left_only_from_pair_reject,33,,0.780375,0.42033333333333334,28,27,too_inconsistent,left,0,left,1
1774306409.6391437,pure_pursuit,HOLD_AND_STOP,hold_and_stop,1,234,0.2812719103601164,0.30628223453383085,242,1.0,0.0,0.0,0.0,0.0,0.0,,,1000,1500,0.593893425,1,24,0,fallback_hold_and_stop,left_only_from_pair_reject,1,1,18,43,0,-709.736987003015,629.0196647524854,225.688207726949,419.03809462671455,too_inconsistent,,,,,,,-0.752983412910548,0.415839746475329,-0.7529834129105479,272,1,real,200,640,360,,38.96903991699219,,53.897857666015625,real,left,48,36,2360,2251,2251,2360,2251,2251,74463,0,26,142,179,55,55,centerline_fallback,0.0,0.0,-432.7802462244433,30,13,5,26,10,0,0,left,1,22,26,left,0.7827083333333335,0.42033333333333334,6,60,17,6,8,1,1,0,4.902781288212498,1,0,1,207.8964550355308,0,,left_only_from_pair_reject,34,,0.7827083333333335,0.42033333333333334,27,27,too_inconsistent,left,0,left,2
1774306409.7448175,pure_pursuit,HOLD_AND_STOP,hold_and_stop,1,234,0.2812719103601164,0.30628223453383085,242,1.0,0.0,0.0,0.0,0.0,0.0,,,1000,1500,0.5937096,1,25,0,fallback_hold_and_stop,left_only_from_pair_reject,1,1,18,43,0,-695.9112396491906,631.978786871464,229.5553944928173,415.8416281976393,too_inconsistent,,,,,,,-0.752983412910548,0.415839746475329,-0.7529834129105479,273,1,real,200,640,360,,40.078163146972656,,52.72650718688965,real,left,48,36,2326,2205,2205,2326,2205,2205,74463,0,26,142,179,55,55,centerline_fallback,0.0,0.0,-430.6365549269166,28,13,5,26,10,0,0,left,1,22,26,left,0.7780416666666667,0.42262500000000003,6,60,17,6,8,1,1,0,13.788029981798266,1,0,1,191.8077328908356,0,,left_only_from_pair_reject,35,,0.7780416666666667,0.42262500000000003,26,30,too_inconsistent,left,0,left,3
1774306409.8491864,pure_pursuit,HOLD_AND_STOP,hold_and_stop,1,234,0.2812719103601164,0.30628223453383085,242,1.0,0.0,0.0,0.0,0.0,0.0,,,1000,1500,0.5840604,1,26,0,fallback_hold_and_stop,left_only_from_pair_reject,1,1,17,43,0,-685.8200658146319,634.1980268867087,232.65350572953636,413.5127084346991,too_inconsistent,,,,,,,-0.752983412910548,0.415839746475329,-0.7529834129105479,274,1,real,200,640,360,,34.089088439941406,,46.60201072692871,real,left,42,40,2303,2164,2164,2303,2164,2164,74463,0,26,142,179,55,55,centerline_fallback,0.0,0.0,-428.5206701976666,29,10,7,20,14,0,0,left,1,22,26,left,0.7533750000000001,0.42262500000000003,6,60,17,6,7,1,1,0,11.033940674291921,1,0,1,241.75421516043963,0,,left_only_from_pair_reject,36,,0.7533750000000001,0.42262500000000003,27,30,too_inconsistent,left,0,left,4
1774306409.9468944,pure_pursuit,HOLD_AND_STOP,hold_and_stop,1,234,0.2812719103601164,0.30628223453383085,242,1.0,0.0,0.0,0.0,0.0,0.0,,,1000,1500,0.591261825,1,27,0,fallback_hold_and_stop,left_only_from_pair_reject,1,1,18,43,0,-660.3774375668066,638.2428577400495,239.70555823518015,406.9923398466251,too_inconsistent,,,,,,,-0.752983412910548,0.415839746475329,-0.7529834129105479,275,1,real,200,640,360,,51.16009712219238,,64.3465518951416,real,left,45,38,2309,2137,2137,2309,2137,2137,74463,0,26,142,179,55,55,centerline_fallback,0.0,0.0,-426.4299177186933,26,12,6,24,12,0,0,left,1,21,26,left,0.7464166666666666,0.42262500000000003,6,60,17,6,8,1,1,0,25.11274099341675,1,0,1,190.3233181020641,0,,left_only_from_pair_reject,37,,0.7464166666666666,0.42262500000000003,26,29,too_inconsistent,left,0,left,5
1774306410.0625637,pure_pursuit,HOLD_AND_STOP,hold_and_stop,1,234,0.2812719103601164,0.30628223453383085,242,1.0,0.0,0.0,0.0,0.0,0.0,,,1000,1500,0.57542385,1,28,0,fallback_hold_and_stop,left_only_from_pair_reject,1,1,16,43,0,-656.7335988742998,639.2116676333173,241.05288887991256,406.1732553631151,too_inconsistent,,,,,,,-0.752983412910548,0.415839746475329,-0.7529834129105479,276,1,real,200,640,360,,29.452085494995117,,41.66054725646973,real,left,40,38,2313,2130,2130,2313,2130,2130,74463,0,26,142,179,55,55,centerline_fallback,0.0,0.0,-424.3836427007798,25,10,6,20,12,0,0,left,1,20,26,left,0.7417916666666667,0.42262500000000003,7,60,17,7,8,1,1,0,4.802876315596027,1,0,1,181.89727436366147,0,,left_only_from_pair_reject,38,,0.7417916666666667,0.42262500000000003,26,29,too_inconsistent,left,0,left,6
1774306410.1562788,pure_pursuit,HOLD_AND_STOP,hold_and_stop,1,234,0.2812719103601164,0.30628223453383085,242,1.0,0.0,0.0,0.0,0.0,0.0,,,1000,1500,0.5907264750000001,1,29,0,fallback_hold_and_stop,left_only_from_pair_reject,1,1,25,43,0,-648.4975115369492,642.0677708234741,243.62500823545273,404.5752526909302,too_inconsistent,,,,,,,-0.752983412910548,0.415839746475329,-0.7529834129105479,277,1,real,200,640,360,,38.83862495422363,,52.026987075805664,real,left,39,56,2285,2096,2096,2285,2096,2096,74463,0,26,142,179,55,55,centerline_fallback,0.0,0.0,-422.3511937405509,33,10,15,20,30,0,0,left,1,19,26,left,0.7395000000000002,0.42262500000000003,7,60,16,7,8,1,1,0,9.15619370820167,1,0,1,263.1706200186907,0,,left_only_from_pair_reject,39,,0.7395000000000002,0.42262500000000003,23,36,too_inconsistent,left,0,left,7
1774306410.2599933,pure_pursuit,HOLD_AND_STOP,hold_and_stop,1,234,0.2812719103601164,0.30628223453383085,242,1.0,0.0,0.0,0.0,0.0,0.0,,,1000,1500,0.5444638500000001,1,30,0,fallback_hold_and_stop,left_only_from_pair_reject,1,1,12,43,0,-648.0981757543777,643.0941423886215,244.0562994421668,404.7908700818547,too_inconsistent,,,,,,,-0.752983412910548,0.415839746475329,-0.7529834129105479,278,1,real,200,640,360,,50.559282302856445,,61.559438705444336,real,left,36,35,2276,2106,2106,2276,2106,2106,74463,0,26,142,179,55,55,centerline_fallback,0.0,0.0,-420.3411303223993,33,8,4,16,8,0,0,left,1,20,27,left,0.7395000000000002,0.4249166666666667,7,60,16,7,8,1,1,0,1.5367195262627764,1,0,1,243.32574880858374,0,,left_only_from_pair_reject,40,,0.7395000000000002,0.4249166666666667,22,31,too_inconsistent,left,0,left,8
1774306410.3727353,pure_pursuit,HOLD_AND_STOP,hold_and_stop,1,234,0.2812719103601164,0.30628223453383085,242,1.0,0.0,0.0,0.0,0.0,0.0,,,1000,1500,0.567687075,1,31,0,fallback_hold_and_stop,left_only_from_pair_reject,1,1,15,43,0,-664.696044138813,641.8703707075235,240.1406041611811,409.51572134865694,too_inconsistent,,,,,,,-0.752983412910548,0.415839746475329,-0.7529834129105479,279,1,real,200,640,360,,46.05984687805176,,57.87396430969238,real,left,37,39,2248,2072,2072,2248,2072,2072,74463,0,26,142,179,55,55,centerline_fallback,0.0,0.0,-418.34322091983825,25,9,6,18,12,0,0,left,1,19,27,left,0.7395416666666667,0.4249166666666667,6,60,17,6,8,1,1,0,14.868677841052795,1,0,1,191.4248716739848,0,,left_only_from_pair_reject,41,,0.7395416666666667,0.4249166666666667,22,31,too_inconsistent,left,0,left,9
1774306410.4812956,pure_pursuit,HOLD_AND_STOP,hold_and_stop,1,234,0.2812719103601164,0.30628223453383085,242,1.0,0.0,0.0,0.0,0.0,0.0,,,1000,1500,0.5522103000000002,1,32,0,fallback_hold_and_stop,left_only_from_pair_reject,1,1,13,43,0,-676.9980051736961,640.0890249075749,237.23925698107456,412.72281078391427,too_inconsistent,,,,,,,-0.752983412910548,0.415839746475329,-0.7529834129105479,280,1,real,200,640,360,,38.08951377868652,,47.58191108703613,real,left,33,39,2233,2052,2052,2233,2052,2052,74463,0,26,142,179,55,55,centerline_fallback,0.0,0.0,-416.3346623842624,22,7,6,14,12,0,0,left,1,19,27,left,0.7395833333333334,0.4249166666666667,6,60,17,6,8,1,1,0,11.16989169661133,1,0,1,193.1106701383577,0,,left_only_from_pair_reject,42,,0.7395833333333334,0.4249166666666667,22,32,too_inconsistent,left,0,left,10
1774306410.580352,pure_pursuit,HOLD_AND_STOP,hold_and_stop,1,234,0.2812719103601164,0.30628223453383085,242,1.0,0.0,0.0,0.0,0.0,0.0,,,1000,1500,0.5675161500000001,1,33,0,fallback_hold_and_stop,left_only_from_pair_reject,1,1,15,43,0,-685.8973188383651,640.8309685973419,235.289963053435,415.73347799119637,too_inconsistent,,,,,,,-0.752983412910548,0.415839746475329,-0.7529834129105479,281,1,real,200,640,360,,37.22667694091797,,47.48392105102539,real,left,33,41,2194,2024,2024,2194,2024,2024,74463,0,26,142,179,55,55,centerline_fallback,0.0,0.0,-414.3181755016045,20,8,7,16,14,0,0,left,1,17,27,left,0.7373333333333334,0.4249166666666667,6,60,17,6,7,1,1,0,8.782440512729211,1,0,1,162.64189894053834,0,,left_only_from_pair_reject,43,,0.7373333333333334,0.4249166666666667,19,31,too_inconsistent,left,0,left,11
1774306410.6793244,pure_pursuit,HOLD_AND_STOP,hold_and_stop,1,234,0.2812719103601164,0.30628223453383085,242,1.0,0.0,0.0,0.0,0.0,0.0,,,1000,1500,0.5523876750000001,1,34,0,fallback_hold_and_stop,left_only_from_pair_reject,1,1,13,43,0,-672.9000337157248,642.7113474137919,239.10315422373964,412.3112213560504,too_inconsistent,,,,,,,-0.752983412910548,0.415839746475329,-0.7529834129105479,282,1,real,200,640,360,,48.3400821685791,,58.93063545227051,real,left,31,40,2227,2109,2109,2227,2109,2109,74463,0,26,142,179,55,55,centerline_fallback,0.0,0.0,-412.2919914044531,25,7,6,14,12,0,0,left,1,17,28,left,0.735,0.4317916666666667,6,60,17,6,8,1,1,0,13.585123421471215,1,0,1,201.7482626432082,0,,left_only_from_pair_reject,44,,0.735,0.4317916666666667,20,30,too_inconsistent,left,0,left,12
1774306410.7896261,pure_pursuit,HOLD_AND_STOP,hold_and_stop,1,234,0.2812719103601164,0.30628223453383085,242,1.0,0.0,0.0,0.0,0.0,0.0,,,1000,1500,0.5513169750000001,1,35,0,fallback_hold_and_stop,left_only_from_pair_reject,1,1,13,43,0,-654.7310294037771,644.8705362761574,244.25726223480254,407.3791406145494,too_inconsistent,,,,,,,-0.752983412910548,0.415839746475329,-0.7529834129105479,283,1,real,200,640,360,,32.52983093261719,,49.587249755859375,real,left,30,39,2171,2015,2015,2171,2015,2015,74463,0,26,142,179,55,55,centerline_fallback,0.0,0.0,-410.2948797864388,20,7,6,14,12,0,0,left,1,16,27,left,0.7280416666666668,0.4249166666666667,7,60,16,7,8,1,1,0,18.36179280338008,1,0,1,196.95963281023603,0,,left_only_from_pair_reject,45,,0.7280416666666668,0.4249166666666667,18,30,too_inconsistent,left,0,left,13
1774306410.889891,pure_pursuit,HOLD_AND_STOP,hold_and_stop,1,234,0.2812719103601164,0.30628223453383085,242,1.0,0.0,0.0,0.0,0.0,0.0,,,1000,1500,0.5820996,1,36,0,fallback_hold_and_stop,left_only_from_pair_reject,1,1,17,43,0,-660.8792846636148,643.696471339216,242.94128061517165,408.8757890644287,too_inconsistent,,,,,,,-0.752983412910548,0.415839746475329,-0.7529834129105479,284,1,real,200,640,360,,38.67220878601074,,48.96068572998047,real,left,28,49,2188,2024,2024,2188,2024,2024,74463,0,26,142,179,55,55,centerline_fallback,0.0,0.0,-408.3334837819895,26,6,11,12,22,0,0,left,1,16,27,left,0.72575,0.4249166666666667,7,60,17,7,8,1,1,0,5.689136047359015,1,0,1,111.93940636734342,0,,left_only_from_pair_reject,46,,0.72575,0.4249166666666667,19,31,too_inconsistent,left,0,left,14
1774306410.994085,pure_pursuit,HOLD_AND_STOP,hold_and_stop,1,234,0.2812719103601164,0.30628223453383085,242,1.0,0.0,0.0,0.0,0.0,0.0,,,1000,1500,0.5430416250000002,1,37,0,fallback_hold_and_stop,left_only_from_pair_reject,1,1,12,43,0,-649.2033706063014,644.6433190145257,246.41195580852497,405.5474625190961,too_inconsistent,,,,,,,-0.752983412910548,0.415839746475329,-0.7529834129105479,285,1,real,200,640,360,,47.960758209228516,,63.28248977661133,real,left,27,40,2156,1987,1987,2156,1987,1987,74463,0,26,142,179,55,55,centerline_fallback,0.0,0.0,-406.3793487217874,27,6,6,12,12,0,0,left,1,15,28,left,0.7188333333333333,0.42720833333333336,6,60,16,6,8,1,1,0,12.370456327521032,1,0,1,201.6531632586315,0,,left_only_from_pair_reject,47,,0.7188333333333333,0.42720833333333336,18,32,too_inconsistent,left,0,left,15
1774306411.1395993,pure_pursuit,HOLD_AND_STOP,hold_and_stop,1,234,0.2812719103601164,0.30628223453383085,242,1.0,0.0,0.0,0.0,0.0,0.0,,,1000,1500,0.509043675,1,38,0,fallback_hold_and_stop,left_only_from_pair_reject,1,1,8,43,0,-621.1207292411589,646.3832140212733,254.15860139461472,397.38899175712385,too_inconsistent,,,,,,,-0.752983412910548,0.415839746475329,-0.7529834129105479,286,1,real,200,640,360,,47.11103439331055,,60.11629104614258,real,left,21,36,2132,1940,1940,2132,1940,1940,74463,0,26,142,179,55,55,centerline_fallback,0.0,0.0,-404.4583011997138,21,4,4,8,8,0,0,left,1,13,28,left,0.6795833333333334,0.42720833333333336,6,60,16,6,8,1,1,0,27.60352511847744,1,0,1,259.3027805167068,0,,left_only_from_pair_reject,48,,0.6795833333333334,0.42720833333333336,15,31,too_inconsistent,left,0,left,16
1774306411.2511182,pure_pursuit,HOLD_AND_STOP,hold_and_stop,1,234,0.2812719103601164,0.30628223453383085,242,1.0,0.0,0.0,0.0,0.0,0.0,,,1000,1500,0.586630725,1,39,0,fallback_hold_and_stop,left_only_from_pair_reject,1,1,19,43,0,-661.5608383918545,643.4178880761393,243.82238182033922,408.9471464324065,too_inconsistent,,,,,,,-0.752983412910548,0.415839746475329,-0.7529834129105479,287,1,real,200,640,360,,57.80649185180664,,70.31679153442383,real,left,20,57,2104,1919,1919,2104,1919,1919,74463,0,26,142,179,55,55,centerline_fallback,0.0,0.0,-402.59423312965396,27,4,15,8,30,0,0,left,1,12,27,left,0.6842916666666667,0.4249166666666667,7,60,16,7,8,1,1,0,37.38657761638305,1,0,1,301.17318485020485,0,,left_only_from_pair_reject,49,,0.6842916666666667,0.4249166666666667,15,41,too_inconsistent,left,0,left,17
1774306411.3721664,pure_pursuit,HOLD_AND_STOP,hold_and_stop,1,234,0.2812719103601164,0.30628223453383085,242,1.0,0.0,0.0,0.0,0.0,0.0,,,1000,1500,0.5067894000000001,1,40,0,fallback_hold_and_stop,left_only_from_pair_reject,1,1,8,43,0,-642.6985005446162,646.0085434881391,249.2237222227481,403.94259812030214,too_inconsistent,,,,,,,-0.752983412910548,0.415839746475329,-0.7529834129105479,288,1,real,200,640,360,,38.97213935852051,,50.00138282775879,real,left,15,38,2114,1905,1905,2114,1905,1905,74463,0,26,142,179,55,55,centerline_fallback,0.0,0.0,-400.680897721237,22,2,6,4,12,0,0,left,1,11,26,left,0.6573333333333333,0.42033333333333334,6,60,16,6,8,1,1,0,19.241382856163835,1,0,1,274.9742708170872,0,,left_only_from_pair_reject,50,,0.6573333333333333,0.42033333333333334,13,31,too_inconsistent,left,0,left,18
1774306411.4736574,pure_pursuit,HOLD_AND_STOP,hold_and_stop,1,234,0.2812719103601164,0.30628223453383085,242,1.0,0.0,0.0,0.0,0.0,0.0,,,1000,1500,0.5108980500000001,1,41,0,fallback_hold_and_stop,left_only_from_pair_reject,1,1,9,43,0,-628.4493172545988,646.530856101172,253.4753474480718,399.66268048653336,too_inconsistent,,,,,,,-0.752983412910548,0.415839746475329,-0.7529834129105479,289,1,real,200,640,360,,39.15572166442871,,51.82337760925293,real,left,10,43,2104,1892,1892,2104,1892,1892,74463,0,26,142,179,55,55,centerline_fallback,0.0,0.0,-398.8063796493086,17,1,8,2,16,0,0,left,1,8,27,left,0.6058333333333334,0.4249166666666667,6,60,16,6,8,1,1,0,15.15828272015589,1,0,1,203.50124794905514,0,,left_only_from_pair_reject,51,,0.6058333333333334,0.4249166666666667,9,30,too_inconsistent,left,0,left,19
1774306411.5766625,pure_pursuit,HOLD_AND_STOP,hold_and_stop,1,234,0.2812719103601164,0.30628223453383085,242,1.0,0.0,0.0,0.0,0.0,0.0,,,1000,1500,0.48632355000000005,1,42,0,fallback_hold_and_stop,left_only_from_pair_reject,1,1,6,43,0,-675.845791471377,644.5261304981606,241.06492412125962,413.73615175370634,too_inconsistent,,,,,,,-0.752983412910548,0.415839746475329,-0.7529834129105479,290,1,real,200,640,360,,39.54052925109863,,51.07545852661133,real,left,7,39,2093,1886,1886,2093,1886,1886,74463,0,26,142,179,55,55,centerline_fallback,0.0,0.0,-396.96567253165983,15,0,6,0,12,0,0,left,1,7,27,left,0.5883333333333334,0.4249166666666667,6,60,17,6,8,1,1,0,44.64304470836756,1,0,1,252.56879268533748,0,,left_only_from_pair_reject,52,,0.5883333333333334,0.4249166666666667,7,33,too_inconsistent,left,0,left,20
1774306411.6792028,pure_pursuit,HOLD_AND_STOP,hold_and_stop,1,234,0.2812719103601164,0.30628223453383085,242,1.0,0.0,0.0,0.0,0.0,0.0,,,1000,1500,0.44043180000000004,1,43,0,fallback_hold_and_stop,right_only_from_pair_reject,1,1,6,43,0,-675.845791471377,644.5261304981606,241.06492412125962,413.73615175370634,too_inconsistent,,,,,,,-0.752983412910548,0.415839746475329,-0.7529834129105479,291,1,real,200,640,360,,43.87688636779785,,57.39021301269531,real,left,0,38,2044,1790,1790,2044,1790,1790,74463,0,26,142,179,55,55,centerline_fallback,0.0,0.0,-395.0577428206766,15,0,6,0,12,0,0,left,1,0,26,right,0.0,0.42033333333333334,6,60,17,6,8,0,0,1,0.0,1,0,1,286.8865220799099,0,,right_only_from_pair_reject,53,,0.0,0.42033333333333334,0,28,too_inconsistent,right,1,left,21
1774306411.7877378,pure_pursuit,HOLD_AND_STOP,hold_and_stop,1,234,0.2812719103601164,0.30628223453383085,242,1.0,0.0,0.0,0.0,0.0,0.0,,,1000,1500,0.4562665500000001,1,44,0,fallback_hold_and_stop,right_only_from_pair_reject,1,1,8,43,0,-675.845791471377,644.5261304981606,241.06492412125962,413.73615175370634,too_inconsistent,,,,,,,-0.752983412910548,0.415839746475329,-0.7529834129105479,292,1,real,200,640,360,,42.77539253234863,,54.203033447265625,real,left,0,43,2075,1839,1839,2075,1839,1839,74463,0,26,142,179,55,55,centerline_fallback,0.0,0.0,-394.95171551709586,22,0,8,0,16,0,0,left,1,0,27,right,0.0,0.4249166666666667,6,60,17,6,8,0,0,1,0.0,1,0,1,276.8467436875169,0,,right_only_from_pair_reject,54,,0.0,0.4249166666666667,0,31,too_inconsistent,right,0,right,1
1774306411.8930547,pure_pursuit,HOLD_AND_STOP,hold_and_stop,1,234,0.2812719103601164,0.30628223453383085,242,1.0,0.0,0.0,0.0,0.0,0.0,,,1000,1500,0.456443925,1,45,0,fallback_hold_and_stop,right_only_from_pair_reject,1,1,8,43,0,-675.845791471377,644.5261304981606,241.06492412125962,413.73615175370634,too_inconsistent,,,,,,,-0.752983412910548,0.415839746475329,-0.7529834129105479,293,1,real,200,640,360,,33.13446044921875,,45.62091827392578,real,left,0,44,2067,1832,1832,2067,1832,1832,74463,0,26,142,179,55,55,centerline_fallback,0.0,0.0,-394.85256786876323,31,0,8,0,16,0,0,left,1,0,28,right,0.0,0.42720833333333336,6,60,17,6,8,0,0,1,0.0,1,0,1,252.74872859428928,0,,right_only_from_pair_reject,55,,0.0,0.42720833333333336,0,34,too_inconsistent,right,0,right,2
1774306411.9897628,pure_pursuit,HOLD_AND_STOP,hold_and_stop,1,234,0.2812719103601164,0.30628223453383085,242,1.0,0.0,0.0,0.0,0.0,0.0,,,1000,1500,0.43340130000000004,1,46,0,fallback_hold_and_stop,right_only_from_pair_reject,1,1,5,43,0,-675.845791471377,644.5261304981606,241.06492412125962,413.73615175370634,too_inconsistent,,,,,,,-0.752983412910548,0.415839746475329,-0.7529834129105479,294,1,real,200,640,360,,30.657052993774414,,39.38651084899902,real,left,0,39,2072,1835,1835,2072,1835,1835,74463,0,26,142,179,55,55,centerline_fallback,0.0,0.0,-394.75942468865685,15,0,5,0,10,0,0,left,1,0,29,right,0.0,0.4295,6,60,17,6,8,0,0,1,0.0,1,0,1,263.8795692389689,0,,right_only_from_pair_reject,56,,0.0,0.4295,0,33,too_inconsistent,right,0,right,3
1774306412.0805545,pure_pursuit,HOLD_AND_STOP,hold_and_stop,1,234,0.2812719103601164,0.30628223453383085,242,1.0,0.0,0.0,0.0,0.0,0.0,,,1000,1500,0.43393342500000004,1,47,0,fallback_hold_and_stop,right_only_from_pair_reject,1,1,5,43,0,-675.845791471377,644.5261304981606,241.06492412125962,413.73615175370634,too_inconsistent,,,,,,,-0.752983412910548,0.415839746475329,-0.7529834129105479,295,1,real,200,640,360,,32.58490562438965,,42.42849349975586,real,left,0,40,2057,1898,1898,2057,1898,1898,74463,0,26,142,179,55,55,centerline_fallback,0.0,0.0,-394.67153731520307,23,0,5,0,10,0,0,left,1,0,30,right,0.0,0.436375,6,60,17,6,8,0,0,1,0.0,1,0,1,311.05163337130136,0,,right_only_from_pair_reject,57,,0.0,0.436375,0,30,too_inconsistent,right,0,right,4
1774306412.1746695,pure_pursuit,HOLD_AND_STOP,hold_and_stop,1,234,0.2812719103601164,0.30628223453383085,242,1.0,0.0,0.0,0.0,0.0,0.0,,,1000,1500,0.44167342500000006,1,48,0,fallback_hold_and_stop,right_only_from_pair_reject,1,1,6,43,0,-675.845791471377,644.5261304981606,241.06492412125962,413.73615175370634,too_inconsistent,,,,,,,-0.752983412910548,0.415839746475329,-0.7529834129105479,296,1,real,200,640,360,,32.81760215759277,,39.80612754821777,real,left,0,42,2030,1861,1861,2030,1861,1861,74463,0,26,142,179,55,55,centerline_fallback,0.0,0.0,-394.58826494537766,19,0,6,0,12,0,0,left,1,0,30,right,0.0,0.436375,6,60,17,6,8,0,0,1,0.0,1,0,1,323.3209951037205,0,,right_only_from_pair_reject,58,,0.0,0.436375,0,34,too_inconsistent,right,0,right,5
1774306412.26565,pure_pursuit,HOLD_AND_STOP,hold_and_stop,1,234,0.2812719103601164,0.30628223453383085,242,1.0,0.0,0.0,0.0,0.0,0.0,,,1000,1500,0.43322392499999995,1,49,0,fallback_hold_and_stop,right_only_from_pair_reject,1,1,5,43,0,-675.845791471377,644.5261304981606,241.06492412125962,413.73615175370634,too_inconsistent,,,,,,,-0.752983412910548,0.415839746475329,-0.7529834129105479,297,1,real,200,640,360,,35.53605079650879,,42.19698905944824,real,left,0,38,2019,1807,1807,2019,1807,1807,74463,0,26,142,179,55,55,centerline_fallback,0.0,0.0,-394.5090587397599,19,0,5,0,10,0,0,left,1,0,28,right,0.0,0.42720833333333336,6,60,17,6,8,0,0,1,0.0,1,0,1,323.82511810508254,0,,right_only_from_pair_reject,59,,0.0,0.42720833333333336,0,33,too_inconsistent,right,0,right,6
1774306412.3593636,pure_pursuit,HOLD_AND_STOP,hold_and_stop,1,234,0.2812719103601164,0.30628223453383085,242,1.0,0.0,0.0,0.0,0.0,0.0,,,1000,1500,0.433578675,1,50,0,fallback_hold_and_stop,right_only_from_pair_reject,1,1,5,43,0,-675.845791471377,644.5261304981606,241.06492412125962,413.73615175370634,too_inconsistent,,,,,,,-0.752983412910548,0.415839746475329,-0.7529834129105479,298,1,real,200,640,360,,33.437490463256836,,47.6229190826416,real,left,0,38,1959,1687,1687,1959,1687,1687,74463,0,26,142,179,55,55,centerline_fallback,0.0,0.0,-394.4334482864406,11,0,5,0,10,0,0,left,1,0,28,right,0.0,0.4317916666666667,6,60,17,6,8,0,0,1,0.0,1,0,1,217.81842764887423,0,,right_only_from_pair_reject,60,,0.0,0.4317916666666667,0,33,too_inconsistent,right,0,right,7
1774306412.4585571,pure_pursuit,HOLD_AND_STOP,hold_and_stop,1,234,0.2812719103601164,0.30628223453383085,242,1.0,0.0,0.0,0.0,0.0,0.0,,,1000,1500,0.425483925,1,51,0,fallback_hold_and_stop,right_only_from_pair_reject,1,1,4,43,0,-675.845791471377,644.5261304981606,241.06492412125962,413.73615175370634,too_inconsistent,,,,,,,-0.752983412910548,0.415839746475329,-0.7529834129105479,299,1,real,200,640,360,,37.22524642944336,,52.54817008972168,real,left,0,35,1930,1690,1690,1930,1690,1690,74463,0,26,142,179,55,55,centerline_fallback,0.0,0.0,-394.36103007239194,24,0,4,0,8,0,0,left,1,0,27,right,0.0,0.42720833333333336,6,60,17,6,8,0,0,1,0.0,1,0,1,241.80410269422464,0,,right_only_from_pair_reject,61,,0.0,0.42720833333333336,0,31,too_inconsistent,right,0,right,8
1774306412.56203,pure_pursuit,HOLD_AND_STOP,hold_and_stop,1,234,0.2812719103601164,0.30628223453383085,242,1.0,0.0,0.0,0.0,0.0,0.0,,,1000,1500,0.449058675,1,52,0,fallback_hold_and_stop,right_only_from_pair_reject,1,1,7,43,0,-675.845791471377,644.5261304981606,241.06492412125962,413.73615175370634,too_inconsistent,,,,,,,-0.752983412910548,0.415839746475329,-0.7529834129105479,300,1,real,200,640,360,,33.826589584350586,,43.776512145996094,real,left,0,42,1905,1701,1701,1905,1701,1701,74463,0,26,142,179,55,55,centerline_fallback,0.0,0.0,-394.2914576633682,12,0,7,0,14,0,0,left,1,0,28,right,0.0,0.4317916666666667,6,60,17,6,8,0,0,1,0.0,1,0,1,207.1684600362282,0,,right_only_from_pair_reject,62,,0.0,0.4317916666666667,0,30,too_inconsistent,right,0,right,9
1774306412.656967,pure_pursuit,HOLD_AND_STOP,hold_and_stop,1,234,0.2812719103601164,0.30628223453383085,242,1.0,0.0,0.0,0.0,0.0,0.0,,,1000,1500,0.433578675,1,53,0,fallback_hold_and_stop,right_only_from_pair_reject,1,1,5,43,0,-675.845791471377,644.5261304981606,241.06492412125962,413.73615175370634,too_inconsistent,,,,,,,-0.752983412910548,0.415839746475329,-0.7529834129105479,301,1,real,200,640,360,,33.41507911682129,,48.72584342956543,real,left,0,38,1935,1719,1719,1935,1719,1719,74463,0,26,142,179,55,55,centerline_fallback,0.0,0.0,-394.22443333803153,15,0,5,0,10,0,0,left,1,0,28,right,0.0,0.4317916666666667,6,60,17,6,8,0,0,1,0.0,1,0,1,225.9057185861043,0,,right_only_from_pair_reject,63,,0.0,0.4317916666666667,0,31,too_inconsistent,right,0,right,10
1774306412.7571208,pure_pursuit,HOLD_AND_STOP,hold_and_stop,1,234,0.2812719103601164,0.30628223453383085,242,1.0,0.0,0.0,0.0,0.0,0.0,,,1000,1500,0.4647160500000001,1,54,0,fallback_hold_and_stop,right_only_from_pair_reject,1,1,9,43,0,-675.845791471377,644.5261304981606,241.06492412125962,413.73615175370634,too_inconsistent,,,,,,,-0.752983412910548,0.415839746475329,-0.7529834129105479,302,1,real,200,640,360,,35.614728927612305,,46.875715255737305,real,left,0,47,1986,1762,1762,1986,1762,1762,74463,0,26,142,179,55,55,centerline_fallback,0.0,0.0,-394.1597009599486,15,0,9,0,18,0,0,left,1,0,29,right,0.0,0.4340833333333334,6,60,17,6,8,0,0,1,0.0,1,0,1,208.67387756150637,0,,right_only_from_pair_reject,64,,0.0,0.4340833333333334,0,32,too_inconsistent,right,0,right,11
1774306412.855356,pure_pursuit,HOLD_AND_STOP,hold_and_stop,1,234,0.2812719103601164,0.30628223453383085,242,1.0,0.0,0.0,0.0,0.0,0.0,,,1000,1500,0.4647160500000001,1,55,0,fallback_hold_and_stop,right_only_from_pair_reject,1,1,9,43,0,-675.845791471377,644.5261304981606,241.06492412125962,413.73615175370634,too_inconsistent,,,,,,,-0.752983412910548,0.415839746475329,-0.7529834129105479,303,1,real,200,640,360,,34.26361083984375,,46.860456466674805,real,left,0,47,2030,1795,1795,2030,1795,1795,74463,0,26,142,179,55,55,centerline_fallback,0.0,0.0,-394.0970399033864,14,0,9,0,18,0,0,left,1,0,29,right,0.0,0.4340833333333334,6,60,17,6,8,0,0,1,0.0,1,0,1,217.07238446986608,0,,right_only_from_pair_reject,65,,0.0,0.4340833333333334,0,32,too_inconsistent,right,0,right,12
1774306412.9537096,pure_pursuit,HOLD_AND_STOP,hold_and_stop,1,234,0.2812719103601164,0.30628223453383085,242,1.0,0.0,0.0,0.0,0.0,0.0,,,1000,1500,0.450122925,1,56,0,fallback_hold_and_stop,right_only_from_pair_reject,1,1,7,43,0,-675.845791471377,644.5261304981606,241.06492412125962,413.73615175370634,too_inconsistent,,,,,,,-0.752983412910548,0.415839746475329,-0.7529834129105479,304,1,real,200,640,360,,46.16260528564453,,55.37605285644531,real,left,0,46,2110,1904,1904,2110,1904,1904,74463,0,26,142,179,55,55,centerline_fallback,0.0,0.0,-394.0362598762841,22,0,7,0,14,0,0,left,1,0,32,right,0.0,0.4455416666666667,6,60,17,6,8,0,0,1,0.0,1,0,1,224.21137382270035,0,,right_only_from_pair_reject,66,,0.0,0.4455416666666667,0,36,too_inconsistent,right,0,right,13
1774306413.0601573,pure_pursuit,HOLD_AND_STOP,hold_and_stop,1,234,0.2812719103601164,0.30628223453383085,242,1.0,0.0,0.0,0.0,0.0,0.0,,,1000,1500,0.48108292500000005,1,57,0,fallback_hold_and_stop,right_only_from_pair_reject,1,1,11,43,0,-675.845791471377,644.5261304981606,241.06492412125962,413.73615175370634,too_inconsistent,,,,,,,-0.752983412910548,0.415839746475329,-0.7529834129105479,305,1,real,200,640,360,,32.80758857727051,,44.87037658691406,real,left,0,54,2129,1927,1927,2129,1927,1927,74463,0,26,142,179,55,55,centerline_fallback,0.0,0.0,-393.9762852745115,16,0,11,0,22,0,0,left,1,0,32,right,0.0,0.4455416666666667,6,60,17,6,8,0,0,1,0.0,1,0,1,191.45226991629858,0,,right_only_from_pair_reject,67,,0.0,0.4455416666666667,0,36,too_inconsistent,right,0,right,14
1774306413.1555245,pure_pursuit,HOLD_AND_STOP,hold_and_stop,1,234,0.2812719103601164,0.30628223453383085,242,1.0,0.0,0.0,0.0,0.0,0.0,,,1000,1500,0.44941342500000003,1,58,0,fallback_hold_and_stop,right_only_from_pair_reject,1,1,7,43,0,-675.845791471377,644.5261304981606,241.06492412125962,413.73615175370634,too_inconsistent,,,,,,,-0.752983412910548,0.415839746475329,-0.7529834129105479,306,1,real,200,640,360,,48.07472229003906,,61.022281646728516,real,left,0,44,2154,1911,1911,2154,1911,1911,74463,0,26,142,179,55,55,centerline_fallback,0.0,0.0,-393.9167210973495,15,0,7,0,14,0,0,left,1,0,30,right,0.0,0.436375,6,60,17,6,8,0,0,1,0.0,1,0,1,201.88690009832428,0,,right_only_from_pair_reject,68,,0.0,0.436375,0,33,too_inconsistent,right,0,right,15
1774306413.267669,pure_pursuit,HOLD_AND_STOP,hold_and_stop,1,234,0.2812719103601164,0.30628223453383085,242,1.0,0.0,0.0,0.0,0.0,0.0,,,1000,1500,0.44220555000000006,1,59,0,fallback_hold_and_stop,right_only_from_pair_reject,1,1,6,43,0,-675.845791471377,644.5261304981606,241.06492412125962,413.73615175370634,too_inconsistent,,,,,,,-0.752983412910548,0.415839746475329,-0.7529834129105479,307,1,real,200,640,360,,36.47875785827637,,49.08323287963867,real,left,0,43,2196,1986,1986,2196,1986,1986,74463,0,26,142,179,55,55,centerline_fallback,0.0,0.0,-393.8574875445937,15,0,6,0,12,0,0,left,1,0,31,right,0.0,0.44325000000000003,6,60,17,6,8,0,0,1,0.0,1,0,1,207.1268669773314,0,,right_only_from_pair_reject,69,,0.0,0.44325000000000003,0,32,too_inconsistent,right,0,right,16
1774306413.3681457,pure_pursuit,HOLD_AND_STOP,hold_and_stop,1,234,0.2812719103601164,0.30628223453383085,242,1.0,0.0,0.0,0.0,0.0,0.0,,,1000,1500,0.4420281750000001,1,60,0,fallback_hold_and_stop,right_only_from_pair_reject,1,1,6,43,0,-675.845791471377,644.5261304981606,241.06492412125962,413.73615175370634,too_inconsistent,,,,,,,-0.752983412910548,0.415839746475329,-0.7529834129105479,308,1,real,200,640,360,,31.89873695373535,,42.926788330078125,real,left,0,42,2244,2036,2036,2244,2036,2036,74463,0,26,142,179,55,55,centerline_fallback,0.0,0.0,-393.79851691608775,17,0,6,0,12,0,0,left,1,0,30,right,0.0,0.44095833333333334,6,60,17,6,8,0,0,1,0.0,1,0,1,231.2617437252091,0,,right_only_from_pair_reject,70,,0.0,0.44095833333333334,0,34,too_inconsistent,right,0,right,17
1774306413.4619014,pure_pursuit,HOLD_AND_STOP,hold_and_stop,1,234,0.2812719103601164,0.30628223453383085,242,1.0,0.0,0.0,0.0,0.0,0.0,,,1000,1500,0.4414960500000001,1,61,0,fallback_hold_and_stop,right_only_from_pair_reject,1,1,6,43,0,-675.845791471377,644.5261304981606,241.06492412125962,413.73615175370634,too_inconsistent,,,,,,,-0.752983412910548,0.415839746475329,-0.7529834129105479,309,1,real,200,640,360,,28.853893280029297,,37.15825080871582,real,left,0,40,2648,2416,2416,2648,2416,2416,74463,0,26,142,179,55,55,centerline_fallback,0.0,0.0,-393.73975192425996,32,0,6,0,12,0,0,left,1,0,28,right,0.0,0.4340833333333334,6,60,17,6,8,0,0,1,0.0,1,0,1,248.9489951193396,0,,right_only_from_pair_reject,71,,0.0,0.4340833333333334,0,31,too_inconsistent,right,0,right,18
1774306413.5500402,pure_pursuit,HOLD_AND_STOP,hold_and_stop,1,234,0.2812719103601164,0.30628223453383085,242,1.0,0.0,0.0,0.0,0.0,0.0,,,1000,1500,0.4801960500000001,1,62,0,fallback_hold_and_stop,right_only_from_pair_reject,1,1,11,43,0,-675.845791471377,644.5261304981606,241.06492412125962,413.73615175370634,too_inconsistent,,,,,,,-0.752983412910548,0.415839746475329,-0.7529834129105479,310,1,real,200,640,360,,42.36745834350586,,52.915334701538086,real,left,0,50,2458,2221,2221,2458,2221,2221,74463,0,26,142,179,55,55,centerline_fallback,0.0,0.0,-393.6811442461671,23,0,11,0,22,0,0,left,1,0,28,right,0.0,0.4340833333333334,6,60,17,6,8,0,0,1,0.0,1,0,1,122.456651280878,0,,right_only_from_pair_reject,72,,0.0,0.4340833333333334,0,36,too_inconsistent,right,0,right,19
1774306413.6543386,pure_pursuit,HOLD_AND_STOP,hold_and_stop,1,234,0.2812719103601164,0.30628223453383085,242,1.0,0.0,0.0,0.0,0.0,0.0,,,1000,1500,0.4650708000000001,1,63,0,fallback_hold_and_stop,right_only_from_pair_reject,1,1,9,43,0,-675.845791471377,644.5261304981606,241.06492412125962,413.73615175370634,too_inconsistent,,,,,,,-0.752983412910548,0.415839746475329,-0.7529834129105479,311,1,real,200,640,360,,33.994197845458984,,46.42844200134277,real,left,0,48,2327,2094,2094,2327,2094,2094,74463,0,26,142,179,55,55,centerline_fallback,0.0,0.0,-393.6226532803195,14,0,9,0,18,0,0,left,1,0,30,right,0.0,0.4386666666666667,6,60,17,6,8,0,0,1,0.0,1,0,1,190.26457458388725,0,,right_only_from_pair_reject,73,,0.0,0.4386666666666667,0,32,too_inconsistent,right,0,right,20
1774306413.7518682,pure_pursuit,HOLD_AND_STOP,hold_and_stop,1,234,0.2812719103601164,0.30628223453383085,242,1.0,0.0,0.0,0.0,0.0,0.0,,,1000,1500,0.47281080000000014,1,64,0,fallback_hold_and_stop,right_only_from_pair_reject,1,1,10,43,0,-675.845791471377,644.5261304981606,241.06492412125962,413.73615175370634,too_inconsistent,,,,,,,-0.752983412910548,0.415839746475329,-0.7529834129105479,312,1,real,200,640,360,,39.11423683166504,,48.30360412597656,real,left,0,50,2328,2132,2132,2328,2132,2132,74463,0,26,142,179,55,55,centerline_fallback,0.0,0.0,-393.56424507866245,17,0,10,0,20,0,0,left,1,0,30,right,0.0,0.4386666666666667,6,60,17,6,8,0,0,1,0.0,1,0,1,192.86741962086865,0,,right_only_from_pair_reject,74,,0.0,0.4386666666666667,0,33,too_inconsistent,right,0,right,21
1774306413.8509681,pure_pursuit,HOLD_AND_STOP,hold_and_stop,1,234,0.2812719103601164,0.30628223453383085,242,1.0,0.0,0.0,0.0,0.0,0.0,,,1000,1500,0.43428817500000005,1,65,0,fallback_hold_and_stop,right_only_from_pair_reject,1,1,5,43,0,-675.845791471377,644.5261304981606,241.06492412125962,413.73615175370634,too_inconsistent,,,,,,,-0.752983412910548,0.415839746475329,-0.7529834129105479,313,1,real,200,640,360,,47.04451560974121,,61.14602088928223,real,left,0,41,2346,2134,2134,2346,2134,2134,74463,0,26,142,179,55,55,centerline_fallback,0.0,0.0,-393.5058914284394,21,0,5,0,10,0,0,left,1,0,31,right,0.0,0.44095833333333334,6,60,17,6,8,0,0,1,0.0,1,0,1,203.01052251451995,0,,right_only_from_pair_reject,75,,0.0,0.44095833333333334,0,32,too_inconsistent,right,0,right,22
1774306413.9638016,pure_pursuit,HOLD_AND_STOP,hold_and_stop,1,234,0.2812719103601164,0.30628223453383085,242,1.0,0.0,0.0,0.0,0.0,0.0,,,1000,1500,0.48126030000000003,1,66,0,fallback_hold_and_stop,right_only_from_pair_reject,1,1,11,43,0,-675.845791471377,644.5261304981606,241.06492412125962,413.73615175370634,too_inconsistent,,,,,,,-0.752983412910548,0.415839746475329,-0.7529834129105479,314,1,real,200,640,360,,44.770240783691406,,53.781986236572266,real,left,0,55,2334,2130,2130,2334,2130,2130,74463,0,26,142,179,55,55,centerline_fallback,0.0,0.0,-393.44756906236194,16,0,11,0,22,0,0,left,1,0,33,right,0.0,0.44783333333333336,6,60,17,6,8,0,0,1,0.0,1,0,1,195.10904957973744,0,,right_only_from_pair_reject,76,,0.0,0.44783333333333336,0,36,too_inconsistent,right,0,right,23
1774306414.0687914,pure_pursuit,HOLD_AND_STOP,hold_and_stop,1,234,0.2812719103601164,0.30628223453383085,242,1.0,0.0,0.0,0.0,0.0,0.0,,,1000,1500,0.43446555000000003,1,67,0,fallback_hold_and_stop,right_only_from_pair_reject,1,1,5,43,0,-675.845791471377,644.5261304981606,241.06492412125962,413.73615175370634,too_inconsistent,,,,,,,-0.752983412910548,0.415839746475329,-0.7529834129105479,315,1,real,200,640,360,,34.86275672912598,,42.47474670410156,real,left,0,42,2362,2176,2176,2362,2176,2176,74463,0,26,142,179,55,55,centerline_fallback,0.0,0.0,-393.3892589786743,19,0,5,0,10,0,0,left,1,0,32,right,0.0,0.44325000000000003,6,60,17,6,8,0,0,1,0.0,1,0,1,205.02348250529786,0,,right_only_from_pair_reject,77,,0.0,0.44325000000000003,0,35,too_inconsistent,right,0,right,24
1774306414.1620085,pure_pursuit,HOLD_AND_STOP,hold_and_stop,1,234,0.2812719103601164,0.30628223453383085,242,1.0,0.0,0.0,0.0,0.0,0.0,,,1000,1500,0.450122925,1,68,0,fallback_hold_and_stop,right_only_from_pair_reject,1,1,7,43,0,-675.845791471377,644.5261304981606,241.06492412125962,413.73615175370634,too_inconsistent,,,,,,,-0.752983412910548,0.415839746475329,-0.7529834129105479,316,1,real,200,640,360,,31.107187271118164,,41.85628890991211,real,left,0,46,2383,2179,2179,2383,2179,2179,74463,0,26,142,179,55,55,centerline_fallback,0.0,0.0,-393.33094585538356,24,0,7,0,14,0,0,left,1,0,32,right,0.0,0.4455416666666667,6,60,17,6,8,0,0,1,0.0,1,0,1,180.60646293116795,0,,right_only_from_pair_reject,78,,0.0,0.4455416666666667,0,33,too_inconsistent,right,0,right,25
1774306414.2553232,pure_pursuit,HOLD_AND_STOP,hold_and_stop,1,234,0.2812719103601164,0.30628223453383085,242,1.0,0.0,0.0,0.0,0.0,0.0,,,1000,1500,0.4890003,1,69,0,fallback_hold_and_stop,right_only_from_pair_reject,1,1,12,43,0,-675.845791471377,644.5261304981606,241.06492412125962,413.73615175370634,too_inconsistent,,,,,,,-0.752983412910548,0.415839746475329,-0.7529834129105479,317,1,real,200,640,360,,18.997669219970703,,27.592182159423828,real,left,0,57,2395,2243,2243,2395,2243,2243,74463,0,26,142,179,55,55,centerline_fallback,0.0,0.0,-393.27261754522624,19,0,12,0,24,0,0,left,1,0,33,right,0.0,0.44783333333333336,6,60,17,6,8,0,0,1,0.0,1,0,1,167.35129948158655,0,,right_only_from_pair_reject,79,,0.0,0.44783333333333336,0,38,too_inconsistent,right,0,right,26
1774306414.3344748,pure_pursuit,HOLD_AND_STOP,hold_and_stop,1,234,0.2812719103601164,0.30628223453383085,242,1.0,0.0,0.0,0.0,0.0,0.0,,,1000,1500,0.44256029999999996,1,70,0,fallback_hold_and_stop,right_only_from_pair_reject,1,1,6,43,0,-675.845791471377,644.5261304981606,241.06492412125962,413.73615175370634,too_inconsistent,,,,,,,-0.752983412910548,0.415839746475329,-0.7529834129105479,318,1,real,200,640,360,,32.013893127441406,,40.514230728149414,real,left,0,45,2403,2176,2176,2403,2176,2176,74463,0,26,142,179,55,55,centerline_fallback,0.0,0.0,-393.21426463989326,16,0,6,0,12,0,0,left,1,0,33,right,0.0,0.44783333333333336,6,60,17,6,8,0,0,1,0.0,1,0,1,197.50789958560875,0,,right_only_from_pair_reject,80,,0.0,0.44783333333333336,0,36,too_inconsistent,right,0,right,27
1774306414.425518,pure_pursuit,HOLD_AND_STOP,hold_and_stop,1,234,0.2812719103601164,0.30628223453383085,242,1.0,0.0,0.0,0.0,0.0,0.0,,,1000,1500,0.43499767500000003,1,71,0,fallback_hold_and_stop,right_only_from_pair_reject,1,1,5,43,0,-675.845791471377,644.5261304981606,241.06492412125962,413.73615175370634,too_inconsistent,,,,,,,-0.752983412910548,0.415839746475329,-0.7529834129105479,319,1,real,200,640,360,,18.998384475708008,,24.512529373168945,real,left,0,44,2413,2194,2194,2413,2194,2194,74463,0,26,142,179,55,55,centerline_fallback,0.0,0.0,-393.1557665447238,15,0,5,0,10,0,0,left,1,0,34,right_continuation,0.0,0.45012500000000005,6,60,17,6,8,0,0,1,0.0,1,0,1,193.88448034486234,0,,right_only_from_pair_reject,81,right,0.0,0.45012500000000005,0,37,,,,,
1774306414.501045,pure_pursuit,HOLD_AND_STOP,hold_and_stop,1,234,0.2812719103601164,0.30628223453383085,242,1.0,0.0,0.0,0.0,0.0,0.0,,,1000,1500,0.45100980000000007,1,72,0,fallback_hold_and_stop,right_only_from_pair_reject,1,1,7,43,0,-675.845791471377,644.5261304981606,241.06492412125962,413.73615175370634,too_inconsistent,,,,,,,-0.752983412910548,0.415839746475329,-0.7529834129105479,320,1,real,200,640,360,,26.003360748291016,,36.006927490234375,real,left,0,48,2400,2233,2233,2400,2233,2233,74463,0,26,142,179,55,55,centerline_fallback,0.0,0.0,-393.09689583738657,17,0,7,0,14,0,0,left,1,0,34,right_continuation,0.0,0.4570000000000001,6,60,17,6,8,0,0,1,0.0,1,0,1,184.9322005301338,0,,right_only_from_pair_reject,82,right,0.0,0.4570000000000001,0,42,,,,,
1774306414.5880601,pure_pursuit,HOLD_AND_STOP,hold_and_stop,1,234,0.2812719103601164,0.30628223453383085,242,1.0,0.0,0.0,0.0,0.0,0.0,,,1000,1500,0.5053671750000001,1,73,0,fallback_hold_and_stop,right_only_from_pair_reject,1,1,14,43,0,-675.845791471377,644.5261304981606,241.06492412125962,413.73615175370634,too_inconsistent,,,,,,,-0.752983412910548,0.415839746475329,-0.7529834129105479,321,1,real,200,640,360,,29.543638229370117,,40.166378021240234,real,left,0,62,2410,2202,2202,2410,2202,2202,74463,0,26,142,179,55,55,centerline_fallback,0.0,0.0,-393.03765614920644,14,0,14,0,28,0,0,left,1,0,34,right_continuation,0.0,0.45929166666666665,6,60,17,6,8,0,0,1,0.0,1,0,1,181.68862209419402,0,,right_only_from_pair_reject,83,right,0.0,0.45929166666666665,0,43,,,,,
1774306414.679086,pure_pursuit,HOLD_AND_STOP,hold_and_stop,1,234,0.2812719103601164,0.30628223453383085,242,1.0,0.0,0.0,0.0,0.0,0.0,,,1000,1500,0.44273767500000005,1,74,0,fallback_hold_and_stop,right_only_from_pair_reject,1,1,6,43,0,-675.845791471377,644.5261304981606,241.06492412125962,413.73615175370634,too_inconsistent,,,,,,,-0.752983412910548,0.415839746475329,-0.7529834129105479,322,1,real,200,640,360,,30.71761131286621,,37.72449493408203,real,left,0,46,2400,2184,2184,2400,2184,2184,74463,0,26,142,179,55,55,centerline_fallback,0.0,0.0,-392.9780524321354,18,0,6,0,12,0,0,left,1,0,34,right_continuation,0.0,0.45012500000000005,6,60,17,6,8,0,0,1,0.0,1,0,1,186.38729762141983,0,,right_only_from_pair_reject,84,right,0.0,0.45012500000000005,0,34,,,,,
1774306414.768221,pure_pursuit,HOLD_AND_STOP,hold_and_stop,1,234,0.2812719103601164,0.30628223453383085,242,1.0,0.0,0.0,0.0,0.0,0.0,,,1000,1500,0.450477675,1,75,0,fallback_hold_and_stop,right_only_from_pair_reject,1,1,7,43,0,-675.845791471377,644.5261304981606,241.06492412125962,413.73615175370634,too_inconsistent,,,,,,,-0.752983412910548,0.415839746475329,-0.7529834129105479,323,1,real,200,640,360,,18.00704002380371,,26.009559631347656,real,left,0,48,2408,2182,2182,2408,2182,2182,74463,0,26,142,179,55,55,centerline_fallback,0.0,0.0,-392.9180907684597,15,0,7,0,14,0,0,left,1,0,34,right_continuation,0.0,0.45012500000000005,6,60,17,6,8,0,0,1,0.0,1,0,1,186.2039167611474,0,,right_only_from_pair_reject,85,right,0.0,0.45012500000000005,0,39,,,,,
1774306414.8447506,pure_pursuit,HOLD_AND_STOP,hold_and_stop,1,234,0.2812719103601164,0.30628223453383085,242,1.0,0.0,0.0,0.0,0.0,0.0,,,1000,1500,0.43535242500000004,1,76,0,fallback_hold_and_stop,right_only_from_pair_reject,1,1,5,43,0,-675.845791471377,644.5261304981606,241.06492412125962,413.73615175370634,too_inconsistent,,,,,,,-0.752983412910548,0.415839746475329,-0.7529834129105479,324,1,real,200,640,360,,23.001432418823242,,30.51161766052246,real,left,0,45,2404,2284,2284,2404,2284,2284,74463,0,26,142,179,55,55,centerline_fallback,0.0,0.0,-392.85777820517603,17,0,5,0,10,0,0,left,1,0,35,right_continuation,0.0,0.4547083333333334,6,60,17,6,8,0,0,1,0.0,1,0,1,171.76380382642847,0,,right_only_from_pair_reject,86,right,0.0,0.4547083333333334,0,37,,,,,
1774306414.9262855,pure_pursuit,HOLD_AND_STOP,hold_and_stop,1,234,0.2812719103601164,0.30628223453383085,242,1.0,0.0,0.0,0.0,0.0,0.0,,,1000,1500,0.53792355,1,77,0,fallback_hold_and_stop,right_only_from_pair_reject,1,1,18,43,0,-675.845791471377,644.5261304981606,241.06492412125962,413.73615175370634,too_inconsistent,,,,,,,-0.752983412910548,0.415839746475329,-0.7529834129105479,325,1,real,200,640,360,,36.00192070007324,,45.01914978027344,real,left,0,71,2421,2263,2263,2421,2263,2263,74463,0,26,142,179,55,55,centerline_fallback,0.0,0.0,-392.79712260969313,18,0,18,0,36,0,0,left,1,0,35,right_continuation,0.0,0.47991666666666666,6,60,17,6,8,0,0,1,0.0,1,0,1,188.16879022949996,0,,right_only_from_pair_reject,87,right,0.0,0.47991666666666666,0,48,,,,,
1774306415.022397,pure_pursuit,HOLD_AND_STOP,hold_and_stop,1,234,0.2812719103601164,0.30628223453383085,242,1.0,0.0,0.0,0.0,0.0,0.0,,,1000,1500,0.53792355,1,78,0,fallback_hold_and_stop,right_only_from_pair_reject,1,1,18,43,0,-675.845791471377,644.5261304981606,241.06492412125962,413.73615175370634,too_inconsistent,,,,,,,-0.752983412910548,0.415839746475329,-0.7529834129105479,326,1,real,200,640,360,,32.99832344055176,,41.00513458251953,real,left,0,71,2410,2270,2270,2410,2270,2270,74463,0,26,142,179,55,55,centerline_fallback,0.0,0.0,-392.7361325440011,18,0,18,0,36,0,0,left,1,0,35,right_continuation,0.0,0.47991666666666666,6,60,17,6,8,0,0,1,0.0,1,0,1,185.5434047362883,0,,right_only_from_pair_reject,88,right,0.0,0.47991666666666666,0,45,,,,,
1774306415.114454,pure_pursuit,HOLD_AND_STOP,hold_and_stop,1,234,0.2812719103601164,0.30628223453383085,242,1.0,0.0,0.0,0.0,0.0,0.0,,,1000,1500,0.5076730500000001,1,79,0,fallback_hold_and_stop,right_only_from_pair_reject,1,1,14,43,0,-675.845791471377,644.5261304981606,241.06492412125962,413.73615175370634,too_inconsistent,,,,,,,-0.752983412910548,0.415839746475329,-0.7529834129105479,327,1,real,200,640,360,,34.096717834472656,,42.13428497314453,real,left,0,63,2433,2340,2340,2433,2340,2340,74463,0,26,142,179,55,55,centerline_fallback,0.0,0.0,-392.67481715483785,21,0,14,0,28,0,0,left,1,0,35,right_continuation,0.0,0.4890833333333333,6,60,17,6,8,0,0,1,0.0,1,0,1,187.59029496910927,0,,right_only_from_pair_reject,89,right,0.0,0.4890833333333333,0,46,,,,,
1774306415.2076263,pure_pursuit,HOLD_AND_STOP,hold_and_stop,1,234,0.2812719103601164,0.30628223453383085,242,1.0,0.0,0.0,0.0,0.0,0.0,,,1000,1500,0.531425175,1,80,0,fallback_hold_and_stop,right_only_from_pair_reject,1,1,17,43,0,-675.845791471377,644.5261304981606,241.06492412125962,413.73615175370634,too_inconsistent,,,,,,,-0.752983412910548,0.415839746475329,-0.7529834129105479,328,1,real,200,640,360,,34.96551513671875,,41.5501594543457,real,left,0,69,2431,2344,2344,2431,2344,2344,74463,0,26,142,179,55,55,centerline_fallback,0.0,0.0,-392.6131860777346,18,0,17,0,34,0,0,left,1,0,35,right_continuation,0.0,0.4959583333333334,6,60,17,6,8,0,0,1,0.0,1,0,1,189.69478086376634,0,,right_only_from_pair_reject,90,right,0.0,0.4959583333333334,0,46,,,,,
1774306415.3006928,pure_pursuit,HOLD_AND_STOP,hold_and_stop,1,234,0.2812719103601164,0.30628223453383085,242,1.0,0.0,0.0,0.0,0.0,0.0,,,1000,1500,0.5393425500000001,1,81,0,fallback_hold_and_stop,right_only_from_pair_reject,1,1,18,43,0,-675.845791471377,644.5261304981606,241.06492412125962,413.73615175370634,too_inconsistent,,,,,,,-0.752983412910548,0.415839746475329,-0.7529834129105479,329,1,real,200,640,360,,21.99840545654297,,28.522491455078125,real,left,0,71,2440,2366,2366,2440,2366,2366,74463,0,26,142,179,55,55,centerline_fallback,0.0,0.0,-392.5512493531149,18,0,18,0,36,0,0,left,1,0,35,right_continuation,0.0,0.49825,6,60,17,6,8,0,0,1,0.0,1,0,1,183.63556444076917,0,,right_only_from_pair_reject,91,right,0.0,0.49825,0,49,,,,,
1774306415.3809488,pure_pursuit,HOLD_AND_STOP,hold_and_stop,1,234,0.2812719103601164,0.30628223453383085,242,1.0,0.0,0.0,0.0,0.0,0.0,,,1000,1500,0.5393425500000001,1,82,0,fallback_hold_and_stop,right_only_from_pair_reject,1,1,21,43,0,-675.845791471377,644.5261304981606,241.06492412125962,413.73615175370634,too_inconsistent,,,,,,,-0.752983412910548,0.415839746475329,-0.7529834129105479,330,1,real,200,640,360,,34.95383262634277,,41.06330871582031,real,left,0,77,2454,2374,2374,2454,2374,2374,74463,0,26,142,179,55,55,centerline_fallback,0.0,0.0,-392.48901735287166,22,0,21,0,42,0,0,left,1,0,35,right_continuation,0.0,0.49825,6,60,17,6,8,0,0,1,0.0,1,0,1,203.5289997919771,0,,right_only_from_pair_reject,92,right,0.0,0.49825,0,51,,,,,
1774306415.4732072,pure_pursuit,HOLD_AND_STOP,hold_and_stop,1,234,0.2812719103601164,0.30628223453383085,242,1.0,0.0,0.0,0.0,0.0,0.0,,,1000,1500,0.5404068000000001,1,83,0,fallback_hold_and_stop,right_only_from_pair_reject,1,1,20,43,0,-675.845791471377,644.5261304981606,241.06492412125962,413.73615175370634,too_inconsistent,,,,,,,-0.752983412910548,0.415839746475329,-0.7529834129105479,331,1,real,200,640,360,,33.51187705993652,,42.11020469665527,real,left,0,76,2460,2420,2420,2460,2420,2420,74463,0,26,142,179,55,55,centerline_fallback,0.0,0.0,-392.42650071606806,20,0,20,0,40,0,0,left,1,0,36,right_continuation,0.0,0.512,6,60,17,6,8,0,0,1,0.0,1,0,1,194.05215268903385,0,,right_only_from_pair_reject,93,right,0.0,0.512,0,55,,,,,
1774306415.5664363,pure_pursuit,HOLD_AND_STOP,hold_and_stop,1,234,0.2812719103601164,0.30628223453383085,242,1.0,0.0,0.0,0.0,0.0,0.0,,,1000,1500,0.43535242500000004,1,84,0,fallback_hold_and_stop,right_only_from_pair_reject,1,1,5,43,0,-675.845791471377,644.5261304981606,241.06492412125962,413.73615175370634,too_inconsistent,,,,,,,-0.752983412910548,0.415839746475329,-0.7529834129105479,332,1,real,200,640,360,,20.00594139099121,,29.630422592163086,real,left,0,45,2459,2419,2419,2459,2419,2419,74463,0,26,142,179,55,55,centerline_fallback,0.0,0.0,-392.36371029258873,23,0,5,0,10,0,0,left,1,0,35,right_continuation,0.0,0.4547083333333334,6,60,17,6,8,0,0,1,0.0,1,0,1,152.18702250306097,0,,right_only_from_pair_reject,94,right,0.0,0.4547083333333334,0,37,,,,,
1774306415.64752,pure_pursuit,HOLD_AND_STOP,hold_and_stop,1,234,0.2812719103601164,0.30628223453383085,242,1.0,0.0,0.0,0.0,0.0,0.0,,,1000,1500,0.45065505,1,85,0,fallback_hold_and_stop,right_only_from_pair_reject,1,1,7,43,0,-675.845791471377,644.5261304981606,241.06492412125962,413.73615175370634,too_inconsistent,,,,,,,-0.752983412910548,0.415839746475329,-0.7529834129105479,333,1,real,200,640,360,,32.35602378845215,,39.57867622375488,real,left,0,49,2461,2415,2415,2461,2415,2415,74463,0,26,142,179,55,55,centerline_fallback,0.0,0.0,-392.3006570937302,17,0,7,0,14,0,0,left,1,0,35,right_continuation,0.0,0.4524166666666667,6,60,17,6,8,0,0,1,0.0,1,0,1,148.42189518743152,0,,right_only_from_pair_reject,95,right,0.0,0.4524166666666667,0,41,,,,,
1774306415.7377262,pure_pursuit,HOLD_AND_STOP,hold_and_stop,1,234,0.2812719103601164,0.30628223453383085,242,1.0,0.0,0.0,0.0,0.0,0.0,,,1000,1500,0.44433405000000004,1,86,0,fallback_hold_and_stop,right_only_from_pair_reject,1,1,6,43,0,-675.845791471377,644.5261304981606,241.06492412125962,413.73615175370634,too_inconsistent,,,,,,,-0.752983412910548,0.415839746475329,-0.7529834129105479,334,1,real,200,640,360,,35.00175476074219,,42.51241683959961,real,left,0,48,2471,2458,2458,2471,2458,2458,74463,0,26,142,179,55,55,centerline_fallback,0.0,0.0,-392.2373522488527,33,0,6,0,12,0,0,left,1,0,36,right_continuation,0.0,0.47075,6,60,17,6,8,0,0,1,0.0,1,0,1,195.10851240101601,0,,right_only_from_pair_reject,96,right,0.0,0.47075,0,41,,,,,
1774306415.8317676,pure_pursuit,HOLD_AND_STOP,hold_and_stop,1,234,0.2812719103601164,0.30628223453383085,242,1.0,0.0,0.0,0.0,0.0,0.0,,,1000,1500,0.44309242500000007,1,87,0,fallback_hold_and_stop,right_only_from_pair_reject,1,1,6,43,0,-675.845791471377,644.5261304981606,241.06492412125962,413.73615175370634,too_inconsistent,,,,,,,-0.752983412910548,0.415839746475329,-0.7529834129105479,335,1,real,200,640,360,,20.0042724609375,,27.512311935424805,real,left,0,48,2458,2422,2422,2458,2422,2422,74463,0,26,142,179,55,55,centerline_fallback,0.0,0.0,-392.17380696733846,18,0,6,0,12,0,0,left,1,0,36,right_continuation,0.0,0.4547083333333334,6,60,17,6,8,0,0,1,0.0,1,0,1,156.03761913258467,0,,right_only_from_pair_reject,97,right,0.0,0.4547083333333334,0,40,,,,,
1774306415.910431,pure_pursuit,HOLD_AND_STOP,hold_and_stop,1,234,0.2812719103601164,0.30628223453383085,242,1.0,0.0,0.0,0.0,0.0,0.0,,,1000,1500,0.44326980000000005,1,88,0,fallback_hold_and_stop,right_only_from_pair_reject,1,1,6,43,0,-675.845791471377,644.5261304981606,241.06492412125962,413.73615175370634,too_inconsistent,,,,,,,-0.752983412910548,0.415839746475329,-0.7529834129105479,336,1,real,200,640,360,,35.99214553833008,,44.08693313598633,real,left,0,48,2463,2431,2431,2463,2431,2431,74463,0,26,142,179,55,55,centerline_fallback,0.0,0.0,-392.1100325051981,16,0,6,0,12,0,0,left,1,0,36,right_continuation,0.0,0.4570000000000001,6,60,17,6,8,0,0,1,0.0,1,0,1,152.26657448277703,0,,right_only_from_pair_reject,98,right,0.0,0.4570000000000001,0,39,,,,,
1774306416.00586,pure_pursuit,HOLD_AND_STOP,hold_and_stop,1,234,0.2812719103601164,0.30628223453383085,242,1.0,0.0,0.0,0.0,0.0,0.0,,,1000,1500,0.44326980000000005,1,89,0,fallback_hold_and_stop,right_only_from_pair_reject,1,1,6,43,0,-675.845791471377,644.5261304981606,241.06492412125962,413.73615175370634,too_inconsistent,,,,,,,-0.752983412910548,0.415839746475329,-0.7529834129105479,337,1,real,200,640,360,,32.00101852416992,,42.510032653808594,real,left,0,48,2452,2417,2417,2452,2417,2417,74463,0,26,142,179,55,55,centerline_fallback,0.0,0.0,-392.04604013575397,15,0,6,0,12,0,0,left,1,0,36,right_continuation,0.0,0.4570000000000001,6,60,17,6,8,0,0,1,0.0,1,0,1,169.05619391211906,0,,right_only_from_pair_reject,99,right,0.0,0.4570000000000001,0,40,,,,,
1774306416.0994208,pure_pursuit,HOLD_AND_STOP,hold_and_stop,1,234,0.2812719103601164,0.30628223453383085,242,1.0,0.0,0.0,0.0,0.0,0.0,,,1000,1500,0.54076155,1,90,0,fallback_hold_and_stop,right_only_from_pair_reject,1,1,18,43,0,-675.845791471377,644.5261304981606,241.06492412125962,413.73615175370634,too_inconsistent,,,,,,,-0.752983412910548,0.415839746475329,-0.7529834129105479,338,1,real,200,640,360,,32.0124626159668,,42.44494438171387,real,left,0,73,2458,2450,2450,2458,2450,2450,74463,0,26,142,179,55,55,centerline_fallback,0.0,0.0,-391.9818411239057,19,0,18,0,36,0,0,left,1,0,37,right_continuation,0.0,0.5165833333333333,6,60,17,6,8,0,0,1,0.0,1,0,1,204.15772879011607,0,,right_only_from_pair_reject,100,right,0.0,0.5165833333333333,0,53,,,,,
1774306416.1926465,pure_pursuit,HOLD_AND_STOP,hold_and_stop,1,234,0.2812719103601164,0.30628223453383085,242,1.0,0.0,0.0,0.0,0.0,0.0,,,1000,1500,0.54076155,1,91,0,fallback_hold_and_stop,right_only_from_pair_reject,1,1,22,43,0,-675.845791471377,644.5261304981606,241.06492412125962,413.73615175370634,too_inconsistent,,,,,,,-0.752983412910548,0.415839746475329,-0.7529834129105479,339,1,real,200,640,360,,30.508995056152344,,40.52019119262695,real,left,0,81,2442,2439,2439,2442,2439,2439,74463,0,26,142,179,55,55,centerline_fallback,0.0,0.0,-391.91737622530854,22,0,22,0,44,0,0,left,1,0,37,right_continuation,0.0,0.5165833333333333,6,60,17,6,8,0,0,1,0.0,1,0,1,215.18674907536433,0,,right_only_from_pair_reject,101,right,0.0,0.5165833333333333,0,55,,,,,
1774306416.2846787,pure_pursuit,HOLD_AND_STOP,hold_and_stop,1,234,0.2812719103601164,0.30628223453383085,242,1.0,0.0,0.0,0.0,0.0,0.0,,,1000,1500,0.451187175,1,92,0,fallback_hold_and_stop,right_only_from_pair_reject,1,1,7,43,0,-675.845791471377,644.5261304981606,241.06492412125962,413.73615175370634,too_inconsistent,,,,,,,-0.752983412910548,0.415839746475329,-0.7529834129105479,340,1,real,200,640,360,,34.08336639404297,,42.09256172180176,real,left,0,51,2467,2463,2463,2467,2463,2463,74463,0,26,142,179,55,55,centerline_fallback,0.0,0.0,-391.85242116234963,17,0,7,0,14,0,0,left,1,0,37,right_continuation,0.0,0.45929166666666665,6,60,17,6,8,0,0,1,0.0,1,0,1,184.49606717170977,0,,right_only_from_pair_reject,102,right,0.0,0.45929166666666665,0,41,,,,,
1774306416.3778698,pure_pursuit,HOLD_AND_STOP,hold_and_stop,1,234,0.2812719103601164,0.30628223453383085,242,1.0,0.0,0.0,0.0,0.0,0.0,,,1000,1500,0.540584175,1,93,0,fallback_hold_and_stop,right_only_from_pair_reject,1,1,19,43,0,-675.845791471377,644.5261304981606,241.06492412125962,413.73615175370634,too_inconsistent,,,,,,,-0.752983412910548,0.415839746475329,-0.7529834129105479,341,1,real,200,640,360,,33.68711471557617,,41.37086868286133,real,left,0,75,2468,2456,2456,2468,2456,2456,74463,0,26,142,179,55,55,centerline_fallback,0.0,0.0,-391.78699210651575,19,0,19,0,38,0,0,left,1,0,37,right_continuation,0.0,0.5142916666666667,6,60,17,6,8,0,0,1,0.0,1,0,1,230.9292974021746,0,,right_only_from_pair_reject,103,right,0.0,0.5142916666666667,0,51,,,,,
1774306416.4700577,pure_pursuit,HOLD_AND_STOP,hold_and_stop,1,234,0.2812719103601164,0.30628223453383085,242,1.0,0.0,0.0,0.0,0.0,0.0,,,1000,1500,0.443447175,1,94,0,fallback_hold_and_stop,right_only_from_pair_reject,1,1,6,43,0,-675.845791471377,644.5261304981606,241.06492412125962,413.73615175370634,too_inconsistent,,,,,,,-0.752983412910548,0.415839746475329,-0.7529834129105479,342,1,real,200,640,360,,32.813310623168945,,41.95857048034668,real,left,0,49,2485,2465,2465,2485,2465,2465,74463,0,26,142,179,55,55,centerline_fallback,0.0,0.0,-391.72110517973954,19,0,6,0,12,0,0,left,1,0,37,right_continuation,0.0,0.45929166666666665,6,60,17,6,8,0,0,1,0.0,1,0,1,201.1180397063968,0,,right_only_from_pair_reject,104,right,0.0,0.45929166666666665,0,43,,,,,
1774306416.5629466,pure_pursuit,HOLD_AND_STOP,hold_and_stop,1,234,0.2812719103601164,0.30628223453383085,242,1.0,0.0,0.0,0.0,0.0,0.0,,,1000,1500,0.525104175,1,95,0,fallback_hold_and_stop,right_only_from_pair_reject,1,1,16,43,0,-675.845791471377,644.5261304981606,241.06492412125962,413.73615175370634,too_inconsistent,,,,,,,-0.752983412910548,0.415839746475329,-0.7529834129105479,343,1,real,200,640,360,,35.00247001647949,,43.470144271850586,real,left,0,69,2481,2466,2466,2481,2466,2466,74463,0,26,142,179,55,55,centerline_fallback,0.0,0.0,-391.65477642353005,16,0,16,0,32,0,0,left,1,0,37,right_continuation,0.0,0.5142916666666667,6,60,17,6,8,0,0,1,0.0,1,0,1,236.62359173354352,0,,right_only_from_pair_reject,105,right,0.0,0.5142916666666667,0,49,,,,,
1774306416.6574252,pure_pursuit,HOLD_AND_STOP,hold_and_stop,1,234,0.2812719103601164,0.30628223453383085,242,1.0,0.0,0.0,0.0,0.0,0.0,,,1000,1500,0.540584175,1,96,0,fallback_hold_and_stop,right_only_from_pair_reject,1,1,22,43,0,-675.845791471377,644.5261304981606,241.06492412125962,413.73615175370634,too_inconsistent,,,,,,,-0.752983412910548,0.415839746475329,-0.7529834129105479,344,1,real,200,640,360,,33.01119804382324,,40.52376747131348,real,left,0,81,2494,2471,2471,2494,2471,2471,74463,0,26,142,179,55,55,centerline_fallback,0.0,0.0,-391.5880217726485,22,0,22,0,44,0,0,left,1,0,37,right_continuation,0.0,0.5142916666666667,6,60,17,6,8,0,0,1,0.0,1,0,1,232.6686735672326,0,,right_only_from_pair_reject,106,right,0.0,0.5142916666666667,0,53,,,,,
1774306416.7486737,pure_pursuit,HOLD_AND_STOP,hold_and_stop,1,234,0.2812719103601164,0.30628223453383085,242,1.0,0.0,0.0,0.0,0.0,0.0,,,1000,1500,0.44309242500000007,1,97,0,fallback_hold_and_stop,right_only_from_pair_reject,1,1,6,43,0,-675.845791471377,644.5261304981606,241.06492412125962,413.73615175370634,too_inconsistent,,,,,,,-0.752983412910548,0.415839746475329,-0.7529834129105479,345,1,real,200,640,360,,19.471168518066406,,26.476383209228516,real,left,0,48,2516,2491,2491,2516,2491,2491,74463,0,26,142,179,55,55,centerline_fallback,0.0,0.0,-391.5208570327128,25,0,6,0,12,0,0,left,1,0,36,right_continuation,0.0,0.4547083333333334,6,60,17,6,8,0,0,1,0.0,1,0,1,230.10540884321264,0,,right_only_from_pair_reject,107,right,0.0,0.4547083333333334,0,41,,,,,
1774306416.826711,pure_pursuit,HOLD_AND_STOP,hold_and_stop,1,234,0.2812719103601164,0.30628223453383085,242,1.0,0.0,0.0,0.0,0.0,0.0,,,1000,1500,0.54005205,1,98,0,fallback_hold_and_stop,right_only_from_pair_reject,1,1,18,43,0,-675.845791471377,644.5261304981606,241.06492412125962,413.73615175370634,too_inconsistent,,,,,,,-0.752983412910548,0.415839746475329,-0.7529834129105479,346,1,real,200,640,360,,34.49106216430664,,42.14310646057129,real,left,5,73,2523,2518,2518,2523,2518,2518,74463,0,26,142,179,55,55,centerline_fallback,0.0,0.0,-391.45329786120703,19,0,18,0,36,0,0,left,1,5,37,right_continuation,0.0,0.5074166666666666,6,60,17,6,8,0,0,1,0.0,1,0,1,242.11798665020964,0,,right_only_from_pair_reject,108,right,0.0,0.5074166666666666,5,51,,,,,
1774306416.9199982,pure_pursuit,HOLD_AND_STOP,hold_and_stop,1,234,0.2812719103601164,0.30628223453383085,242,1.0,0.0,0.0,0.0,0.0,0.0,,,1000,1500,0.5398746750000001,1,99,0,fallback_hold_and_stop,right_only_from_pair_reject,1,1,18,43,0,-655.9367958928408,703.2358605019257,257.3294422352754,425.3884117294263,too_inconsistent,,,,,,,-0.752983412910548,0.415839746475329,-0.7529834129105479,347,1,real,200,640,360,,33.095598220825195,,42.32907295227051,real,left,6,73,2523,2514,2514,2523,2514,2514,74463,0,26,142,179,55,55,centerline_fallback,0.0,0.0,-391.38535975143134,18,0,18,0,36,0,0,left,1,6,37,right_continuation,0.0,0.505125,6,60,17,6,7,1,1,0,68.6855569780849,1,0,1,252.95576232603506,0,,right_only_from_pair_reject,109,right,0.30062500000000003,0.505125,6,52,,,,,
1774306417.0135028,pure_pursuit,HOLD_AND_STOP,hold_and_stop,1,234,0.2812719103601164,0.30628223453383085,242,1.0,0.0,0.0,0.0,0.0,0.0,,,1000,1500,0.5402294249999999,1,100,0,fallback_hold_and_stop,right_only_from_pair_reject,1,1,20,43,0,-682.0752703123513,704.5615019929343,251.30489875533587,434.1225446637169,too_inconsistent,,,,,,,-0.752983412910548,0.415839746475329,-0.7529834129105479,348,1,real,200,640,360,,32.11545944213867,,44.0068244934082,real,left,6,77,2530,2520,2520,2530,2520,2520,74463,0,26,142,179,55,55,centerline_fallback,0.0,0.0,-391.31705801900455,26,0,20,0,40,0,0,left,1,6,37,right_continuation,0.0,0.5097083333333333,6,60,17,6,8,1,1,0,25.930300300620562,1,0,1,250.2698802920068,0,,right_only_from_pair_reject,110,right,0.30762500000000004,0.5097083333333333,6,52,,,,,
1774306417.108433,pure_pursuit,HOLD_AND_STOP,hold_and_stop,1,234,0.2812719103601164,0.30628223453383085,242,1.0,0.0,0.0,0.0,0.0,0.0,,,1000,1500,0.451187175,1,101,0,fallback_hold_and_stop,right_only_from_pair_reject,1,1,7,43,0,-678.1025402774937,732.7986712161658,256.4512106047135,440.00559243689696,too_inconsistent,,,,,,,-0.752983412910548,0.415839746475329,-0.7529834129105479,349,1,real,200,640,360,,28.7320613861084,,37.38284111022949,real,left,7,51,2519,2514,2514,2519,2514,2514,74463,0,26,142,179,55,55,centerline_fallback,0.0,0.0,-391.2470827635043,25,0,7,0,14,0,0,left,1,7,37,right_continuation,0.0,0.45929166666666665,6,60,17,6,8,1,1,0,26.443054686883777,1,0,1,246.5351099760376,0,,right_only_from_pair_reject,111,right,0.40787500000000004,0.45929166666666665,7,39,,,,,
1774306417.1969693,pure_pursuit,HOLD_AND_STOP,hold_and_stop,1,234,0.2812719103601164,0.30628223453383085,242,1.0,0.0,0.0,0.0,0.0,0.0,,,1000,1500,0.5398746750000001,1,102,0,fallback_hold_and_stop,right_only_from_pair_reject,1,1,23,43,0,-732.3376088204247,690.6741039973584,236.68250044487553,446.0869068780277,too_inconsistent,,,,,,,-0.752983412910548,0.415839746475329,-0.7529834129105479,350,1,real,200,640,360,,32.50837326049805,,41.521549224853516,real,left,6,83,2536,2535,2535,2536,2535,2535,74463,0,26,142,179,55,55,centerline_fallback,0.0,0.0,-391.1741952971914,26,0,23,0,46,0,0,left,1,6,37,right_continuation,0.0,0.505125,6,60,17,6,8,1,1,0,70.36492312316504,1,0,1,258.4002079285569,0,,right_only_from_pair_reject,112,right,0.5209583333333334,0.505125,6,51,,,,,
1774306417.2900007,pure_pursuit,HOLD_AND_STOP,hold_and_stop,1,234,0.2812719103601164,0.30628223453383085,242,1.0,0.0,0.0,0.0,0.0,0.0,,,1000,1500,0.5398746750000001,1,103,0,fallback_hold_and_stop,right_only_from_pair_reject,1,1,25,43,0,-712.9943043632608,709.4412191810262,243.7576928749792,445.269495999896,too_inconsistent,,,,,,,-0.752983412910548,0.415839746475329,-0.7529834129105479,351,1,real,200,640,360,,34.51180458068848,,41.518449783325195,real,left,9,85,2722,2741,2741,2722,2741,2741,74463,0,26,142,179,55,55,centerline_fallback,0.0,0.0,-391.0980690271454,31,1,24,2,48,0,0,left,1,7,37,right_continuation,0.0,0.505125,6,60,17,6,8,1,1,0,26.64747021627973,1,0,1,232.35211471624103,0,,right_only_from_pair_reject,113,right,0.5415000000000001,0.505125,9,51,,,,,
1774306417.3828256,pure_pursuit,HOLD_AND_STOP,hold_and_stop,1,234,0.2812719103601164,0.30628223453383085,242,1.0,0.0,0.0,0.0,0.0,0.0,,,1000,1500,0.45874980000000004,1,104,0,fallback_hold_and_stop,right_only_from_pair_reject,1,1,8,43,0,-730.5371324019959,701.5134272161488,238.1557483125311,448.628838079454,too_inconsistent,,,,,,,-0.752983412910548,0.415839746475329,-0.7529834129105479,352,1,real,200,640,360,,34.520626068115234,,43.52879524230957,real,left,7,52,2739,2773,2773,2739,2773,2773,74463,0,26,142,179,55,55,centerline_fallback,0.0,0.0,-391.0177976062407,33,0,8,0,16,0,0,left,1,7,36,right_continuation,0.0,0.4570000000000001,6,60,18,6,8,1,1,0,19.945909112851087,1,0,1,273.8972816165526,0,,right_only_from_pair_reject,114,right,0.6022500000000001,0.4570000000000001,7,40,,,,,
1774306417.4770062,pure_pursuit,HOLD_AND_STOP,hold_and_stop,1,234,0.2812719103601164,0.30628223453383085,242,1.0,0.0,0.0,0.0,0.0,0.0,,,1000,1500,0.5088792000000001,1,105,0,fallback_hold_and_stop,right_only_from_pair_reject,1,1,8,43,0,-760.4769760261297,687.1880225487441,228.43958203327747,453.8963259245589,too_inconsistent,,,,,,,-0.752983412910548,0.415839746475329,-0.7529834129105479,353,1,real,200,640,360,,33.565521240234375,,44.55685615539551,real,left,12,50,2581,2552,2552,2581,2552,2552,74463,0,26,142,179,55,55,centerline_fallback,0.0,0.0,-390.9340900851248,32,2,6,4,12,0,0,left,1,8,38,right,0.6430833333333333,0.46158333333333335,6,60,18,6,7,1,1,0,34.58878920193884,1,0,1,258.62302131645697,0,,right_only_from_pair_reject,115,,0.6430833333333333,0.46158333333333335,9,42,too_inconsistent,left,0,right,28
1774306417.572617,pure_pursuit,HOLD_AND_STOP,hold_and_stop,1,234,0.2812719103601164,0.30628223453383085,242,1.0,0.0,0.0,0.0,0.0,0.0,,,1000,1500,0.593287125,1,106,0,fallback_hold_and_stop,right_only_from_pair_reject,1,1,26,43,0,-774.2002612876763,679.8081931570583,223.48480224657786,455.93150706834814,too_inconsistent,,,,,,,-0.752983412910548,0.415839746475329,-0.7529834129105479,354,1,real,200,640,360,,33.559560775756836,,39.59774971008301,real,left,19,81,2545,2541,2541,2545,2541,2541,74463,0,26,142,179,55,55,centerline_fallback,0.0,0.0,-390.8468540659895,27,5,21,10,42,0,0,left,1,9,39,right,0.6900833333333334,0.505125,6,60,18,6,7,1,1,0,17.642238110340713,1,0,1,267.87675834169676,0,,right_only_from_pair_reject,116,,0.6900833333333334,0.505125,11,51,too_inconsistent,left,0,right,29
1774306417.6632733,pure_pursuit,HOLD_AND_STOP,hold_and_stop,1,234,0.2812719103601164,0.30628223453383085,242,1.0,0.0,0.0,0.0,0.0,0.0,,,1000,1500,0.5396295750000002,1,107,0,fallback_hold_and_stop,right_only_from_pair_reject,1,1,11,43,0,-800.8759631464791,669.2752214457213,214.97647808687233,460.8925844684267,too_inconsistent,,,,,,,-0.752983412910548,0.415839746475329,-0.7529834129105479,355,1,real,200,640,360,,36.101579666137695,,46.15640640258789,real,left,17,52,2538,2545,2545,2538,2545,2545,74463,0,26,142,179,55,55,centerline_fallback,0.0,0.0,-390.76348081009303,30,4,7,8,14,0,0,left,1,9,38,right,0.7426666666666666,0.45929166666666665,6,60,18,6,7,1,1,0,30.28861882184866,1,0,1,271.6490900472482,0,,right_only_from_pair_reject,117,,0.7426666666666666,0.45929166666666665,13,44,too_inconsistent,left,0,right,30
1774306417.7605226,pure_pursuit,HOLD_AND_STOP,hold_and_stop,1,234,0.2812719103601164,0.30628223453383085,242,1.0,0.0,0.0,0.0,0.0,0.0,,,1000,1500,0.55017855,1,108,0,fallback_hold_and_stop,right_only_from_pair_reject,1,1,12,43,0,-841.1011466391951,655.9319970929329,202.55432207975133,468.7833620765364,too_inconsistent,,,,,,,-0.752983412910548,0.415839746475329,-0.7529834129105479,356,1,real,200,640,360,,30.944108963012695,,38.63358497619629,real,left,18,55,2507,2504,2504,2507,2504,2504,74463,0,26,142,179,55,55,centerline_fallback,0.0,0.0,-390.6828371025978,34,4,8,8,16,0,0,left,1,10,39,right,0.7766666666666666,0.46158333333333335,6,60,18,6,7,1,1,0,44.21789289268763,1,0,1,255.37178075752757,0,,right_only_from_pair_reject,118,,0.7766666666666666,0.46158333333333335,14,41,too_inconsistent,left,0,right,31
1774306417.8501716,pure_pursuit,HOLD_AND_STOP,hold_and_stop,1,234,0.2812719103601164,0.30628223453383085,242,1.0,0.0,0.0,0.0,0.0,0.0,,,1000,1500,0.5465085000000001,1,109,0,fallback_hold_and_stop,right_only_from_pair_reject,1,1,12,43,0,-882.860688948796,645.8815714895004,190.15592454426104,477.95936801263986,too_inconsistent,,,,,,,-0.752983412910548,0.415839746475329,-0.7529834129105479,357,1,real,200,640,360,,34.99889373779297,,43.010711669921875,real,left,22,52,2432,2436,2436,2432,2436,2436,74463,0,26,142,179,55,55,centerline_fallback,38.51274490757688,0.0,-390.6035666628245,55,6,6,12,12,0,0,left,1,10,40,right,0.7269583333333334,0.46387500000000004,6,60,19,6,7,1,1,0,44.13844873819605,1,0,1,285.93562394500833,0,,right_only_from_pair_reject,119,,0.7269583333333334,0.46387500000000004,14,44,too_inconsistent,left,0,right,32
1774306417.9443986,pure_pursuit,HOLD_AND_STOP,hold_and_stop,1,234,0.2812719103601164,0.30628223453383085,242,1.0,0.0,0.0,0.0,0.0,0.0,,,1000,1500,0.595899375,1,110,0,fallback_hold_and_stop,right_only_from_pair_reject,1,1,30,43,0,-928.2869938473866,636.0311559783522,176.6212480035025,488.0355519556542,too_inconsistent,,,,,,,-0.752983412910548,0.415839746475329,-0.7529834129105479,358,1,real,200,640,360,,24.005413055419922,,35.11404991149902,real,left,25,86,2408,2422,2422,2408,2422,2422,74463,0,26,142,179,55,55,centerline_fallback,0.0,0.0,-390.52411889193843,31,7,23,14,46,0,0,left,1,11,40,right,0.7192500000000001,0.5097083333333333,5,60,19,5,7,1,1,0,48.184436706504975,1,0,1,265.6746504015982,0,,right_only_from_pair_reject,120,,0.7192500000000001,0.5097083333333333,15,55,too_inconsistent,left,0,right,33
1774306418.0307376,pure_pursuit,HOLD_AND_STOP,hold_and_stop,1,234,0.2812719103601164,0.30628223453383085,242,1.0,0.0,0.0,0.0,0.0,0.0,,,1000,1500,0.5760978750000001,1,111,0,fallback_hold_and_stop,right_only_from_pair_reject,1,1,16,43,0,-974.6434794826716,627.5132897367233,163.09960912723815,498.6328002750167,too_inconsistent,,,,,,,-0.752983412910548,0.415839746475329,-0.7529834129105479,359,1,real,200,640,360,,25.011301040649414,,34.60860252380371,real,left,25,58,2403,2415,2415,2403,2415,2415,74463,0,26,142,179,55,55,centerline_fallback,0.0,0.0,-390.44298672589537,39,7,9,14,18,0,0,left,1,11,40,right,0.70925,0.46387500000000004,5,60,19,5,7,1,1,0,48.13563642995168,1,0,1,271.12518924162106,0,,right_only_from_pair_reject,121,,0.70925,0.46387500000000004,14,46,too_inconsistent,left,0,right,34
1774306418.1165125,pure_pursuit,HOLD_AND_STOP,hold_and_stop,1,234,0.2812719103601164,0.30628223453383085,242,1.0,0.0,0.0,0.0,0.0,0.0,,,1000,1500,0.58556325,1,112,0,fallback_hold_and_stop,right_only_from_pair_reject,1,1,17,43,0,-999.2560493068194,624.5815006222148,155.99523437196086,504.81046306624455,too_inconsistent,,,,,,,-0.752983412910548,0.415839746475329,-0.7529834129105479,360,1,real,200,640,360,,27.02188491821289,,36.032676696777344,real,left,26,60,2328,2302,2302,2328,2302,2302,74463,0,26,142,179,55,55,centerline_fallback,0.0,0.0,-390.3605436041553,40,7,10,14,20,0,0,left,1,12,40,right,0.7315416666666666,0.46387500000000004,5,60,19,5,7,1,1,0,25.299609375229018,1,0,1,267.4866752087793,0,,right_only_from_pair_reject,122,,0.7315416666666666,0.46387500000000004,16,43,too_inconsistent,left,0,right,35
1774306418.20313,pure_pursuit,HOLD_AND_STOP,hold_and_stop,1,234,0.2812719103601164,0.30628223453383085,242,1.0,0.0,0.0,0.0,0.0,0.0,,,1000,1500,0.57698475,1,113,0,fallback_hold_and_stop,right_only_from_pair_reject,1,1,16,43,0,-1019.2608317852447,622.7224707020687,150.29024548179626,510.0848308076243,too_inconsistent,,,,,,,-0.752983412910548,0.415839746475329,-0.7529834129105479,361,1,real,200,640,360,,39.999961853027344,,50.55403709411621,real,left,28,57,2220,2216,2216,2220,2216,2216,74463,0,26,142,179,55,55,centerline_fallback,0.0,0.0,-390.27559867835794,40,8,8,16,16,0,0,left,1,12,41,right,0.7138333333333333,0.47075,5,60,19,5,7,1,1,0,20.319699529988313,1,0,1,298.4664704948511,0,,right_only_from_pair_reject,123,,0.7138333333333333,0.47075,14,43,too_inconsistent,left,0,right,36
1774306418.3042088,pure_pursuit,HOLD_AND_STOP,hold_and_stop,1,234,0.2812719103601164,0.30628223453383085,242,1.0,0.0,0.0,0.0,0.0,0.0,,,1000,1500,0.5982213749999999,1,114,0,fallback_hold_and_stop,right_only_from_pair_reject,1,1,37,43,0,-1042.4944802911277,621.8279306129106,143.8879591730252,516.7856262435612,too_inconsistent,,,,,,,-0.752983412910548,0.415839746475329,-0.7529834129105479,362,1,real,200,640,360,,34.07430648803711,,40.59147834777832,real,left,31,98,2159,2148,2148,2159,2148,2148,74463,0,26,142,179,55,55,centerline_fallback,0.0,0.0,-390.18764827277005,42,9,28,18,56,0,0,left,1,13,42,right,0.7538333333333334,0.505125,6,60,20,6,7,1,1,0,22.810321030381267,1,0,1,264.0675902970888,0,,right_only_from_pair_reject,124,,0.7538333333333334,0.505125,19,65,too_inconsistent,left,0,right,37
1774306418.3963144,pure_pursuit,HOLD_AND_STOP,hold_and_stop,1,234,0.2812719103601164,0.30628223453383085,242,1.0,0.0,0.0,0.0,0.0,0.0,,,1000,1500,0.597802125,1,115,0,fallback_hold_and_stop,right_only_from_pair_reject,1,1,42,43,0,-1054.2556081050373,622.6352106619822,140.66898495118642,520.7961753690436,too_inconsistent,,,,,,,-0.752983412910548,0.415839746475329,-0.7529834129105479,363,1,real,200,640,360,,34.905433654785156,,45.914411544799805,real,left,33,106,2114,2108,2108,2114,2108,2108,74463,0,26,142,179,55,55,centerline_fallback,0.0,0.0,-390.0963817617211,43,10,32,20,64,0,0,left,1,13,42,right,0.746125,0.5074166666666666,6,60,20,6,7,1,1,0,13.41551279196934,1,0,1,277.43344371676136,0,,right_only_from_pair_reject,125,,0.746125,0.5074166666666666,17,58,too_inconsistent,left,0,right,38
1774306418.4927394,pure_pursuit,HOLD_AND_STOP,hold_and_stop,1,234,0.2812719103601164,0.30628223453383085,242,1.0,0.0,0.0,0.0,0.0,0.0,,,1000,1500,0.5892591,1,116,0,fallback_hold_and_stop,right_only_from_pair_reject,1,1,20,43,0,-1059.1022431923982,624.0442669333075,139.1903296501094,523.0239219999656,too_inconsistent,,,,,,,-0.752983412910548,0.415839746475329,-0.7529834129105479,364,1,real,200,640,360,,32.53507614135742,,39.543867111206055,real,left,39,59,2127,2121,2121,2127,2121,2121,74463,0,26,142,179,55,55,centerline_fallback,0.0,0.0,-390.0070876441034,45,12,8,24,16,0,0,left,1,15,43,right,0.670125,0.4730416666666667,5,60,20,5,7,1,1,0,9.606172082226923,1,0,1,294.86819262693444,0,,right_only_from_pair_reject,126,,0.670125,0.4730416666666667,17,48,too_inconsistent,left,0,right,39
1774306418.5832722,pure_pursuit,HOLD_AND_STOP,hold_and_stop,1,234,0.2812719103601164,0.30628223453383085,242,1.0,0.0,0.0,0.0,0.0,0.0,,,1000,1500,0.598044,1,117,0,fallback_hold_and_stop,right_only_from_pair_reject,1,1,40,43,0,-1077.663640076458,624.893054939386,134.0935477619519,529.1489445209211,too_inconsistent,,,,,,,-0.752983412910548,0.415839746475329,-0.7529834129105479,365,1,real,200,640,360,,35.52126884460449,,44.141292572021484,real,left,36,100,2072,2074,2074,2072,2074,2074,74463,0,26,142,179,55,55,centerline_fallback,0.0,0.0,-389.91835956791454,40,11,29,22,58,0,0,left,1,14,42,right,0.756125,0.5005416666666667,5,60,20,5,6,1,1,0,19.931909267365555,1,0,1,278.12253268543265,0,,right_only_from_pair_reject,127,,0.756125,0.5005416666666667,19,61,too_inconsistent,left,0,right,40
1774306418.6784933,pure_pursuit,HOLD_AND_STOP,hold_and_stop,1,234,0.2812719103601164,0.30628223453383085,242,1.0,0.0,0.0,0.0,0.0,0.0,,,1000,1500,0.596092875,1,118,0,fallback_hold_and_stop,right_only_from_pair_reject,1,1,24,43,0,-1093.216451454285,626.4029505253939,129.63370555384296,534.7317887351628,too_inconsistent,,,,,,,-0.752983412910548,0.415839746475329,-0.7529834129105479,366,1,real,200,640,360,,35.51316261291504,,42.540550231933594,real,left,42,65,2058,2054,2054,2058,2054,2054,74463,0,26,142,179,55,55,centerline_fallback,0.0,0.0,-389.83170804173415,38,13,11,26,22,0,0,left,1,16,43,right,0.7584166666666666,0.4730416666666667,5,60,20,5,6,1,1,0,20.104342333348054,1,0,1,317.2832454972473,0,,right_only_from_pair_reject,128,,0.7584166666666666,0.4730416666666667,20,46,too_inconsistent,left,0,right,41
1774306418.772042,pure_pursuit,HOLD_AND_STOP,hold_and_stop,1,234,0.2812719103601164,0.30628223453383085,242,1.0,0.0,0.0,0.0,0.0,0.0,,,1000,1500,0.5950286250000001,1,119,0,fallback_hold_and_stop,right_only_from_pair_reject,1,1,22,43,0,-1103.7439701591647,627.7029432236207,126.45791923743172,538.695288823603,too_inconsistent,,,,,,,-0.752983412910548,0.415839746475329,-0.7529834129105479,367,1,real,200,640,360,,36.87715530395508,,43.38335990905762,real,left,43,54,2036,1905,1905,2036,1905,1905,74463,0,26,142,179,55,55,centerline_fallback,0.0,0.0,-389.74555729223374,39,14,8,28,16,0,0,left,1,15,38,right,0.7584166666666666,0.45929166666666665,5,60,20,5,6,1,1,0,15.24729201470323,1,0,1,253.4365645094825,0,,right_only_from_pair_reject,129,,0.7584166666666666,0.45929166666666665,19,46,too_inconsistent,left,0,right,42
1774306418.8669336,pure_pursuit,HOLD_AND_STOP,hold_and_stop,1,234,0.2812719103601164,0.30628223453383085,242,1.0,0.0,0.0,0.0,0.0,0.0,,,1000,1500,0.5983987500000001,1,120,0,fallback_hold_and_stop,right_only_from_pair_reject,1,1,19,43,0,-1080.0037010312967,631.4179165285759,132.20621292130087,533.2676125195628,too_inconsistent,,,,,,,-0.752983412910548,0.415839746475329,-0.7529834129105479,368,1,real,200,640,360,,36.50617599487305,,46.51784896850586,real,left,31,66,2027,2022,2022,2027,2022,2022,74463,0,26,142,179,55,55,centerline_fallback,0.0,0.0,-389.65850852967674,34,8,11,16,22,0,0,left,1,15,44,right,0.756125,0.505125,5,60,20,5,7,1,1,0,22.992252510500215,1,0,1,293.16783677813123,0,,right_only_from_pair_reject,130,,0.756125,0.505125,18,52,too_inconsistent,left,0,right,43
1774306418.9639795,pure_pursuit,HOLD_AND_STOP,hold_and_stop,1,234,0.2812719103601164,0.30628223453383085,242,1.0,0.0,0.0,0.0,0.0,0.0,,,1000,1500,0.591274725,1,121,0,fallback_hold_and_stop,right_only_from_pair_reject,1,1,25,43,0,-1075.3424570272052,633.368693853725,132.92190649306968,532.8135710918713,too_inconsistent,,,,,,,-0.752983412910548,0.415839746475329,-0.7529834129105479,369,1,real,200,640,360,,20.013093948364258,,25.0089168548584,real,left,40,64,1979,1884,1884,1979,1884,1884,74463,0,26,142,179,55,55,centerline_fallback,0.0,0.0,-389.5696885118554,36,12,13,24,26,0,0,left,1,16,38,right,0.6824166666666668,0.4867916666666667,5,60,20,5,7,1,1,0,7.256449230659773,1,0,1,261.66131460666503,0,,right_only_from_pair_reject,131,,0.6824166666666668,0.4867916666666667,19,54,too_inconsistent,left,0,right,44
1774306419.0403652,pure_pursuit,HOLD_AND_STOP,hold_and_stop,1,234,0.2812719103601164,0.30628223453383085,242,1.0,0.0,0.0,0.0,0.0,0.0,,,1000,1500,0.596802375,1,122,0,fallback_hold_and_stop,right_only_from_pair_reject,1,1,20,43,0,-1089.3277305186325,634.1876672544969,128.66030660192544,537.5760145182437,too_inconsistent,,,,,,,-0.752983412910548,0.415839746475329,-0.7529834129105479,370,1,real,200,640,360,,37.108659744262695,,43.51019859313965,real,left,35,59,1989,1887,1887,1989,1887,1887,74463,0,26,142,179,55,55,centerline_fallback,0.0,0.0,-389.4796618805542,37,10,10,20,20,0,0,left,1,15,39,right,0.756125,0.48450000000000004,5,60,20,5,7,1,1,0,17.26783771845468,1,0,1,261.6719089056227,0,,right_only_from_pair_reject,132,,0.756125,0.48450000000000004,19,44,too_inconsistent,left,0,right,45
1774306419.1349156,pure_pursuit,HOLD_AND_STOP,hold_and_stop,1,234,0.2812719103601164,0.30628223453383085,242,1.0,0.0,0.0,0.0,0.0,0.0,,,1000,1500,0.5865146250000001,1,123,0,fallback_hold_and_stop,right_only_from_pair_reject,1,1,17,43,0,-1079.5241443641312,636.2687593862915,130.595036321335,535.6500844939785,too_inconsistent,,,,,,,-0.752983412910548,0.415839746475329,-0.7529834129105479,371,1,real,200,640,360,,34.99794006347656,,45.029640197753906,real,left,35,53,1977,1890,1890,1977,1890,1890,74463,0,26,142,179,55,55,centerline_fallback,0.0,0.0,-389.3882846893466,31,10,7,20,14,0,0,left,1,15,39,right,0.746125,0.46158333333333335,5,60,20,5,7,1,1,0,10.545067122708629,1,0,1,255.92779290521952,0,,right_only_from_pair_reject,133,,0.746125,0.46158333333333335,17,42,too_inconsistent,left,0,right,46
1774306419.230545,pure_pursuit,HOLD_AND_STOP,hold_and_stop,1,234,0.2812719103601164,0.30628223453383085,242,1.0,0.0,0.0,0.0,0.0,0.0,,,1000,1500,0.589146225,1,124,0,fallback_hold_and_stop,right_only_from_pair_reject,1,1,18,43,0,-1148.97497294098,635.0624515142893,111.48127777763314,556.512898108329,too_inconsistent,,,,,,,-0.752983412910548,0.415839746475329,-0.7529834129105479,372,1,real,200,640,360,,31.913280487060547,,39.00742530822754,real,left,36,55,1961,1877,1877,1961,1877,1877,74463,0,26,142,179,55,55,centerline_fallback,0.0,0.0,-389.2946373032944,32,10,8,20,16,0,0,left,1,16,39,right,0.680125,0.46158333333333335,5,60,21,5,7,1,1,0,68.11720514011952,1,0,1,256.40576511297627,0,,right_only_from_pair_reject,134,,0.680125,0.46158333333333335,19,45,too_inconsistent,left,0,right,47
1774306419.3203418,pure_pursuit,HOLD_AND_STOP,hold_and_stop,1,234,0.2812719103601164,0.30628223453383085,242,1.0,0.0,0.0,0.0,0.0,0.0,,,1000,1500,0.5955607500000001,1,125,0,fallback_hold_and_stop,right_only_from_pair_reject,1,1,19,43,0,-1109.50967153206,638.1056204236672,121.0558027180581,545.8600770398299,too_inconsistent,,,,,,,-0.752983412910548,0.415839746475329,-0.7529834129105479,373,1,real,200,640,360,,35.96019744873047,,41.285037994384766,real,left,36,56,1950,1881,1881,1950,1881,1881,74463,0,26,142,179,55,55,centerline_fallback,0.0,0.0,-389.19894111594226,33,10,9,20,18,0,0,left,1,16,38,right,0.756125,0.4684583333333333,6,60,21,6,7,1,1,0,35.909965916632565,1,0,1,258.1679732757819,0,,right_only_from_pair_reject,135,,0.756125,0.4684583333333333,19,42,too_inconsistent,left,0,right,48
1774306419.4131455,pure_pursuit,HOLD_AND_STOP,hold_and_stop,1,234,0.2812719103601164,0.30628223453383085,242,1.0,0.0,0.0,0.0,0.0,0.0,,,1000,1500,0.590919975,1,126,0,fallback_hold_and_stop,right_only_from_pair_reject,1,1,22,43,0,-1120.9815220816158,637.7170743737503,117.0442605967443,549.3671586417728,too_inconsistent,,,,,,,-0.752983412910548,0.415839746475329,-0.7529834129105479,374,1,real,200,640,360,,36.99851036071777,,45.511722564697266,real,left,35,62,1941,1871,1871,1941,1871,1871,74463,0,26,142,179,55,55,centerline_fallback,0.0,0.0,-389.10561672959136,33,10,12,20,24,0,0,left,1,15,38,right,0.6778333333333334,0.4867916666666667,5,60,21,5,7,1,1,0,14.313396886652697,1,0,1,262.9371279392239,0,,right_only_from_pair_reject,136,,0.6778333333333334,0.4867916666666667,18,46,too_inconsistent,left,0,right,49
1774306419.5101695,pure_pursuit,HOLD_AND_STOP,hold_and_stop,1,234,0.2812719103601164,0.30628223453383085,242,1.0,0.0,0.0,0.0,0.0,0.0,,,1000,1500,0.5787101250000001,1,127,0,fallback_hold_and_stop,right_only_from_pair_reject,1,1,16,43,0,-1085.3865565194892,640.6762394212162,125.25701380060039,539.7730155087676,too_inconsistent,,,,,,,-0.752983412910548,0.415839746475329,-0.7529834129105479,375,1,real,200,640,360,,34.00111198425293,,41.51129722595215,real,left,16,70,1921,1852,1852,1921,1852,1852,74463,0,26,142,179,55,55,centerline_fallback,0.0,0.0,-389.01275042831935,32,0,16,0,32,0,0,left,1,16,38,right,0.7338333333333333,0.4730416666666667,6,60,21,6,7,1,1,0,32.05011582812513,1,0,1,253.20503284409733,0,,right_only_from_pair_reject,137,,0.7338333333333333,0.4730416666666667,16,46,too_inconsistent,left,0,right,50
1774306419.6031973,pure_pursuit,HOLD_AND_STOP,hold_and_stop,1,234,0.2812719103601164,0.30628223453383085,242,1.0,0.0,0.0,0.0,0.0,0.0,,,1000,1500,0.5497206000000001,1,128,0,fallback_hold_and_stop,right_only_from_pair_reject,1,1,13,43,0,-1062.8338908849862,642.9735915500634,130.1602581905604,533.8352017511588,too_inconsistent,,,,,,,-0.752983412910548,0.415839746475329,-0.7529834129105479,376,1,real,200,640,360,,32.52005577087402,,38.43498229980469,real,left,15,64,1881,1833,1833,1881,1833,1833,74463,0,26,142,179,55,55,centerline_fallback,0.0,0.0,-388.92189855662537,28,0,13,0,26,0,0,left,1,15,38,right,0.6455416666666667,0.4867916666666667,6,60,21,6,7,1,1,0,20.341837271154077,1,0,1,263.68113394816476,0,,right_only_from_pair_reject,138,,0.6455416666666667,0.4867916666666667,15,47,too_inconsistent,left,0,right,51
1774306419.6926382,pure_pursuit,HOLD_AND_STOP,hold_and_stop,1,234,0.2812719103601164,0.30628223453383085,242,1.0,0.0,0.0,0.0,0.0,0.0,,,1000,1500,0.580341975,1,129,0,fallback_hold_and_stop,right_only_from_pair_reject,1,1,17,43,0,-993.4271821749996,649.9935511543054,147.3472570981568,514.9821353982068,too_inconsistent,,,,,,,-0.752983412910548,0.415839746475329,-0.7529834129105479,377,1,real,200,640,360,,34.512996673583984,,44.0220832824707,real,left,32,54,1845,1802,1802,1845,1802,1802,74463,0,26,142,179,55,55,centerline_fallback,0.0,0.0,-388.8309557004512,30,9,8,18,16,0,0,left,1,14,38,right,0.67325,0.4547083333333334,6,60,20,6,7,1,1,0,63.388869028462864,1,0,1,256.30319040342084,0,,right_only_from_pair_reject,139,,0.67325,0.4547083333333334,16,40,too_inconsistent,left,0,right,52
1774306419.787666,pure_pursuit,HOLD_AND_STOP,hold_and_stop,1,234,0.2812719103601164,0.30628223453383085,242,1.0,0.0,0.0,0.0,0.0,0.0,,,1000,1500,0.5111238000000001,1,130,0,fallback_hold_and_stop,right_only_from_pair_reject,1,1,8,43,0,-937.421939648528,654.3470434981731,161.10644479416004,499.0859043197071,too_inconsistent,,,,,,,-0.752983412910548,0.415839746475329,-0.7529834129105479,378,1,real,200,640,360,,33.31184387207031,,38.82455825805664,real,left,14,54,1820,1778,1778,1820,1778,1778,74463,0,26,142,179,55,55,centerline_fallback,0.0,0.0,-388.7403724233982,29,0,8,0,16,0,0,left,1,14,38,right,0.6789583333333333,0.4547083333333334,5,60,20,5,7,1,1,0,50.83083049179228,1,0,1,255.64684125013727,0,,right_only_from_pair_reject,140,,0.6789583333333333,0.4547083333333334,14,40,too_inconsistent,left,0,right,53
1774306419.877999,pure_pursuit,HOLD_AND_STOP,hold_and_stop,1,234,0.2812719103601164,0.30628223453383085,242,1.0,0.0,0.0,0.0,0.0,0.0,,,1000,1500,0.52637805,1,131,0,fallback_hold_and_stop,left_only_from_pair_reject,1,1,10,43,0,-937.421939648528,654.3470434981731,161.10644479416004,499.0859043197071,too_inconsistent,,,,,,,-0.752983412910548,0.415839746475329,-0.7529834129105479,379,1,real,200,640,360,,36.52334213256836,,44.526100158691406,real,right,34,32,1789,1760,1760,1789,1760,1760,74463,0,26,142,179,55,55,left_outside_lane,99.2348013374507,0.0,0.0,29,10,0,20,0,0,0,right,1,14,32,left,0.7012499999999999,0.4295,5,60,20,5,7,1,0,1,144.3244773513704,1,0,1,253.15065503069144,0,,left_only_from_pair_reject,141,,0.7012499999999999,0.4295,16,32,too_inconsistent,left,1,right,54
1774306419.9736493,pure_pursuit,HOLD_AND_STOP,hold_and_stop,1,234,0.2812719103601164,0.30628223453383085,242,1.0,0.0,0.0,0.0,0.0,0.0,,,1000,1500,0.5188476750000001,1,132,0,fallback_hold_and_stop,left_only_from_pair_reject,1,1,10,43,0,-937.421939648528,654.3470434981731,161.10644479416004,499.0859043197071,too_inconsistent,,,,,,,-0.752983412910548,0.415839746475329,-0.7529834129105479,380,1,real,200,640,360,,30.551433563232422,,41.5654182434082,real,right,33,32,1780,1748,1748,1780,1748,1748,74463,0,26,142,179,55,55,left_outside_lane,99.2348013374507,0.0,0.0,29,10,0,20,0,0,0,right,1,13,32,left,0.6039583333333334,0.4295,5,60,20,5,7,1,0,1,116.78975428938487,1,0,1,254.68432674273134,0,,left_only_from_pair_reject,142,,0.6039583333333334,0.4295,16,32,too_inconsistent,left,0,left,1
1774306420.066227,pure_pursuit,HOLD_AND_STOP,hold_and_stop,1,234,0.2812719103601164,0.30628223453383085,242,1.0,0.0,0.0,0.0,0.0,0.0,,,1000,1500,0.5149551000000001,1,133,0,fallback_hold_and_stop,left_only_from_pair_reject,1,1,10,43,0,-984.1516025749719,652.0376062154481,146.9316670800935,512.9217834356676,too_inconsistent,,,,,,,-0.752983412910548,0.415839746475329,-0.7529834129105479,381,1,real,200,640,360,,34.00468826293945,,42.97065734863281,real,right,32,32,1755,1733,1733,1755,1733,1733,74463,0,26,142,179,55,55,left_outside_lane,99.2348013374507,0.0,0.0,28,10,0,20,0,0,0,right,1,12,32,left,0.5536666666666668,0.4295,6,60,20,6,7,1,1,0,50.537478475898844,1,0,1,255.378811105153,0,,left_only_from_pair_reject,143,,0.5536666666666668,0.4295,14,32,too_inconsistent,left,0,left,2
1774306420.1596758,pure_pursuit,HOLD_AND_STOP,hold_and_stop,1,234,0.2812719103601164,0.30628223453383085,242,1.0,0.0,0.0,0.0,0.0,0.0,,,1000,1500,0.5416581000000001,1,134,0,fallback_hold_and_stop,left_only_from_pair_reject,1,1,13,43,0,-984.1516025749719,652.0376062154481,146.9316670800935,512.9217834356676,too_inconsistent,,,,,,,-0.752983412910548,0.415839746475329,-0.7529834129105479,382,1,real,200,640,360,,34.98697280883789,,46.4625358581543,real,left,16,61,1739,1725,1725,1739,1725,1725,74463,0,26,142,179,55,55,centerline_fallback,0.0,0.0,-381.3225144680504,26,2,11,4,22,0,0,left,1,12,39,left,0.541375,0.4867916666666667,6,60,20,6,7,1,0,1,91.76226879231298,1,0,1,270.8058189637006,0,,left_only_from_pair_reject,144,,0.541375,0.4867916666666667,13,48,too_inconsistent,left,0,left,3
1774306420.2573664,pure_pursuit,HOLD_AND_STOP,hold_and_stop,1,234,0.2812719103601164,0.30628223453383085,242,1.0,0.0,0.0,0.0,0.0,0.0,,,1000,1500,0.5553321000000001,1,135,0,fallback_hold_and_stop,left_only_from_pair_reject,1,1,14,43,0,-994.9246259562277,649.9758422634563,142.50685174607105,515.6373550752568,too_inconsistent,,,,,,,-0.752983412910548,0.415839746475329,-0.7529834129105479,383,1,real,200,640,360,,37.00876235961914,,51.944732666015625,real,left,24,55,1716,1709,1709,1716,1709,1709,74463,0,26,142,179,55,55,centerline_fallback,0.0,0.0,-378.8114738529278,29,6,8,12,16,0,0,left,1,12,39,left,0.6363750000000001,0.4684583333333333,6,60,20,6,7,1,1,0,15.786311970187606,1,0,1,258.8948891797477,0,,left_only_from_pair_reject,145,,0.6363750000000001,0.4684583333333333,13,46,too_inconsistent,left,0,left,4
1774306420.3598316,pure_pursuit,HOLD_AND_STOP,hold_and_stop,1,234,0.2812719103601164,0.30628223453383085,242,1.0,0.0,0.0,0.0,0.0,0.0,,,1000,1500,0.5082696750000001,1,136,0,fallback_hold_and_stop,left_only_from_pair_reject,1,1,8,43,0,-950.3993925673012,650.7254560069772,153.10602983432753,502.03140587438656,too_inconsistent,,,,,,,-0.752983412910548,0.415839746475329,-0.7529834129105479,384,1,real,200,640,360,,35.00652313232422,,45.012712478637695,real,left,11,55,1679,1676,1676,1679,1676,1676,74463,0,26,142,179,55,55,centerline_fallback,0.0,0.0,-376.26939898402986,25,0,8,0,16,0,0,left,1,11,39,left,0.6397916666666668,0.4570000000000001,6,60,20,6,7,1,1,0,40.47259933383769,1,0,1,260.3753683580037,0,,left_only_from_pair_reject,146,,0.6397916666666668,0.4570000000000001,11,41,too_inconsistent,left,0,left,5
1774306420.4553683,pure_pursuit,HOLD_AND_STOP,hold_and_stop,1,234,0.2812719103601164,0.30628223453383085,242,1.0,0.0,0.0,0.0,0.0,0.0,,,1000,1500,0.524136675,1,137,0,fallback_hold_and_stop,left_only_from_pair_reject,1,1,11,43,0,-950.3993925673012,650.7254560069772,153.10602983432753,502.03140587438656,too_inconsistent,,,,,,,-0.752983412910548,0.415839746475329,-0.7529834129105479,385,1,real,200,640,360,,38.065433502197266,,48.57826232910156,real,left,12,59,1671,1664,1664,1671,1664,1664,74463,0,26,142,179,55,55,centerline_fallback,0.0,0.0,-373.8426910778485,26,1,10,2,20,0,0,left,1,10,39,left,0.5447916666666667,0.4570000000000001,6,60,20,6,7,1,0,1,166.84505272179197,1,0,1,263.5878716477454,0,,left_only_from_pair_reject,147,,0.5447916666666667,0.4570000000000001,11,42,too_inconsistent,left,0,left,6
1774306420.5553045,pure_pursuit,HOLD_AND_STOP,hold_and_stop,1,234,0.2812719103601164,0.30628223453383085,242,1.0,0.0,0.0,0.0,0.0,0.0,,,1000,1500,0.4603461750000001,1,138,0,fallback_hold_and_stop,right_only_from_pair_reject,1,1,8,43,0,-904.3657671216976,651.3244209943769,163.94369503274942,487.8083951468494,too_inconsistent,,,,,,,-0.752983412910548,0.415839746475329,-0.7529834129105479,386,1,real,200,640,360,,33.00070762634277,,43.52259635925293,real,left,9,55,1645,1639,1639,1645,1639,1639,74463,0,26,142,179,55,55,centerline_fallback,0.0,0.0,-371.4272834413873,23,0,8,0,16,0,0,left,1,9,39,right_continuation,0.0,0.477625,6,60,20,6,8,1,1,0,41.930703809876384,1,0,1,266.10605837004846,0,,right_only_from_pair_reject,148,right,0.5179166666666667,0.477625,9,47,,,,,
1774306420.650349,pure_pursuit,HOLD_AND_STOP,hold_and_stop,1,234,0.2812719103601164,0.30628223453383085,242,1.0,0.0,0.0,0.0,0.0,0.0,,,1000,1500,0.485520525,1,139,0,fallback_hold_and_stop,left_only_from_pair_reject,1,1,6,43,0,-932.1636129104243,652.1596602654837,154.35419792777367,496.79962397727445,too_inconsistent,,,,,,,-0.752983412910548,0.415839746475329,-0.7529834129105479,387,1,real,200,640,360,,29.00099754333496,,41.020870208740234,real,right,21,35,1611,1605,1605,1611,1605,1605,74463,0,26,142,179,55,55,left_outside_lane,73.68955466088754,0.0,0.0,26,6,0,12,0,0,0,right,1,9,35,left,0.5642083333333333,0.4386666666666667,6,60,20,6,7,1,1,0,35.53072805552407,1,0,1,268.2191638311008,0,,left_only_from_pair_reject,149,,0.5642083333333333,0.4386666666666667,11,35,too_inconsistent,left,0,left,7
1774306420.742896,pure_pursuit,HOLD_AND_STOP,hold_and_stop,1,234,0.2812719103601164,0.30628223453383085,242,1.0,0.0,0.0,0.0,0.0,0.0,,,1000,1500,0.49736272500000006,1,140,0,fallback_hold_and_stop,left_only_from_pair_reject,1,1,7,43,0,-847.9602748289327,657.7108900374657,175.715302782358,471.9602832986497,too_inconsistent,,,,,,,-0.752983412910548,0.415839746475329,-0.7529834129105479,388,1,real,200,640,360,,43.00189018249512,,54.018259048461914,real,right,23,35,1597,1588,1588,1597,1588,1588,74463,0,26,142,179,55,55,left_outside_lane,92.24005965394711,0.0,0.0,25,7,0,14,0,0,0,right,1,9,35,left,0.6172083333333334,0.4386666666666667,6,60,19,6,8,1,1,0,77.8636791199851,1,0,1,267.7419235231722,0,,left_only_from_pair_reject,150,,0.6172083333333334,0.4386666666666667,12,35,too_inconsistent,left,0,left,8
1774306420.8489544,pure_pursuit,HOLD_AND_STOP,hold_and_stop,1,234,0.2812719103601164,0.30628223453383085,242,1.0,0.0,0.0,0.0,0.0,0.0,,,1000,1500,0.46702192500000006,1,141,0,fallback_hold_and_stop,right_only_from_pair_reject,1,1,9,43,0,-847.9602748289327,657.7108900374657,175.715302782358,471.9602832986497,too_inconsistent,,,,,,,-0.752983412910548,0.415839746475329,-0.7529834129105479,389,1,real,200,640,360,,49.52383041381836,,71.87557220458984,real,left,8,57,1578,1571,1571,1578,1571,1571,74463,0,26,142,179,55,55,centerline_fallback,0.0,0.0,-366.92158849002067,24,0,9,0,18,0,0,left,1,8,39,right_continuation,0.0,0.46387500000000004,6,60,19,6,8,1,0,1,397.38390504871,1,0,1,264.4336862935871,0,,right_only_from_pair_reject,151,right,0.4776250000000001,0.46387500000000004,8,44,,,,,
1774306420.9723372,pure_pursuit,HOLD_AND_STOP,hold_and_stop,1,234,0.2812719103601164,0.30628223453383085,242,1.0,0.0,0.0,0.0,0.0,0.0,,,1000,1500,0.46666717500000005,1,142,0,fallback_hold_and_stop,right_only_from_pair_reject,1,1,9,43,0,-847.9602748289327,657.7108900374657,175.715302782358,471.9602832986497,too_inconsistent,,,,,,,-0.752983412910548,0.415839746475329,-0.7529834129105479,390,1,real,200,640,360,,30.314922332763672,,40.83251953125,real,left,8,57,1555,1547,1547,1555,1547,1547,74463,0,26,142,179,55,55,centerline_fallback,0.0,0.0,-367.10564931679266,22,0,9,0,18,0,0,left,1,8,39,right_continuation,0.0,0.45929166666666665,6,60,19,6,8,1,0,1,318.351604482927,1,0,1,268.58336014171,0,,right_only_from_pair_reject,152,right,0.382625,0.45929166666666665,8,46,,,,,
1774306421.0636764,pure_pursuit,HOLD_AND_STOP,hold_and_stop,1,234,0.2812719103601164,0.30628223453383085,242,1.0,0.0,0.0,0.0,0.0,0.0,,,1000,1500,0.474407175,1,143,0,fallback_hold_and_stop,right_only_from_pair_reject,1,1,10,43,0,-847.9602748289327,657.7108900374657,175.715302782358,471.9602832986497,too_inconsistent,,,,,,,-0.752983412910548,0.415839746475329,-0.7529834129105479,391,1,real,200,640,360,,46.53167724609375,,56.533098220825195,real,left,9,59,1537,1529,1529,1537,1529,1529,74463,0,26,142,179,55,55,centerline_fallback,0.0,0.0,-367.2836736361109,23,0,10,0,20,0,0,left,1,9,39,right_continuation,0.0,0.45929166666666665,6,60,19,6,8,1,0,1,99.94935700616828,1,0,1,268.95727998784145,0,,right_only_from_pair_reject,153,right,0.3949166666666667,0.45929166666666665,9,45,,,,,
1774306421.1718795,pure_pursuit,HOLD_AND_STOP,hold_and_stop,1,234,0.2812719103601164,0.30628223453383085,242,1.0,0.0,0.0,0.0,0.0,0.0,,,1000,1500,0.44433405000000004,1,144,0,fallback_hold_and_stop,right_only_from_pair_reject,1,1,6,43,0,-847.9602748289327,657.7108900374657,175.715302782358,471.9602832986497,too_inconsistent,,,,,,,-0.752983412910548,0.415839746475329,-0.7529834129105479,392,1,real,200,640,360,,48.30360412597656,,57.82294273376465,real,left,8,51,1523,1516,1516,1523,1516,1516,74463,0,26,142,179,55,55,centerline_fallback,0.0,0.0,-367.456198015222,20,0,6,0,12,0,0,left,1,8,39,right_continuation,0.0,0.47075,6,60,19,6,8,1,0,1,124.0452210166483,1,0,1,268.12348110619456,0,,right_only_from_pair_reject,154,right,0.382625,0.47075,8,45,,,,,
1774306421.2814693,pure_pursuit,HOLD_AND_STOP,hold_and_stop,1,234,0.2812719103601164,0.30628223453383085,242,1.0,0.0,0.0,0.0,0.0,0.0,,,1000,1500,0.459991425,1,145,0,fallback_hold_and_stop,right_only_from_pair_reject,1,1,8,43,0,-794.5309958752684,649.4653774731311,189.74178947653257,452.6892836381969,too_inconsistent,,,,,,,-0.752983412910548,0.415839746475329,-0.7529834129105479,393,1,real,200,640,360,,29.546737670898438,,40.05837440490723,real,left,8,54,1511,1501,1501,1511,1501,1501,74463,0,26,142,179,55,55,centerline_fallback,0.0,0.0,-367.6236824608475,17,0,8,0,16,0,0,left,1,8,38,right_continuation,0.0,0.4730416666666667,6,60,19,6,8,1,1,0,64.11939819598112,1,0,1,269.5328848193924,0,,right_only_from_pair_reject,155,right,0.362625,0.4730416666666667,8,44,,,,,
1774306421.3730373,pure_pursuit,HOLD_AND_STOP,hold_and_stop,1,234,0.2812719103601164,0.30628223453383085,242,1.0,0.0,0.0,0.0,0.0,0.0,,,1000,1500,0.4752940500000001,1,146,0,fallback_hold_and_stop,right_only_from_pair_reject,1,1,10,43,0,-794.5309958752684,649.4653774731311,189.74178947653257,452.6892836381969,too_inconsistent,,,,,,,-0.752983412910548,0.415839746475329,-0.7529834129105479,394,1,real,200,640,360,,46.83566093444824,,61.842918395996094,real,left,8,58,1486,1479,1479,1486,1479,1479,74463,0,26,142,179,55,55,centerline_fallback,0.0,0.0,-367.7865220136749,20,0,10,0,20,0,0,left,1,8,38,right_continuation,0.0,0.47075,6,60,19,6,8,1,0,1,104.86784821375454,1,0,1,270.6582989276306,0,,right_only_from_pair_reject,156,right,0.362625,0.47075,8,44,,,,,
1774306421.4858937,pure_pursuit,HOLD_AND_STOP,hold_and_stop,1,234,0.2812719103601164,0.30628223453383085,242,1.0,0.0,0.0,0.0,0.0,0.0,,,1000,1500,0.5220887999999999,1,147,0,fallback_hold_and_stop,right_only_from_pair_reject,1,1,16,43,0,-852.1620089294266,636.4749891017359,173.98197372741242,466.76032422562014,too_inconsistent,,,,,,,-0.752983412910548,0.415839746475329,-0.7529834129105479,395,1,real,200,640,360,,36.518096923828125,,48.04420471191406,real,left,8,70,1466,1459,1459,1466,1459,1459,74463,0,26,142,179,55,55,centerline_fallback,0.0,0.0,-367.9495340852684,23,0,16,0,32,0,0,left,1,8,38,right_continuation,0.0,0.4753333333333334,6,60,19,6,8,1,1,0,56.147874054396965,1,0,1,279.7804775945489,0,,right_only_from_pair_reject,157,right,0.505625,0.4753333333333334,8,50,,,,,
1774306421.5850582,pure_pursuit,HOLD_AND_STOP,hold_and_stop,1,234,0.2812719103601164,0.30628223453383085,242,1.0,0.0,0.0,0.0,0.0,0.0,,,1000,1500,0.46719930000000004,1,148,0,fallback_hold_and_stop,right_only_from_pair_reject,1,1,9,43,0,-876.322278211696,630.1013407618843,166.55136405416877,472.1732970200251,too_inconsistent,,,,,,,-0.752983412910548,0.415839746475329,-0.7529834129105479,396,1,real,200,640,360,,37.51993179321289,,49.03459548950195,real,left,8,56,1443,1436,1436,1443,1436,1436,74463,0,26,142,179,55,55,centerline_fallback,0.0,0.0,-368.1122564190441,19,0,9,0,18,0,0,left,1,8,38,right_continuation,0.0,0.46616666666666673,6,60,19,6,8,1,1,0,26.46234540713452,1,0,1,272.7643896830995,0,,right_only_from_pair_reject,158,right,0.5273333333333333,0.46616666666666673,8,44,,,,,
1774306421.686103,pure_pursuit,HOLD_AND_STOP,hold_and_stop,1,234,0.2812719103601164,0.30628223453383085,242,1.0,0.0,0.0,0.0,0.0,0.0,,,1000,1500,0.44503065000000014,1,149,0,fallback_hold_and_stop,left_only_from_pair_reject,1,1,1,43,0,-876.322278211696,630.1013407618843,166.55136405416877,472.1732970200251,too_inconsistent,,,,,,,-0.752983412910548,0.415839746475329,-0.7529834129105479,397,1,real,200,640,360,,34.53564643859863,,50.443172454833984,real,right,10,38,1434,1421,1421,1434,1421,1421,74463,0,26,142,179,55,55,left_outside_lane,43.30513925150724,0.0,0.0,21,1,0,2,0,0,0,right,1,8,38,left,0.5273333333333333,0.4524166666666667,6,60,19,6,8,1,0,1,157.8873000191246,1,0,1,277.9149952499447,0,,left_only_from_pair_reject,159,,0.5273333333333333,0.4524166666666667,8,38,too_inconsistent,left,0,left,9
1774306421.7879174,pure_pursuit,HOLD_AND_STOP,hold_and_stop,1,234,0.2812719103601164,0.30628223453383085,242,1.0,0.0,0.0,0.0,0.0,0.0,,,1000,1500,0.39682980000000007,1,150,0,fallback_hold_and_stop,right_only_from_pair_reject,1,1,0,43,0,-876.322278211696,630.1013407618843,166.55136405416877,472.1732970200251,too_inconsistent,,,,,,,-0.752983412910548,0.415839746475329,-0.7529834129105479,398,1,real,200,640,360,,37.53256797790527,,49.54648017883301,real,right,7,39,1423,1413,1413,1423,1413,1413,74463,0,26,142,179,55,55,left_outside_lane,43.30513925150724,0.0,0.0,18,0,0,0,0,0,0,right,1,7,39,right_continuation,0.0,0.4570000000000001,6,60,19,6,8,1,0,1,241.689802733526,1,0,1,275.3363705670469,0,,right_only_from_pair_reject,160,right,0.4200416666666667,0.4570000000000001,7,39,,,,,
1774306421.8888252,pure_pursuit,HOLD_AND_STOP,hold_and_stop,1,234,0.2812719103601164,0.30628223453383085,242,1.0,0.0,0.0,0.0,0.0,0.0,,,1000,1500,0.40456980000000003,1,151,0,fallback_hold_and_stop,right_only_from_pair_reject,1,1,1,43,0,-876.322278211696,630.1013407618843,166.55136405416877,472.1732970200251,too_inconsistent,,,,,,,-0.752983412910548,0.415839746475329,-0.7529834129105479,399,1,real,200,640,360,,35.52889823913574,,51.056861877441406,real,right,0,41,1396,1307,1307,1396,1307,1307,74463,0,26,142,179,55,55,left_outside_lane,43.30513925150724,0.0,0.0,17,0,1,0,2,0,0,right,1,0,39,right_continuation,0.0,0.4570000000000001,6,60,19,6,8,0,0,1,0.0,1,0,1,279.2912261819662,0,,right_only_from_pair_reject,161,right,0.0,0.4570000000000001,0,40,,,,,
1774306421.990415,pure_pursuit,HOLD_AND_STOP,hold_and_stop,1,234,0.2812719103601164,0.30628223453383085,242,1.0,0.0,0.0,0.0,0.0,0.0,,,1000,1500,0.39682980000000007,1,152,0,fallback_hold_and_stop,right_only_from_pair_reject,1,1,0,43,0,-876.322278211696,630.1013407618843,166.55136405416877,472.1732970200251,too_inconsistent,,,,,,,-0.752983412910548,0.415839746475329,-0.7529834129105479,400,1,real,200,640,360,,38.59400749206543,,48.609256744384766,real,right,0,39,1395,1298,1298,1395,1298,1298,74463,0,26,142,179,55,55,left_outside_lane,43.30513925150724,0.0,0.0,16,0,0,0,0,0,0,right,1,0,39,right_continuation,0.0,0.4570000000000001,6,60,19,6,8,0,0,1,0.0,1,0,1,279.621845809228,0,,right_only_from_pair_reject,162,right,0.0,0.4570000000000001,0,39,,,,,
1774306422.0900326,pure_pursuit,HOLD_AND_STOP,hold_and_stop,1,234,0.2812719103601164,0.30628223453383085,242,1.0,0.0,0.0,0.0,0.0,0.0,,,1000,1500,0.39682980000000007,1,153,0,fallback_hold_and_stop,right_only_from_pair_reject,1,1,0,43,0,-876.322278211696,630.1013407618843,166.55136405416877,472.1732970200251,too_inconsistent,,,,,,,-0.752983412910548,0.415839746475329,-0.7529834129105479,401,1,real,200,640,360,,29.835224151611328,,41.478633880615234,real,right,0,39,1388,1299,1299,1388,1299,1299,74463,0,26,142,179,55,55,left_outside_lane,43.30513925150724,0.0,0.0,15,0,0,0,0,0,0,right,1,0,39,right_continuation,0.0,0.4570000000000001,6,60,19,6,8,0,0,1,0.0,1,0,1,280.5529453079725,0,,right_only_from_pair_reject,163,right,0.0,0.4570000000000001,0,39,,,,,
1774306422.1825323,pure_pursuit,HOLD_AND_STOP,hold_and_stop,1,234,0.2812719103601164,0.30628223453383085,242,1.0,0.0,0.0,0.0,0.0,0.0,,,1000,1500,0.39682980000000007,1,154,0,fallback_hold_and_stop,right_only_from_pair_reject,1,1,0,43,0,-876.322278211696,630.1013407618843,166.55136405416877,472.1732970200251,too_inconsistent,,,,,,,-0.752983412910548,0.415839746475329,-0.7529834129105479,402,1,real,200,640,360,,32.518625259399414,,44.07334327697754,real,right,0,39,1365,1284,1284,1365,1284,1284,74463,0,26,142,179,55,55,left_outside_lane,43.30513925150724,0.0,0.0,13,0,0,0,0,0,0,right,1,0,39,right_continuation,0.0,0.4570000000000001,6,60,19,6,8,0,0,1,0.0,1,0,1,280.0651284521065,0,,right_only_from_pair_reject,164,right,0.0,0.4570000000000001,0,39,,,,,
1774306422.2776046,pure_pursuit,HOLD_AND_STOP,hold_and_stop,1,234,0.2812719103601164,0.30628223453383085,242,1.0,0.0,0.0,0.0,0.0,0.0,,,1000,1500,0.39682980000000007,1,155,0,fallback_hold_and_stop,right_only_from_pair_reject,1,1,0,43,0,-876.322278211696,630.1013407618843,166.55136405416877,472.1732970200251,too_inconsistent,,,,,,,-0.752983412910548,0.415839746475329,-0.7529834129105479,403,1,real,200,640,360,,27.011871337890625,,37.56403923034668,real,right,0,39,1357,1288,1288,1357,1288,1288,74463,0,26,142,179,55,55,left_outside_lane,43.30513925150724,0.0,0.0,13,0,0,0,0,0,0,right,1,0,39,right_continuation,0.0,0.4570000000000001,6,60,19,6,8,0,0,1,0.0,1,0,1,279.51384415658265,0,,right_only_from_pair_reject,165,right,0.0,0.4570000000000001,0,39,,,,,
1774306422.366178,pure_pursuit,HOLD_AND_STOP,hold_and_stop,1,234,0.2812719103601164,0.30628223453383085,242,1.0,0.0,0.0,0.0,0.0,0.0,,,1000,1500,0.39682980000000007,1,156,0,fallback_hold_and_stop,right_only_from_pair_reject,1,1,0,43,0,-876.322278211696,630.1013407618843,166.55136405416877,472.1732970200251,too_inconsistent,,,,,,,-0.752983412910548,0.415839746475329,-0.7529834129105479,404,1,real,200,640,360,,23.997068405151367,,36.53383255004883,real,right,0,39,1340,1280,1280,1340,1280,1280,74463,0,26,142,179,55,55,left_outside_lane,43.30513925150724,0.0,0.0,11,0,0,0,0,0,0,right,1,0,39,right_continuation,0.0,0.4570000000000001,6,60,19,6,8,0,0,1,0.0,1,0,1,277.82343081663544,0,,right_only_from_pair_reject,166,right,0.0,0.4570000000000001,0,39,,,,,
1774306422.4533174,pure_pursuit,HOLD_AND_STOP,hold_and_stop,1,234,0.2812719103601164,0.30628223453383085,242,1.0,0.0,0.0,0.0,0.0,0.0,,,1000,1500,0.39647505,1,157,0,fallback_hold_and_stop,right_only_from_pair_reject,1,1,0,43,0,-876.322278211696,630.1013407618843,166.55136405416877,472.1732970200251,too_inconsistent,,,,,,,-0.752983412910548,0.415839746475329,-0.7529834129105479,405,1,real,200,640,360,,31.99934959411621,,42.525529861450195,real,right,0,38,1300,1257,1257,1300,1257,1257,74463,0,26,142,179,55,55,left_outside_lane,43.30513925150724,0.0,0.0,14,0,0,0,0,0,0,right,1,0,38,right_continuation,0.0,0.4524166666666667,6,60,19,6,8,0,0,1,0.0,1,0,1,277.5409205630505,0,,right_only_from_pair_reject,167,right,0.0,0.4524166666666667,0,38,,,,,
1774306422.546305,pure_pursuit,HOLD_AND_STOP,hold_and_stop,1,234,0.2812719103601164,0.30628223453383085,242,1.0,0.0,0.0,0.0,0.0,0.0,,,1000,1500,0.39647505,1,158,0,fallback_hold_and_stop,right_only_from_pair_reject,1,1,0,43,0,-876.322278211696,630.1013407618843,166.55136405416877,472.1732970200251,too_inconsistent,,,,,,,-0.752983412910548,0.415839746475329,-0.7529834129105479,406,1,real,200,640,360,,44.00300979614258,,55.52196502685547,real,right,0,38,1281,1248,1248,1281,1248,1248,74463,0,26,142,179,55,55,left_outside_lane,43.30513925150724,0.0,0.0,12,0,0,0,0,0,0,right,1,0,38,right_continuation,0.0,0.4524166666666667,6,60,19,6,8,0,0,1,0.0,1,0,1,275.7038063952307,0,,right_only_from_pair_reject,168,right,0.0,0.4524166666666667,0,38,,,,,
1774306422.6528075,pure_pursuit,HOLD_AND_STOP,hold_and_stop,1,234,0.2812719103601164,0.30628223453383085,242,1.0,0.0,0.0,0.0,0.0,0.0,,,1000,1500,0.39647505,1,159,0,fallback_hold_and_stop,right_only_from_pair_reject,1,1,0,43,0,-876.322278211696,630.1013407618843,166.55136405416877,472.1732970200251,too_inconsistent,,,,,,,-0.752983412910548,0.415839746475329,-0.7529834129105479,407,1,real,200,640,360,,33.08916091918945,,46.30327224731445,real,right,0,38,1248,1225,1225,1248,1225,1225,74463,0,26,142,179,55,55,left_outside_lane,43.30513925150724,0.0,0.0,12,0,0,0,0,0,0,right,1,0,38,right_continuation,0.0,0.4524166666666667,6,60,19,6,8,0,0,1,0.0,1,0,1,274.33151303363525,0,,right_only_from_pair_reject,169,right,0.0,0.4524166666666667,0,38,,,,,
1774306422.750638,pure_pursuit,HOLD_AND_STOP,hold_and_stop,1,234,0.2812719103601164,0.30628223453383085,242,1.0,0.0,0.0,0.0,0.0,0.0,,,1000,1500,0.39612030000000015,1,160,0,fallback_hold_and_stop,right_only_from_pair_reject,1,1,0,43,0,-876.322278211696,630.1013407618843,166.55136405416877,472.1732970200251,too_inconsistent,,,,,,,-0.752983412910548,0.415839746475329,-0.7529834129105479,408,1,real,200,640,360,,37.998199462890625,,50.77981948852539,real,right,0,37,1236,1208,1208,1236,1208,1208,74463,0,26,142,179,55,55,left_outside_lane,43.30513925150724,0.0,0.0,14,0,0,0,0,0,0,right,1,0,37,right,0.0,0.44783333333333336,6,60,19,6,8,0,0,1,0.0,1,0,1,279.5124781126482,0,,right_only_from_pair_reject,170,,0.0,0.44783333333333336,0,37,too_inconsistent,right,1,left,10
1774306422.8530698,pure_pursuit,HOLD_AND_STOP,hold_and_stop,1,234,0.2812719103601164,0.30628223453383085,242,1.0,0.0,0.0,0.0,0.0,0.0,,,1000,1500,0.39612030000000015,1,161,0,fallback_hold_and_stop,right_only_from_pair_reject,1,1,0,43,0,-876.322278211696,630.1013407618843,166.55136405416877,472.1732970200251,too_inconsistent,,,,,,,-0.752983412910548,0.415839746475329,-0.7529834129105479,409,1,real,200,640,360,,45.013427734375,,59.042930603027344,real,right,0,37,1218,1206,1206,1218,1206,1206,74463,0,26,142,179,55,55,left_outside_lane,43.30513925150724,0.0,0.0,14,0,0,0,0,0,0,right,1,0,37,right,0.0,0.44783333333333336,6,60,19,6,8,0,0,1,0.0,1,0,1,278.644166309275,0,,right_only_from_pair_reject,171,,0.0,0.44783333333333336,0,37,too_inconsistent,right,0,right,1
1774306422.9880333,pure_pursuit,HOLD_AND_STOP,hold_and_stop,1,234,0.2812719103601164,0.30628223453383085,242,1.0,0.0,0.0,0.0,0.0,0.0,,,1000,1500,0.39612030000000015,1,162,0,fallback_hold_and_stop,right_only_from_pair_reject,1,1,0,43,0,-876.322278211696,630.1013407618843,166.55136405416877,472.1732970200251,too_inconsistent,,,,,,,-0.752983412910548,0.415839746475329,-0.7529834129105479,410,1,real,200,640,360,,70.65248489379883,,97.66554832458496,real,right,0,37,1204,1201,1201,1204,1201,1201,74463,0,26,142,179,55,55,left_outside_lane,43.30513925150724,0.0,0.0,13,0,0,0,0,0,0,right,1,0,37,right,0.0,0.44783333333333336,6,60,19,6,8,0,0,1,0.0,1,0,1,277.53479616696217,0,,right_only_from_pair_reject,172,,0.0,0.44783333333333336,0,37,too_inconsistent,right,0,right,2
1774306423.1447592,pure_pursuit,HOLD_AND_STOP,hold_and_stop,1,234,0.2812719103601164,0.30628223453383085,242,1.0,0.0,0.0,0.0,0.0,0.0,,,1000,1500,0.39612030000000015,1,163,0,fallback_hold_and_stop,right_only_from_pair_reject,1,1,0,43,0,-876.322278211696,630.1013407618843,166.55136405416877,472.1732970200251,too_inconsistent,,,,,,,-0.752983412910548,0.415839746475329,-0.7529834129105479,411,1,real,200,640,360,,100.52657127380371,,114.52627182006836,real,right,0,37,1194,1190,1190,1194,1190,1190,74463,0,26,142,179,55,55,left_outside_lane,43.30513925150724,0.0,0.0,11,0,0,0,0,0,0,right,1,0,37,right,0.0,0.44783333333333336,6,60,19,6,8,0,0,1,0.0,1,0,1,277.31497190645916,0,,right_only_from_pair_reject,173,,0.0,0.44783333333333336,0,37,too_inconsistent,right,0,right,3
1774306423.3770337,pure_pursuit,HOLD_AND_STOP,hold_and_stop,1,234,0.2812719103601164,0.30628223453383085,242,1.0,0.0,0.0,0.0,0.0,0.0,,,1000,1500,0.39612030000000015,1,164,0,fallback_hold_and_stop,right_only_from_pair_reject,1,1,0,43,0,-876.322278211696,630.1013407618843,166.55136405416877,472.1732970200251,too_inconsistent,,,,,,,-0.752983412910548,0.415839746475329,-0.7529834129105479,412,1,real,200,640,360,,65.37246704101562,,79.8947811126709,real,right,0,37,1201,1187,1187,1201,1187,1187,74463,0,26,142,179,55,55,left_outside_lane,43.30513925150724,0.0,0.0,12,0,0,0,0,0,0,right,1,0,37,right,0.0,0.44783333333333336,6,60,19,6,8,0,0,1,0.0,1,0,1,279.41007827785234,0,,right_only_from_pair_reject,174,,0.0,0.44783333333333336,0,37,too_inconsistent,right,0,right,4
1774306423.51738,pure_pursuit,HOLD_AND_STOP,hold_and_stop,1,234,0.2812719103601164,0.30628223453383085,242,1.0,0.0,0.0,0.0,0.0,0.0,,,1000,1500,0.39612030000000015,1,165,0,fallback_hold_and_stop,right_only_from_pair_reject,1,1,0,43,0,-876.322278211696,630.1013407618843,166.55136405416877,472.1732970200251,too_inconsistent,,,,,,,-0.752983412910548,0.415839746475329,-0.7529834129105479,413,1,real,200,640,360,,34.42883491516113,,48.44379425048828,real,right,0,37,1207,1194,1194,1207,1194,1194,74463,0,26,142,179,55,55,left_outside_lane,43.30513925150724,0.0,0.0,11,0,0,0,0,0,0,right,1,0,37,right,0.0,0.44783333333333336,6,60,19,6,8,0,0,1,0.0,1,0,1,278.4710182162461,0,,right_only_from_pair_reject,175,,0.0,0.44783333333333336,0,37,too_inconsistent,right,0,right,5
1774306423.6168818,pure_pursuit,HOLD_AND_STOP,hold_and_stop,1,234,0.2812719103601164,0.30628223453383085,242,1.0,0.0,0.0,0.0,0.0,0.0,,,1000,1500,0.39576555,1,166,0,fallback_hold_and_stop,right_only_from_pair_reject,1,1,0,43,0,-876.322278211696,630.1013407618843,166.55136405416877,472.1732970200251,too_inconsistent,,,,,,,-0.752983412910548,0.415839746475329,-0.7529834129105479,414,1,real,200,640,360,,48.34294319152832,,58.82120132446289,real,right,0,36,1185,1175,1175,1185,1175,1175,74463,0,26,142,179,55,55,left_outside_lane,43.30513925150724,0.0,0.0,13,0,0,0,0,0,0,right,1,0,36,right,0.0,0.44325000000000003,6,60,19,6,8,0,0,1,0.0,1,0,1,274.4718960945513,0,,right_only_from_pair_reject,176,,0.0,0.44325000000000003,0,36,too_inconsistent,right,0,right,6
1774306423.727258,pure_pursuit,HOLD_AND_STOP,hold_and_stop,1,234,0.2812719103601164,0.30628223453383085,242,1.0,0.0,0.0,0.0,0.0,0.0,,,1000,1500,0.39576555,1,167,0,fallback_hold_and_stop,right_only_from_pair_reject,1,1,0,43,0,-876.322278211696,630.1013407618843,166.55136405416877,472.1732970200251,too_inconsistent,,,,,,,-0.752983412910548,0.415839746475329,-0.7529834129105479,415,1,real,200,640,360,,24.998903274536133,,39.51597213745117,real,right,0,36,1173,1158,1158,1173,1158,1158,74463,0,26,142,179,55,55,left_outside_lane,43.30513925150724,0.0,0.0,12,0,0,0,0,0,0,right,1,0,36,right,0.0,0.44325000000000003,6,60,19,6,8,0,0,1,0.0,1,0,1,275.49084917843015,0,,right_only_from_pair_reject,177,,0.0,0.44325000000000003,0,36,too_inconsistent,right,0,right,7
1774306423.8199856,pure_pursuit,HOLD_AND_STOP,hold_and_stop,1,234,0.2812719103601164,0.30628223453383085,242,1.0,0.0,0.0,0.0,0.0,0.0,,,1000,1500,0.39576555,1,168,0,fallback_hold_and_stop,right_only_from_pair_reject,1,1,0,43,0,-876.322278211696,630.1013407618843,166.55136405416877,472.1732970200251,too_inconsistent,,,,,,,-0.752983412910548,0.415839746475329,-0.7529834129105479,416,1,real,200,640,360,,43.52569580078125,,60.20998954772949,real,right,0,36,1188,1182,1182,1188,1182,1182,74463,0,26,142,179,55,55,left_outside_lane,43.30513925150724,0.0,0.0,16,0,0,0,0,0,0,right,1,0,36,right,0.0,0.44325000000000003,6,60,19,6,8,0,0,1,0.0,1,0,1,277.67319373170454,0,,right_only_from_pair_reject,178,,0.0,0.44325000000000003,0,36,too_inconsistent,right,0,right,8
1774306423.9313493,pure_pursuit,HOLD_AND_STOP,hold_and_stop,1,234,0.2812719103601164,0.30628223453383085,242,1.0,0.0,0.0,0.0,0.0,0.0,,,1000,1500,0.4036829250000001,1,169,0,fallback_hold_and_stop,right_only_from_pair_reject,1,1,1,43,0,-876.322278211696,630.1013407618843,166.55136405416877,472.1732970200251,too_inconsistent,,,,,,,-0.752983412910548,0.415839746475329,-0.7529834129105479,417,1,real,200,640,360,,37.0023250579834,,49.524545669555664,real,right,0,38,1184,1172,1172,1184,1172,1172,74463,0,26,142,179,55,55,left_outside_lane,43.30513925150724,0.0,0.0,17,0,1,0,2,0,0,right,1,0,36,right,0.0,0.4455416666666667,6,60,19,6,8,0,0,1,0.0,1,0,1,273.59546441846936,0,,right_only_from_pair_reject,179,,0.0,0.4455416666666667,0,37,too_inconsistent,right,0,right,9
1774306424.0324132,pure_pursuit,HOLD_AND_STOP,hold_and_stop,1,234,0.2812719103601164,0.30628223453383085,242,1.0,0.0,0.0,0.0,0.0,0.0,,,1000,1500,0.39576555,1,170,0,fallback_hold_and_stop,right_only_from_pair_reject,1,1,0,43,0,-876.322278211696,630.1013407618843,166.55136405416877,472.1732970200251,too_inconsistent,,,,,,,-0.752983412910548,0.415839746475329,-0.7529834129105479,418,1,real,200,640,360,,34.000396728515625,,46.518564224243164,real,right,0,36,1178,1172,1172,1178,1172,1172,74463,0,26,142,179,55,55,left_outside_lane,43.30513925150724,0.0,0.0,18,0,0,0,0,0,0,right,1,0,36,right,0.0,0.44325000000000003,6,60,19,6,8,0,0,1,0.0,1,0,1,281.42838614336534,0,,right_only_from_pair_reject,180,,0.0,0.44325000000000003,0,36,too_inconsistent,right,0,right,10
1774306424.1294625,pure_pursuit,HOLD_AND_STOP,hold_and_stop,1,234,0.2812719103601164,0.30628223453383085,242,1.0,0.0,0.0,0.0,0.0,0.0,,,1000,1500,0.39576555,1,171,0,fallback_hold_and_stop,right_only_from_pair_reject,1,1,0,43,0,-876.322278211696,630.1013407618843,166.55136405416877,472.1732970200251,too_inconsistent,,,,,,,-0.752983412910548,0.415839746475329,-0.7529834129105479,419,1,real,200,640,360,,35.997629165649414,,48.97665977478027,real,right,0,36,1160,1151,1151,1160,1151,1151,74463,0,26,142,179,55,55,left_outside_lane,43.30513925150724,0.0,0.0,12,0,0,0,0,0,0,right,1,0,36,right,0.0,0.44325000000000003,6,60,19,6,8,0,0,1,0.0,1,0,1,276.1286649814785,0,,right_only_from_pair_reject,181,,0.0,0.44325000000000003,0,36,too_inconsistent,right,0,right,11
1774306424.229484,pure_pursuit,HOLD_AND_STOP,hold_and_stop,1,234,0.2812719103601164,0.30628223453383085,242,1.0,0.0,0.0,0.0,0.0,0.0,,,1000,1500,0.39576555,1,172,0,fallback_hold_and_stop,right_only_from_pair_reject,1,1,0,43,0,-876.322278211696,630.1013407618843,166.55136405416877,472.1732970200251,too_inconsistent,,,,,,,-0.752983412910548,0.415839746475329,-0.7529834129105479,420,1,real,200,640,360,,31.920671463012695,,43.43700408935547,real,right,0,36,1163,1148,1148,1163,1148,1148,74463,0,26,142,179,55,55,left_outside_lane,43.30513925150724,0.0,0.0,14,0,0,0,0,0,0,right,1,0,36,right,0.0,0.44325000000000003,6,60,19,6,8,0,0,1,0.0,1,0,1,277.2491281202948,0,,right_only_from_pair_reject,182,,0.0,0.44325000000000003,0,36,too_inconsistent,right,0,right,12
1774306424.3244627,pure_pursuit,HOLD_AND_STOP,hold_and_stop,1,234,0.2812719103601164,0.30628223453383085,242,1.0,0.0,0.0,0.0,0.0,0.0,,,1000,1500,0.3955881750000001,1,173,0,fallback_hold_and_stop,right_only_from_pair_reject,1,1,0,43,0,-876.322278211696,630.1013407618843,166.55136405416877,472.1732970200251,too_inconsistent,,,,,,,-0.752983412910548,0.415839746475329,-0.7529834129105479,421,1,real,200,640,360,,40.998220443725586,,54.227590560913086,real,right,0,35,1156,1142,1142,1156,1142,1142,74463,0,26,142,179,55,55,left_outside_lane,43.30513925150724,0.0,0.0,9,0,0,0,0,0,0,right,1,0,35,right,0.0,0.44095833333333334,6,60,19,6,8,0,0,1,0.0,1,0,1,282.49420323149076,0,,right_only_from_pair_reject,183,,0.0,0.44095833333333334,0,35,too_inconsistent,right,0,right,13
1774306424.429731,pure_pursuit,HOLD_AND_STOP,hold_and_stop,1,234,0.2812719103601164,0.30628223453383085,242,1.0,0.0,0.0,0.0,0.0,0.0,,,1000,1500,0.3955881750000001,1,174,0,fallback_hold_and_stop,right_only_from_pair_reject,1,1,0,43,0,-876.322278211696,630.1013407618843,166.55136405416877,472.1732970200251,too_inconsistent,,,,,,,-0.752983412910548,0.415839746475329,-0.7529834129105479,422,1,real,200,640,360,,29.004335403442383,,42.00911521911621,real,right,0,35,1156,1131,1131,1156,1131,1131,74463,0,26,142,179,55,55,left_outside_lane,43.30513925150724,0.0,0.0,12,0,0,0,0,0,0,right,1,0,35,right,0.0,0.44095833333333334,6,60,19,6,8,0,0,1,0.0,1,0,1,279.29219989548926,0,,right_only_from_pair_reject,184,,0.0,0.44095833333333334,0,35,too_inconsistent,right,0,right,14
1774306424.523066,pure_pursuit,HOLD_AND_STOP,hold_and_stop,1,234,0.2812719103601164,0.30628223453383085,242,1.0,0.0,0.0,0.0,0.0,0.0,,,1000,1500,0.3955881750000001,1,175,0,fallback_hold_and_stop,right_only_from_pair_reject,1,1,0,43,0,-876.322278211696,630.1013407618843,166.55136405416877,472.1732970200251,too_inconsistent,,,,,,,-0.752983412910548,0.415839746475329,-0.7529834129105479,423,1,real,200,640,360,,29.005050659179688,,42.009592056274414,real,right,0,35,1167,1147,1147,1167,1147,1147,74463,0,26,142,179,55,55,left_outside_lane,43.30513925150724,0.0,0.0,16,0,0,0,0,0,0,right,1,0,35,right,0.0,0.44095833333333334,6,60,19,6,8,0,0,1,0.0,1,0,1,282.8775744039734,0,,right_only_from_pair_reject,185,,0.0,0.44095833333333334,0,35,too_inconsistent,right,0,right,15
1774306424.6166096,pure_pursuit,HOLD_AND_STOP,hold_and_stop,1,234,0.2812719103601164,0.30628223453383085,242,1.0,0.0,0.0,0.0,0.0,0.0,,,1000,1500,0.39576555,1,176,0,fallback_hold_and_stop,right_only_from_pair_reject,1,1,0,43,0,-876.322278211696,630.1013407618843,166.55136405416877,472.1732970200251,too_inconsistent,,,,,,,-0.752983412910548,0.415839746475329,-0.7529834129105479,424,1,real,200,640,360,,34.99960899353027,,47.17087745666504,real,right,0,36,1175,1151,1151,1175,1151,1151,74463,0,26,142,179,55,55,left_outside_lane,43.30513925150724,0.0,0.0,14,0,0,0,0,0,0,right,1,0,36,right,0.0,0.44325000000000003,6,60,19,6,8,0,0,1,0.0,1,0,1,282.0471222289563,0,,right_only_from_pair_reject,186,,0.0,0.44325000000000003,0,36,too_inconsistent,right,0,right,16
1774306424.7148776,pure_pursuit,HOLD_AND_STOP,hold_and_stop,1,234,0.2812719103601164,0.30628223453383085,242,1.0,0.0,0.0,0.0,0.0,0.0,,,1000,1500,0.3955881750000001,1,177,0,fallback_hold_and_stop,right_only_from_pair_reject,1,1,0,43,0,-876.322278211696,630.1013407618843,166.55136405416877,472.1732970200251,too_inconsistent,,,,,,,-0.752983412910548,0.415839746475329,-0.7529834129105479,425,1,real,200,640,360,,34.98125076293945,,47.18184471130371,real,right,0,35,1148,1126,1126,1148,1126,1126,74463,0,26,142,179,55,55,left_outside_lane,43.30513925150724,0.0,0.0,12,0,0,0,0,0,0,right,1,0,35,right,0.0,0.44095833333333334,6,60,19,6,8,0,0,1,0.0,1,0,1,279.2118104569735,0,,right_only_from_pair_reject,187,,0.0,0.44095833333333334,0,35,too_inconsistent,right,0,right,17
1774306424.8128939,pure_pursuit,HOLD_AND_STOP,hold_and_stop,1,234,0.2812719103601164,0.30628223453383085,242,1.0,0.0,0.0,0.0,0.0,0.0,,,1000,1500,0.3955881750000001,1,178,0,fallback_hold_and_stop,right_only_from_pair_reject,1,1,0,43,0,-876.322278211696,630.1013407618843,166.55136405416877,472.1732970200251,too_inconsistent,,,,,,,-0.752983412910548,0.415839746475329,-0.7529834129105479,426,1,real,200,640,360,,29.9990177154541,,43.007612228393555,real,right,0,35,1134,1127,1127,1134,1127,1127,74463,0,26,142,179,55,55,left_outside_lane,43.30513925150724,0.0,0.0,12,0,0,0,0,0,0,right,1,0,35,right,0.0,0.44095833333333334,6,60,19,6,8,0,0,1,0.0,1,0,1,281.23161162723824,0,,right_only_from_pair_reject,188,,0.0,0.44095833333333334,0,35,too_inconsistent,right,0,right,18
1774306424.9076896,pure_pursuit,HOLD_AND_STOP,hold_and_stop,1,234,0.2812719103601164,0.30628223453383085,242,1.0,0.0,0.0,0.0,0.0,0.0,,,1000,1500,0.39576555,1,179,0,fallback_hold_and_stop,right_only_from_pair_reject,1,1,0,43,0,-876.322278211696,630.1013407618843,166.55136405416877,472.1732970200251,too_inconsistent,,,,,,,-0.752983412910548,0.415839746475329,-0.7529834129105479,427,1,real,200,640,360,,50.52042007446289,,62.62612342834473,real,right,0,36,1166,1158,1158,1166,1158,1158,74463,0,26,142,179,55,55,left_outside_lane,43.30513925150724,0.0,0.0,12,0,0,0,0,0,0,right,1,0,36,right,0.0,0.44325000000000003,6,60,19,6,8,0,0,1,0.0,1,0,1,289.15122062382767,0,,right_only_from_pair_reject,189,,0.0,0.44325000000000003,0,36,too_inconsistent,right,0,right,19
1774306425.0215209,pure_pursuit,HOLD_AND_STOP,hold_and_stop,1,234,0.2812719103601164,0.30628223453383085,242,1.0,0.0,0.0,0.0,0.0,0.0,,,1000,1500,0.39612030000000015,1,180,0,fallback_hold_and_stop,right_only_from_pair_reject,1,1,0,43,0,-876.322278211696,630.1013407618843,166.55136405416877,472.1732970200251,too_inconsistent,,,,,,,-0.752983412910548,0.415839746475329,-0.7529834129105479,428,1,real,200,640,360,,30.99846839904785,,42.0076847076416,real,right,0,37,1131,1127,1127,1131,1127,1127,74463,0,26,142,179,55,55,left_outside_lane,43.30513925150724,0.0,0.0,10,0,0,0,0,0,0,right,1,0,37,right,0.0,0.44783333333333336,6,60,19,6,8,0,0,1,0.0,1,0,1,282.5932030005883,0,,right_only_from_pair_reject,190,,0.0,0.44783333333333336,0,37,too_inconsistent,right,0,right,20
1774306425.114572,pure_pursuit,HOLD_AND_STOP,hold_and_stop,1,234,0.2812719103601164,0.30628223453383085,242,1.0,0.0,0.0,0.0,0.0,0.0,,,1000,1500,0.39576555,1,181,0,fallback_hold_and_stop,right_only_from_pair_reject,1,1,0,43,0,-876.322278211696,630.1013407618843,166.55136405416877,472.1732970200251,too_inconsistent,,,,,,,-0.752983412910548,0.415839746475329,-0.7529834129105479,429,1,real,200,640,360,,32.994985580444336,,46.013832092285156,real,right,0,36,1102,1100,1100,1102,1100,1100,74463,0,26,142,179,55,55,left_outside_lane,43.30513925150724,0.0,0.0,13,0,0,0,0,0,0,right,1,0,36,right,0.0,0.44325000000000003,6,60,19,6,8,0,0,1,0.0,1,0,1,279.09709837208874,0,,right_only_from_pair_reject,191,,0.0,0.44325000000000003,0,36,too_inconsistent,right,0,right,21
1774306425.2115958,pure_pursuit,HOLD_AND_STOP,hold_and_stop,1,234,0.2812719103601164,0.30628223453383085,242,1.0,0.0,0.0,0.0,0.0,0.0,,,1000,1500,0.39576555,1,182,0,fallback_hold_and_stop,right_only_from_pair_reject,1,1,0,43,0,-876.322278211696,630.1013407618843,166.55136405416877,472.1732970200251,too_inconsistent,,,,,,,-0.752983412910548,0.415839746475329,-0.7529834129105479,430,1,real,200,640,360,,41.0001277923584,,52.2158145904541,real,right,0,36,1096,1092,1092,1096,1092,1092,74463,0,26,142,179,55,55,left_outside_lane,43.30513925150724,0.0,0.0,10,0,0,0,0,0,0,right,1,0,36,right,0.0,0.44325000000000003,6,60,19,6,8,0,0,1,0.0,1,0,1,281.4393277821808,0,,right_only_from_pair_reject,192,,0.0,0.44325000000000003,0,36,too_inconsistent,right,0,right,22
1774306425.3153338,pure_pursuit,HOLD_AND_STOP,hold_and_stop,1,234,0.2812719103601164,0.30628223453383085,242,1.0,0.0,0.0,0.0,0.0,0.0,,,1000,1500,0.39576555,1,183,0,fallback_hold_and_stop,right_only_from_pair_reject,1,1,0,43,0,-876.322278211696,630.1013407618843,166.55136405416877,472.1732970200251,too_inconsistent,,,,,,,-0.752983412910548,0.415839746475329,-0.7529834129105479,431,1,real,200,640,360,,28.84674072265625,,38.36369514465332,real,right,0,36,1078,1075,1075,1078,1075,1075,74463,0,26,142,179,55,55,left_outside_lane,43.30513925150724,0.0,0.0,8,0,0,0,0,0,0,right,1,0,36,right,0.0,0.44325000000000003,6,60,19,6,8,0,0,1,0.0,1,0,1,280.6785654409301,0,,right_only_from_pair_reject,193,,0.0,0.44325000000000003,0,36,too_inconsistent,right,0,right,23
1774306425.4047086,pure_pursuit,HOLD_AND_STOP,hold_and_stop,1,234,0.2812719103601164,0.30628223453383085,242,1.0,0.0,0.0,0.0,0.0,0.0,,,1000,1500,0.3954108000000001,1,184,0,fallback_hold_and_stop,right_only_from_pair_reject,1,1,0,43,0,-876.322278211696,630.1013407618843,166.55136405416877,472.1732970200251,too_inconsistent,,,,,,,-0.752983412910548,0.415839746475329,-0.7529834129105479,432,1,real,200,640,360,,35.91108322143555,,45.424461364746094,real,right,0,35,1069,1065,1065,1069,1065,1065,74463,0,26,142,179,55,55,left_outside_lane,43.30513925150724,0.0,0.0,9,0,0,0,0,0,0,right,1,0,35,right,0.0,0.4386666666666667,6,60,19,6,8,0,0,1,0.0,1,0,1,275.37490698641693,0,,right_only_from_pair_reject,194,,0.0,0.4386666666666667,0,35,too_inconsistent,right,0,right,24
1774306425.5011396,pure_pursuit,HOLD_AND_STOP,hold_and_stop,1,234,0.2812719103601164,0.30628223453383085,242,1.0,0.0,0.0,0.0,0.0,0.0,,,1000,1500,0.395233425,1,185,0,fallback_hold_and_stop,right_only_from_pair_reject,1,1,0,43,0,-876.322278211696,630.1013407618843,166.55136405416877,472.1732970200251,too_inconsistent,,,,,,,-0.752983412910548,0.415839746475329,-0.7529834129105479,433,1,real,200,640,360,,33.70928764343262,,46.22340202331543,real,right,0,34,1073,1065,1065,1073,1065,1065,74463,0,26,142,179,55,55,left_outside_lane,43.30513925150724,0.0,0.0,12,0,0,0,0,0,0,right,1,0,34,right,0.0,0.436375,6,60,19,6,8,0,0,1,0.0,1,0,1,279.1323192899748,0,,right_only_from_pair_reject,195,,0.0,0.436375,0,34,too_inconsistent,right,0,right,25
1774306425.5983682,pure_pursuit,HOLD_AND_STOP,hold_and_stop,1,234,0.2812719103601164,0.30628223453383085,242,1.0,0.0,0.0,0.0,0.0,0.0,,,1000,1500,0.395233425,1,186,0,fallback_hold_and_stop,right_only_from_pair_reject,1,1,0,43,0,-876.322278211696,630.1013407618843,166.55136405416877,472.1732970200251,too_inconsistent,,,,,,,-0.752983412910548,0.415839746475329,-0.7529834129105479,434,1,real,200,640,360,,28.508424758911133,,37.65153884887695,real,right,0,34,1107,1070,1070,1107,1070,1070,74463,0,26,142,179,55,55,left_outside_lane,43.30513925150724,0.0,0.0,11,0,0,0,0,0,0,right,1,0,34,right,0.0,0.436375,6,60,19,6,8,0,0,1,0.0,1,0,1,277.07006612477954,0,,right_only_from_pair_reject,196,,0.0,0.436375,0,34,too_inconsistent,right,0,right,26
1774306425.6870387,pure_pursuit,HOLD_AND_STOP,hold_and_stop,1,234,0.2812719103601164,0.30628223453383085,242,1.0,0.0,0.0,0.0,0.0,0.0,,,1000,1500,0.395233425,1,187,0,fallback_hold_and_stop,right_only_from_pair_reject,1,1,0,43,0,-876.322278211696,630.1013407618843,166.55136405416877,472.1732970200251,too_inconsistent,,,,,,,-0.752983412910548,0.415839746475329,-0.7529834129105479,435,1,real,200,640,360,,33.516645431518555,,43.03884506225586,real,right,0,34,1075,1069,1069,1075,1069,1069,74463,0,26,142,179,55,55,left_outside_lane,43.30513925150724,0.0,0.0,10,0,0,0,0,0,0,right,1,0,34,right,0.0,0.436375,6,60,19,6,8,0,0,1,0.0,1,0,1,272.7121324527909,0,,right_only_from_pair_reject,197,,0.0,0.436375,0,34,too_inconsistent,right,0,right,27
1774306425.781598,pure_pursuit,HOLD_AND_STOP,hold_and_stop,1,234,0.2812719103601164,0.30628223453383085,242,1.0,0.0,0.0,0.0,0.0,0.0,,,1000,1500,0.395233425,1,188,0,fallback_hold_and_stop,right_only_from_pair_reject,1,1,0,43,0,-876.322278211696,630.1013407618843,166.55136405416877,472.1732970200251,too_inconsistent,,,,,,,-0.752983412910548,0.415839746475329,-0.7529834129105479,436,1,real,200,640,360,,28.009891510009766,,39.536237716674805,real,right,0,34,1080,1075,1075,1080,1075,1075,74463,0,26,142,179,55,55,left_outside_lane,43.30513925150724,0.0,0.0,12,0,0,0,0,0,0,right,1,0,34,right,0.0,0.436375,6,60,19,6,8,0,0,1,0.0,1,0,1,272.48388855953846,0,,right_only_from_pair_reject,198,,0.0,0.436375,0,34,too_inconsistent,right,0,right,28
1774306425.8726504,pure_pursuit,HOLD_AND_STOP,hold_and_stop,1,234,0.2812719103601164,0.30628223453383085,242,1.0,0.0,0.0,0.0,0.0,0.0,,,1000,1500,0.3950560500000001,1,189,0,fallback_hold_and_stop,right_only_from_pair_reject,1,1,0,43,0,-876.322278211696,630.1013407618843,166.55136405416877,472.1732970200251,too_inconsistent,,,,,,,-0.752983412910548,0.415839746475329,-0.7529834129105479,437,1,real,200,640,360,,36.306142807006836,,45.82476615905762,real,right,0,33,1071,1065,1065,1071,1065,1065,74463,0,26,142,179,55,55,left_outside_lane,43.30513925150724,0.0,0.0,14,0,0,0,0,0,0,right,1,0,33,right,0.0,0.4340833333333334,6,60,19,6,8,0,0,1,0.0,1,0,1,276.66092070806894,0,,right_only_from_pair_reject,199,,0.0,0.4340833333333334,0,33,too_inconsistent,right,0,right,29
1774306425.9695241,pure_pursuit,HOLD_AND_STOP,hold_and_stop,1,234,0.2812719103601164,0.30628223453383085,242,1.0,0.0,0.0,0.0,0.0,0.0,,,1000,1500,0.3950560500000001,1,190,0,fallback_hold_and_stop,right_only_from_pair_reject,1,1,0,43,0,-876.322278211696,630.1013407618843,166.55136405416877,472.1732970200251,too_inconsistent,,,,,,,-0.752983412910548,0.415839746475329,-0.7529834129105479,438,1,real,200,640,360,,29.042720794677734,,39.54005241394043,real,right,0,33,1084,1079,1079,1084,1079,1079,74463,0,26,142,179,55,55,left_outside_lane,43.30513925150724,0.0,0.0,12,0,0,0,0,0,0,right,1,0,33,right,0.0,0.4340833333333334,6,60,19,6,8,0,0,1,0.0,1,0,1,275.2018741617249,0,,right_only_from_pair_reject,200,,0.0,0.4340833333333334,0,33,too_inconsistent,right,0,right,30
1774306426.0601857,pure_pursuit,HOLD_AND_STOP,hold_and_stop,1,234,0.2812719103601164,0.30628223453383085,242,1.0,0.0,0.0,0.0,0.0,0.0,,,1000,1500,0.3950560500000001,1,191,0,fallback_hold_and_stop,right_only_from_pair_reject,1,1,0,43,0,-876.322278211696,630.1013407618843,166.55136405416877,472.1732970200251,too_inconsistent,,,,,,,-0.752983412910548,0.415839746475329,-0.7529834129105479,439,1,real,200,640,360,,32.08422660827637,,44.11792755126953,real,right,0,33,1074,1071,1071,1074,1071,1071,74463,0,26,142,179,55,55,left_outside_lane,43.30513925150724,0.0,0.0,13,0,0,0,0,0,0,right,1,0,33,right,0.0,0.4340833333333334,6,60,19,6,8,0,0,1,0.0,1,0,1,276.00403589970097,0,,right_only_from_pair_reject,201,,0.0,0.4340833333333334,0,33,too_inconsistent,right,0,right,31
1774306426.1557224,pure_pursuit,HOLD_AND_STOP,hold_and_stop,1,234,0.2812719103601164,0.30628223453383085,242,1.0,0.0,0.0,0.0,0.0,0.0,,,1000,1500,0.395233425,1,192,0,fallback_hold_and_stop,right_only_from_pair_reject,1,1,0,43,0,-876.322278211696,630.1013407618843,166.55136405416877,472.1732970200251,too_inconsistent,,,,,,,-0.752983412910548,0.415839746475329,-0.7529834129105479,440,1,real,200,640,360,,33.327579498291016,,43.44058036804199,real,right,0,34,1082,1077,1077,1082,1077,1077,74463,0,26,142,179,55,55,left_outside_lane,43.30513925150724,0.0,0.0,11,0,0,0,0,0,0,right,1,0,34,right,0.0,0.436375,6,60,19,6,8,0,0,1,0.0,1,0,1,274.701676977442,0,,right_only_from_pair_reject,202,,0.0,0.436375,0,34,too_inconsistent,right,0,right,32
1774306426.2499635,pure_pursuit,HOLD_AND_STOP,hold_and_stop,1,234,0.2812719103601164,0.30628223453383085,242,1.0,0.0,0.0,0.0,0.0,0.0,,,1000,1500,0.395233425,1,193,0,fallback_hold_and_stop,right_only_from_pair_reject,1,1,0,43,0,-876.322278211696,630.1013407618843,166.55136405416877,472.1732970200251,too_inconsistent,,,,,,,-0.752983412910548,0.415839746475329,-0.7529834129105479,441,1,real,200,640,360,,34.151554107666016,,41.5492057800293,real,right,0,34,1075,1058,1058,1075,1058,1058,74463,0,26,142,179,55,55,left_outside_lane,43.30513925150724,0.0,0.0,13,0,0,0,0,0,0,right,1,0,34,right,0.0,0.436375,6,60,19,6,8,0,0,1,0.0,1,0,1,273.69957482263584,0,,right_only_from_pair_reject,203,,0.0,0.436375,0,34,too_inconsistent,right,0,right,33
1774306426.3426414,pure_pursuit,HOLD_AND_STOP,hold_and_stop,1,234,0.2812719103601164,0.30628223453383085,242,1.0,0.0,0.0,0.0,0.0,0.0,,,1000,1500,0.395233425,1,194,0,fallback_hold_and_stop,right_only_from_pair_reject,1,1,0,43,0,-876.322278211696,630.1013407618843,166.55136405416877,472.1732970200251,too_inconsistent,,,,,,,-0.752983412910548,0.415839746475329,-0.7529834129105479,442,1,real,200,640,360,,34.00015830993652,,42.510032653808594,real,right,0,34,1063,1058,1058,1063,1058,1058,74463,0,26,142,179,55,55,left_outside_lane,43.30513925150724,0.0,0.0,11,0,0,0,0,0,0,right,1,0,34,right,0.0,0.436375,6,60,19,6,8,0,0,1,0.0,1,0,1,276.940355627742,0,,right_only_from_pair_reject,204,,0.0,0.436375,0,34,too_inconsistent,right,0,right,34
1774306426.4356787,pure_pursuit,HOLD_AND_STOP,hold_and_stop,1,234,0.2812719103601164,0.30628223453383085,242,1.0,0.0,0.0,0.0,0.0,0.0,,,1000,1500,0.395233425,1,195,0,fallback_hold_and_stop,right_only_from_pair_reject,1,1,0,43,0,-876.322278211696,630.1013407618843,166.55136405416877,472.1732970200251,too_inconsistent,,,,,,,-0.752983412910548,0.415839746475329,-0.7529834129105479,443,1,real,200,640,360,,33.00213813781738,,40.60101509094238,real,right,0,34,1090,1062,1062,1090,1062,1062,74463,0,26,142,179,55,55,left_outside_lane,43.30513925150724,0.0,0.0,11,0,0,0,0,0,0,right,1,0,34,right,0.0,0.436375,6,60,19,6,8,0,0,1,0.0,1,0,1,277.67060665157936,0,,right_only_from_pair_reject,205,,0.0,0.436375,0,34,too_inconsistent,right,0,right,35
1774306426.5273268,pure_pursuit,HOLD_AND_STOP,hold_and_stop,1,234,0.2812719103601164,0.30628223453383085,242,1.0,0.0,0.0,0.0,0.0,0.0,,,1000,1500,0.395233425,1,196,0,fallback_hold_and_stop,right_only_from_pair_reject,1,1,0,43,0,-876.322278211696,630.1013407618843,166.55136405416877,472.1732970200251,too_inconsistent,,,,,,,-0.752983412910548,0.415839746475329,-0.7529834129105479,444,1,real,200,640,360,,20.999431610107422,,30.518531799316406,real,right,0,34,1044,1037,1037,1044,1037,1037,74463,0,26,142,179,55,55,left_outside_lane,43.30513925150724,0.0,0.0,10,0,0,0,0,0,0,right,1,0,34,right,0.0,0.436375,6,60,19,6,8,0,0,1,0.0,1,0,1,276.01427756910016,0,,right_only_from_pair_reject,206,,0.0,0.436375,0,34,too_inconsistent,right,0,right,36
1774306426.60885,pure_pursuit,HOLD_AND_STOP,hold_and_stop,1,234,0.2812719103601164,0.30628223453383085,242,1.0,0.0,0.0,0.0,0.0,0.0,,,1000,1500,0.3954108000000001,1,197,0,fallback_hold_and_stop,right_only_from_pair_reject,1,1,0,43,0,-876.322278211696,630.1013407618843,166.55136405416877,472.1732970200251,too_inconsistent,,,,,,,-0.752983412910548,0.415839746475329,-0.7529834129105479,445,1,real,200,640,360,,34.5151424407959,,44.02494430541992,real,right,0,35,1032,1026,1026,1032,1026,1026,74463,0,26,142,179,55,55,left_outside_lane,43.30513925150724,0.0,0.0,10,0,0,0,0,0,0,right,1,0,35,right,0.0,0.4386666666666667,6,60,19,6,8,0,0,1,0.0,1,0,1,275.98091637630404,0,,right_only_from_pair_reject,207,,0.0,0.4386666666666667,0,35,too_inconsistent,right,0,right,37
1774306426.7037477,pure_pursuit,HOLD_AND_STOP,hold_and_stop,1,234,0.2812719103601164,0.30628223453383085,242,1.0,0.0,0.0,0.0,0.0,0.0,,,1000,1500,0.3954108000000001,1,198,0,fallback_hold_and_stop,right_only_from_pair_reject,1,1,0,43,0,-876.322278211696,630.1013407618843,166.55136405416877,472.1732970200251,too_inconsistent,,,,,,,-0.752983412910548,0.415839746475329,-0.7529834129105479,446,1,real,200,640,360,,30.72047233581543,,37.721872329711914,real,right,0,35,1026,1023,1023,1026,1023,1023,74463,0,26,142,179,55,55,left_outside_lane,43.30513925150724,0.0,0.0,9,0,0,0,0,0,0,right,1,0,35,right,0.0,0.4386666666666667,6,60,19,6,8,0,0,1,0.0,1,0,1,277.458233345874,0,,right_only_from_pair_reject,208,,0.0,0.4386666666666667,0,35,too_inconsistent,right,0,right,38
1774306426.792655,pure_pursuit,HOLD_AND_STOP,hold_and_stop,1,234,0.2812719103601164,0.30628223453383085,242,1.0,0.0,0.0,0.0,0.0,0.0,,,1000,1500,0.3954108000000001,1,199,0,fallback_hold_and_stop,right_only_from_pair_reject,1,1,0,43,0,-876.322278211696,630.1013407618843,166.55136405416877,472.1732970200251,too_inconsistent,,,,,,,-0.752983412910548,0.415839746475329,-0.7529834129105479,447,1,real,200,640,360,,33.02145004272461,,41.72015190124512,real,right,0,35,1013,1008,1008,1013,1008,1008,74463,0,26,142,179,55,55,left_outside_lane,43.30513925150724,0.0,0.0,10,0,0,0,0,0,0,right,1,0,35,right,0.0,0.4386666666666667,6,60,19,6,8,0,0,1,0.0,1,0,1,280.9783757891153,0,,right_only_from_pair_reject,209,,0.0,0.4386666666666667,0,35,too_inconsistent,right,0,right,39
1774306426.886081,pure_pursuit,HOLD_AND_STOP,hold_and_stop,1,234,0.2812719103601164,0.30628223453383085,242,1.0,0.0,0.0,0.0,0.0,0.0,,,1000,1500,0.3954108000000001,1,200,0,fallback_hold_and_stop,right_only_from_pair_reject,1,1,0,43,0,-876.322278211696,630.1013407618843,166.55136405416877,472.1732970200251,too_inconsistent,,,,,,,-0.752983412910548,0.415839746475329,-0.7529834129105479,448,1,real,200,640,360,,20.088911056518555,,28.18155288696289,real,right,0,35,999,994,994,999,994,994,74463,0,26,142,179,55,55,left_outside_lane,43.30513925150724,0.0,0.0,11,0,0,0,0,0,0,right,1,0,35,right,0.0,0.4386666666666667,6,60,19,6,8,0,0,1,0.0,1,0,1,283.2675973996487,0,,right_only_from_pair_reject,210,,0.0,0.4386666666666667,0,35,too_inconsistent,right,0,right,40
1774306426.9656842,pure_pursuit,HOLD_AND_STOP,hold_and_stop,1,234,0.2812719103601164,0.30628223453383085,242,1.0,0.0,0.0,0.0,0.0,0.0,,,1000,1500,0.3954108000000001,1,201,0,fallback_hold_and_stop,right_only_from_pair_reject,1,1,0,43,0,-876.322278211696,630.1013407618843,166.55136405416877,472.1732970200251,too_inconsistent,,,,,,,-0.752983412910548,0.415839746475329,-0.7529834129105479,449,1,real,200,640,360,,35.12716293334961,,42.21224784851074,real,right,0,35,995,991,991,995,991,991,74463,0,26,142,179,55,55,left_outside_lane,43.30513925150724,0.0,0.0,9,0,0,0,0,0,0,right,1,0,35,right,0.0,0.4386666666666667,6,60,19,6,8,0,0,1,0.0,1,0,1,278.9780870120902,0,,right_only_from_pair_reject,211,,0.0,0.4386666666666667,0,35,too_inconsistent,right,0,right,41
1774306427.0586827,pure_pursuit,HOLD_AND_STOP,hold_and_stop,1,234,0.2812719103601164,0.30628223453383085,242,1.0,0.0,0.0,0.0,0.0,0.0,,,1000,1500,0.3954108000000001,1,202,0,fallback_hold_and_stop,right_only_from_pair_reject,1,1,0,43,0,-876.322278211696,630.1013407618843,166.55136405416877,472.1732970200251,too_inconsistent,,,,,,,-0.752983412910548,0.415839746475329,-0.7529834129105479,450,1,real,200,640,360,,32.16910362243652,,39.84260559082031,real,right,0,35,983,980,980,983,980,980,74463,0,26,142,179,55,55,left_outside_lane,43.30513925150724,0.0,0.0,10,0,0,0,0,0,0,right,1,0,35,right,0.0,0.4386666666666667,6,60,19,6,8,0,0,1,0.0,1,0,1,281.9463488777804,0,,right_only_from_pair_reject,212,,0.0,0.4386666666666667,0,35,too_inconsistent,right,0,right,42
1774306427.1500347,pure_pursuit,HOLD_AND_STOP,hold_and_stop,1,234,0.2812719103601164,0.30628223453383085,242,1.0,0.0,0.0,0.0,0.0,0.0,,,1000,1500,0.395233425,1,203,0,fallback_hold_and_stop,right_only_from_pair_reject,1,1,0,43,0,-876.322278211696,630.1013407618843,166.55136405416877,472.1732970200251,too_inconsistent,,,,,,,-0.752983412910548,0.415839746475329,-0.7529834129105479,451,1,real,200,640,360,,35.3546142578125,,45.33815383911133,real,right,0,34,978,972,972,978,972,972,74463,0,26,142,179,55,55,left_outside_lane,43.30513925150724,0.0,0.0,10,0,0,0,0,0,0,right,1,0,34,right,0.0,0.436375,6,60,19,6,8,0,0,1,0.0,1,0,1,282.1114538243831,0,,right_only_from_pair_reject,213,,0.0,0.436375,0,34,too_inconsistent,right,0,right,43
1774306427.2460837,pure_pursuit,HOLD_AND_STOP,hold_and_stop,1,234,0.2812719103601164,0.30628223453383085,242,1.0,0.0,0.0,0.0,0.0,0.0,,,1000,1500,0.395233425,1,204,0,fallback_hold_and_stop,right_only_from_pair_reject,1,1,0,43,0,-876.322278211696,630.1013407618843,166.55136405416877,472.1732970200251,too_inconsistent,,,,,,,-0.752983412910548,0.415839746475329,-0.7529834129105479,452,1,real,200,640,360,,34.113407135009766,,43.61295700073242,real,right,0,34,966,962,962,966,962,962,74463,0,26,142,179,55,55,left_outside_lane,43.30513925150724,0.0,0.0,10,0,0,0,0,0,0,right,1,0,34,right,0.0,0.436375,6,60,19,6,8,0,0,1,0.0,1,0,1,281.631401780922,0,,right_only_from_pair_reject,214,,0.0,0.436375,0,34,too_inconsistent,right,0,right,44
1774306427.3406124,pure_pursuit,HOLD_AND_STOP,hold_and_stop,1,234,0.2812719103601164,0.30628223453383085,242,1.0,0.0,0.0,0.0,0.0,0.0,,,1000,1500,0.39487867500000007,1,205,0,fallback_hold_and_stop,right_only_from_pair_reject,1,1,0,43,0,-876.322278211696,630.1013407618843,166.55136405416877,472.1732970200251,too_inconsistent,,,,,,,-0.752983412910548,0.415839746475329,-0.7529834129105479,453,1,real,200,640,360,,33.081769943237305,,39.679765701293945,real,right,0,33,982,953,953,982,953,953,74463,0,26,142,179,55,55,left_outside_lane,43.30513925150724,0.0,0.0,11,0,0,0,0,0,0,right,1,0,33,right,0.0,0.4317916666666667,6,60,19,6,8,0,0,1,0.0,1,0,1,277.5140957900537,0,,right_only_from_pair_reject,215,,0.0,0.4317916666666667,0,33,too_inconsistent,right,0,right,45
1774306427.4310844,pure_pursuit,HOLD_AND_STOP,hold_and_stop,1,234,0.2812719103601164,0.30628223453383085,242,1.0,0.0,0.0,0.0,0.0,0.0,,,1000,1500,0.39487867500000007,1,206,0,fallback_hold_and_stop,right_only_from_pair_reject,1,1,0,43,0,-876.322278211696,630.1013407618843,166.55136405416877,472.1732970200251,too_inconsistent,,,,,,,-0.752983412910548,0.415839746475329,-0.7529834129105479,454,1,real,200,640,360,,20.137786865234375,,29.051780700683594,real,right,0,33,983,950,950,983,950,950,74463,0,26,142,179,55,55,left_outside_lane,43.30513925150724,0.0,0.0,9,0,0,0,0,0,0,right,1,0,33,right,0.0,0.4317916666666667,6,60,19,6,8,0,0,1,0.0,1,0,1,277.4883952152571,0,,right_only_from_pair_reject,216,,0.0,0.4317916666666667,0,33,too_inconsistent,right,0,right,46
1774306427.5118375,pure_pursuit,HOLD_AND_STOP,hold_and_stop,1,234,0.2812719103601164,0.30628223453383085,242,1.0,0.0,0.0,0.0,0.0,0.0,,,1000,1500,0.39487867500000007,1,207,0,fallback_hold_and_stop,right_only_from_pair_reject,1,1,0,43,0,-876.322278211696,630.1013407618843,166.55136405416877,472.1732970200251,too_inconsistent,,,,,,,-0.752983412910548,0.415839746475329,-0.7529834129105479,455,1,real,200,640,360,,33.609628677368164,,42.624473571777344,real,right,0,33,968,940,940,968,940,940,74463,0,26,142,179,55,55,left_outside_lane,43.30513925150724,0.0,0.0,9,0,0,0,0,0,0,right,1,0,33,right,0.0,0.4317916666666667,6,60,19,6,8,0,0,1,0.0,1,0,1,279.9686195865637,0,,right_only_from_pair_reject,217,,0.0,0.4317916666666667,0,33,too_inconsistent,right,0,right,47
1774306427.6055462,pure_pursuit,HOLD_AND_STOP,hold_and_stop,1,234,0.2812719103601164,0.30628223453383085,242,1.0,0.0,0.0,0.0,0.0,0.0,,,1000,1500,0.39487867500000007,1,208,0,fallback_hold_and_stop,right_only_from_pair_reject,1,1,0,43,0,-876.322278211696,630.1013407618843,166.55136405416877,472.1732970200251,too_inconsistent,,,,,,,-0.752983412910548,0.415839746475329,-0.7529834129105479,456,1,real,200,640,360,,31.629323959350586,,39.130210876464844,real,right,0,33,978,938,938,978,938,938,74463,0,26,142,179,55,55,left_outside_lane,43.30513925150724,0.0,0.0,10,0,0,0,0,0,0,right,1,0,33,right,0.0,0.4317916666666667,6,60,19,6,8,0,0,1,0.0,1,0,1,281.40339310523086,0,,right_only_from_pair_reject,218,,0.0,0.4317916666666667,0,33,too_inconsistent,right,0,right,48
1774306427.6957645,pure_pursuit,HOLD_AND_STOP,hold_and_stop,1,234,0.2812719103601164,0.30628223453383085,242,1.0,0.0,0.0,0.0,0.0,0.0,,,1000,1500,0.39487867500000007,1,209,0,fallback_hold_and_stop,right_only_from_pair_reject,1,1,0,43,0,-876.322278211696,630.1013407618843,166.55136405416877,472.1732970200251,too_inconsistent,,,,,,,-0.752983412910548,0.415839746475329,-0.7529834129105479,457,1,real,200,640,360,,20.101308822631836,,27.012348175048828,real,right,0,33,969,932,932,969,932,932,74463,0,26,142,179,55,55,left_outside_lane,43.30513925150724,0.0,0.0,10,0,0,0,0,0,0,right,1,0,33,right,0.0,0.4317916666666667,6,60,19,6,8,0,0,1,0.0,1,0,1,281.1943712839865,0,,right_only_from_pair_reject,219,,0.0,0.4317916666666667,0,33,too_inconsistent,right,0,right,49
1774306427.7735007,pure_pursuit,HOLD_AND_STOP,hold_and_stop,1,234,0.2812719103601164,0.30628223453383085,242,1.0,0.0,0.0,0.0,0.0,0.0,,,1000,1500,0.39452392500000005,1,210,0,fallback_hold_and_stop,right_only_from_pair_reject,1,1,0,43,0,-876.322278211696,630.1013407618843,166.55136405416877,472.1732970200251,too_inconsistent,,,,,,,-0.752983412910548,0.415839746475329,-0.7529834129105479,458,1,real,200,640,360,,36.19551658630371,,42.224884033203125,real,right,0,32,962,919,919,962,919,919,74463,0,26,142,179,55,55,left_outside_lane,43.30513925150724,0.0,0.0,10,0,0,0,0,0,0,right,1,0,32,right,0.0,0.42720833333333336,6,60,19,6,8,0,0,1,0.0,1,0,1,279.2367034972041,0,,right_only_from_pair_reject,220,,0.0,0.42720833333333336,0,32,too_inconsistent,right,0,right,50
1774306427.8670967,pure_pursuit,HOLD_AND_STOP,hold_and_stop,1,234,0.2812719103601164,0.30628223453383085,242,1.0,0.0,0.0,0.0,0.0,0.0,,,1000,1500,0.39452392500000005,1,211,0,fallback_hold_and_stop,right_only_from_pair_reject,1,1,0,43,0,-876.322278211696,630.1013407618843,166.55136405416877,472.1732970200251,too_inconsistent,,,,,,,-0.752983412910548,0.415839746475329,-0.7529834129105479,459,1,real,200,640,360,,35.662174224853516,,42.91653633117676,real,right,0,32,956,913,913,956,913,913,74463,0,26,142,179,55,55,left_outside_lane,43.30513925150724,0.0,0.0,9,0,0,0,0,0,0,right,1,0,32,right,0.0,0.42720833333333336,6,60,19,6,8,0,0,1,0.0,1,0,1,278.7474593351449,0,,right_only_from_pair_reject,221,,0.0,0.42720833333333336,0,32,too_inconsistent,right,0,right,51
1774306427.9607337,pure_pursuit,HOLD_AND_STOP,hold_and_stop,1,234,0.2812719103601164,0.30628223453383085,242,1.0,0.0,0.0,0.0,0.0,0.0,,,1000,1500,0.39416917500000004,1,212,0,fallback_hold_and_stop,right_only_from_pair_reject,1,1,0,43,0,-876.322278211696,630.1013407618843,166.55136405416877,472.1732970200251,too_inconsistent,,,,,,,-0.752983412910548,0.415839746475329,-0.7529834129105479,460,1,real,200,640,360,,36.235809326171875,,41.32866859436035,real,right,0,31,936,894,894,936,894,894,74463,0,26,142,179,55,55,left_outside_lane,43.30513925150724,0.0,0.0,8,0,0,0,0,0,0,right,1,0,31,right,0.0,0.42262500000000003,6,60,19,6,8,0,0,1,0.0,1,0,1,274.24877409119364,0,,right_only_from_pair_reject,222,,0.0,0.42262500000000003,0,31,too_inconsistent,right,0,right,52
1774306428.0529788,pure_pursuit,HOLD_AND_STOP,hold_and_stop,1,234,0.2812719103601164,0.30628223453383085,242,1.0,0.0,0.0,0.0,0.0,0.0,,,1000,1500,0.39416917500000004,1,213,0,fallback_hold_and_stop,right_only_from_pair_reject,1,1,0,43,0,-876.322278211696,630.1013407618843,166.55136405416877,472.1732970200251,too_inconsistent,,,,,,,-0.752983412910548,0.415839746475329,-0.7529834129105479,461,1,real,200,640,360,,21.081209182739258,,27.68874168395996,real,right,0,31,943,897,897,943,897,897,74463,0,26,142,179,55,55,left_outside_lane,43.30513925150724,0.0,0.0,10,0,0,0,0,0,0,right,1,0,31,right,0.0,0.42262500000000003,6,60,19,6,8,0,0,1,0.0,1,0,1,275.68829798797407,0,,right_only_from_pair_reject,223,,0.0,0.42262500000000003,0,31,too_inconsistent,right,0,right,53
1774306428.131948,pure_pursuit,HOLD_AND_STOP,hold_and_stop,1,234,0.2812719103601164,0.30628223453383085,242,1.0,0.0,0.0,0.0,0.0,0.0,,,1000,1500,0.39416917500000004,1,214,0,fallback_hold_and_stop,right_only_from_pair_reject,1,1,0,43,0,-876.322278211696,630.1013407618843,166.55136405416877,472.1732970200251,too_inconsistent,,,,,,,-0.752983412910548,0.415839746475329,-0.7529834129105479,462,1,real,200,640,360,,36.10968589782715,,42.87099838256836,real,right,0,31,943,895,895,943,895,895,74463,0,26,142,179,55,55,left_outside_lane,43.30513925150724,0.0,0.0,12,0,0,0,0,0,0,right,1,0,31,right,0.0,0.42262500000000003,6,60,19,6,8,0,0,1,0.0,1,0,1,280.8471800830536,0,,right_only_from_pair_reject,224,,0.0,0.42262500000000003,0,31,too_inconsistent,right,0,right,54
1774306428.2257402,pure_pursuit,HOLD_AND_STOP,hold_and_stop,1,234,0.2812719103601164,0.30628223453383085,242,1.0,0.0,0.0,0.0,0.0,0.0,,,1000,1500,0.39416917500000004,1,215,0,fallback_hold_and_stop,right_only_from_pair_reject,1,1,0,43,0,-876.322278211696,630.1013407618843,166.55136405416877,472.1732970200251,too_inconsistent,,,,,,,-0.752983412910548,0.415839746475329,-0.7529834129105479,463,1,real,200,640,360,,19.999027252197266,,27.080774307250977,real,right,0,31,931,879,879,931,879,879,74463,0,26,142,179,55,55,left_outside_lane,43.30513925150724,0.0,0.0,11,0,0,0,0,0,0,right,1,0,31,right,0.0,0.42262500000000003,6,60,19,6,8,0,0,1,0.0,1,0,1,281.36691287908224,0,,right_only_from_pair_reject,225,,0.0,0.42262500000000003,0,31,too_inconsistent,right,0,right,55
1774306428.3038409,pure_pursuit,HOLD_AND_STOP,hold_and_stop,1,234,0.2812719103601164,0.30628223453383085,242,1.0,0.0,0.0,0.0,0.0,0.0,,,1000,1500,0.39399180000000006,1,216,0,fallback_hold_and_stop,right_only_from_pair_reject,1,1,0,43,0,-876.322278211696,630.1013407618843,166.55136405416877,472.1732970200251,too_inconsistent,,,,,,,-0.752983412910548,0.415839746475329,-0.7529834129105479,464,1,real,200,640,360,,19.632577896118164,,25.0244140625,real,right,0,30,936,866,866,936,866,866,74463,0,26,142,179,55,55,left_outside_lane,43.30513925150724,0.0,0.0,11,0,0,0,0,0,0,right,1,0,30,right,0.0,0.42033333333333334,6,60,19,6,8,0,0,1,0.0,1,0,1,273.96700096266557,0,,right_only_from_pair_reject,226,,0.0,0.42033333333333334,0,30,too_inconsistent,right,0,right,56
1774306428.3795545,pure_pursuit,HOLD_AND_STOP,hold_and_stop,1,234,0.2812719103601164,0.30628223453383085,242,1.0,0.0,0.0,0.0,0.0,0.0,,,1000,1500,0.39399180000000006,1,217,0,fallback_hold_and_stop,right_only_from_pair_reject,1,1,0,43,0,-876.322278211696,630.1013407618843,166.55136405416877,472.1732970200251,too_inconsistent,,,,,,,-0.752983412910548,0.415839746475329,-0.7529834129105479,465,1,real,200,640,360,,22.005796432495117,,29.077768325805664,real,right,0,30,948,865,865,948,865,865,74463,0,26,142,179,55,55,left_outside_lane,43.30513925150724,0.0,0.0,9,0,0,0,0,0,0,right,1,0,30,right,0.0,0.42033333333333334,6,60,19,6,8,0,0,1,0.0,1,0,1,275.90906263183257,0,,right_only_from_pair_reject,227,,0.0,0.42033333333333334,0,30,too_inconsistent,right,0,right,57
1774306428.460078,pure_pursuit,HOLD_AND_STOP,hold_and_stop,1,234,0.2812719103601164,0.30628223453383085,242,1.0,0.0,0.0,0.0,0.0,0.0,,,1000,1500,0.39399180000000006,1,218,0,fallback_hold_and_stop,right_only_from_pair_reject,1,1,0,43,0,-876.322278211696,630.1013407618843,166.55136405416877,472.1732970200251,too_inconsistent,,,,,,,-0.752983412910548,0.415839746475329,-0.7529834129105479,466,1,real,200,640,360,,23.03004264831543,,32.13047981262207,real,right,0,30,889,848,848,889,848,848,74463,0,26,142,179,55,55,left_outside_lane,43.30513925150724,0.0,0.0,11,0,0,0,0,0,0,right,1,0,30,right,0.0,0.42033333333333334,6,60,19,6,8,0,0,1,0.0,1,0,1,273.70466695372824,0,,right_only_from_pair_reject,228,,0.0,0.42033333333333334,0,30,too_inconsistent,right,0,right,58
1774306428.5440662,pure_pursuit,HOLD_AND_STOP,hold_and_stop,1,234,0.2812719103601164,0.30628223453383085,242,1.0,0.0,0.0,0.0,0.0,0.0,,,1000,1500,0.3936370500000001,1,219,0,fallback_hold_and_stop,right_only_from_pair_reject,1,1,0,43,0,-876.322278211696,630.1013407618843,166.55136405416877,472.1732970200251,too_inconsistent,,,,,,,-0.752983412910548,0.415839746475329,-0.7529834129105479,467,1,real,200,640,360,,28.083086013793945,,34.66200828552246,real,right,0,29,877,825,825,877,825,825,74463,0,26,142,179,55,55,left_outside_lane,43.30513925150724,0.0,0.0,14,0,0,0,0,0,0,right,1,0,29,right,0.0,0.41575,6,60,19,6,8,0,0,1,0.0,1,0,1,269.6150424067959,0,,right_only_from_pair_reject,229,,0.0,0.41575,0,29,too_inconsistent,right,0,right,59
1774306428.630144,pure_pursuit,HOLD_AND_STOP,hold_and_stop,1,234,0.2812719103601164,0.30628223453383085,242,1.0,0.0,0.0,0.0,0.0,0.0,,,1000,1500,0.3936370500000001,1,220,0,fallback_hold_and_stop,right_only_from_pair_reject,1,1,0,43,0,-876.322278211696,630.1013407618843,166.55136405416877,472.1732970200251,too_inconsistent,,,,,,,-0.752983412910548,0.415839746475329,-0.7529834129105479,468,1,real,200,640,360,,22.08089828491211,,30.414819717407227,real,right,0,29,879,809,809,879,809,809,74463,0,26,142,179,55,55,left_outside_lane,43.30513925150724,0.0,0.0,8,0,0,0,0,0,0,right,1,0,29,right,0.0,0.41575,6,60,19,6,8,0,0,1,0.0,1,0,1,279.09072798487745,0,,right_only_from_pair_reject,230,,0.0,0.41575,0,29,too_inconsistent,right,0,right,60
1774306428.7112827,pure_pursuit,HOLD_AND_STOP,hold_and_stop,1,234,0.2812719103601164,0.30628223453383085,242,1.0,0.0,0.0,0.0,0.0,0.0,,,1000,1500,0.3932823000000001,1,221,0,fallback_hold_and_stop,right_only_from_pair_reject,1,1,0,43,0,-876.322278211696,630.1013407618843,166.55136405416877,472.1732970200251,too_inconsistent,,,,,,,-0.752983412910548,0.415839746475329,-0.7529834129105479,469,1,real,200,640,360,,18.687725067138672,,23.779630661010742,real,right,0,28,855,782,782,855,782,782,74463,0,26,142,179,55,55,left_outside_lane,43.30513925150724,0.0,0.0,8,0,0,0,0,0,0,right,1,0,28,right,0.0,0.4111666666666667,6,60,19,6,8,0,0,1,0.0,1,0,1,272.73619731390886,0,,right_only_from_pair_reject,231,,0.0,0.4111666666666667,0,28,too_inconsistent,right,0,right,61
1774306428.786108,pure_pursuit,HOLD_AND_STOP,hold_and_stop,1,234,0.2812719103601164,0.30628223453383085,242,1.0,0.0,0.0,0.0,0.0,0.0,,,1000,1500,0.3932823000000001,1,222,0,fallback_hold_and_stop,right_only_from_pair_reject,1,1,0,43,0,-876.322278211696,630.1013407618843,166.55136405416877,472.1732970200251,too_inconsistent,,,,,,,-0.752983412910548,0.415839746475329,-0.7529834129105479,470,1,real,200,640,360,,33.798933029174805,,44.50249671936035,real,right,0,28,858,774,774,858,774,774,74463,0,26,142,179,55,55,left_outside_lane,43.30513925150724,0.0,0.0,10,0,0,0,0,0,0,right,1,0,28,right,0.0,0.4111666666666667,6,60,19,6,8,0,0,1,0.0,1,0,1,268.80365405592477,0,,right_only_from_pair_reject,232,,0.0,0.4111666666666667,0,28,too_inconsistent,right,0,right,62
1774306428.8812182,pure_pursuit,HOLD_AND_STOP,hold_and_stop,1,234,0.2812719103601164,0.30628223453383085,242,1.0,0.0,0.0,0.0,0.0,0.0,,,1000,1500,0.39310492500000005,1,223,0,fallback_hold_and_stop,right_only_from_pair_reject,1,1,0,43,0,-876.322278211696,630.1013407618843,166.55136405416877,472.1732970200251,too_inconsistent,,,,,,,-0.752983412910548,0.415839746475329,-0.7529834129105479,471,1,real,200,640,360,,19.085407257080078,,24.4598388671875,real,right,0,27,779,748,748,779,748,748,74463,0,26,142,179,55,55,left_outside_lane,43.30513925150724,0.0,0.0,9,0,0,0,0,0,0,right,1,0,27,right,0.0,0.408875,6,60,19,6,8,0,0,1,0.0,1,0,1,281.169454678753,0,,right_only_from_pair_reject,233,,0.0,0.408875,0,27,too_inconsistent,right,0,right,63
1774306428.9563036,pure_pursuit,HOLD_AND_STOP,hold_and_stop,1,234,0.2812719103601164,0.30628223453383085,242,1.0,0.0,0.0,0.0,0.0,0.0,,,1000,1500,0.39275017500000003,1,224,0,fallback_hold_and_stop,right_only_from_pair_reject,1,1,0,43,0,-876.322278211696,630.1013407618843,166.55136405416877,472.1732970200251,too_inconsistent,,,,,,,-0.752983412910548,0.415839746475329,-0.7529834129105479,472,1,real,200,640,360,,21.07977867126465,,29.602766036987305,real,right,0,26,755,729,729,755,729,729,74463,0,26,142,179,55,55,left_outside_lane,43.30513925150724,0.0,0.0,9,0,0,0,0,0,0,right,1,0,26,right,0.0,0.4042916666666667,6,60,19,6,8,0,0,1,0.0,1,0,1,263.1022445474839,0,,right_only_from_pair_reject,234,,0.0,0.4042916666666667,0,26,too_inconsistent,right,0,right,64
1774306429.0368059,pure_pursuit,HOLD_AND_STOP,hold_and_stop,1,234,0.2812719103601164,0.30628223453383085,242,1.0,0.0,0.0,0.0,0.0,0.0,,,1000,1500,0.39275017500000003,1,225,0,fallback_hold_and_stop,right_only_from_pair_reject,1,1,0,43,0,-876.322278211696,630.1013407618843,166.55136405416877,472.1732970200251,too_inconsistent,,,,,,,-0.752983412910548,0.415839746475329,-0.7529834129105479,473,1,real,200,640,360,,19.388198852539062,,27.57573127746582,real,right,0,26,745,698,698,745,698,698,74463,0,26,142,179,55,55,left_outside_lane,43.30513925150724,0.0,0.0,9,0,0,0,0,0,0,right,1,0,26,right,0.0,0.4042916666666667,6,60,19,6,8,0,0,1,0.0,1,0,1,274.58369636847806,0,,right_only_from_pair_reject,235,,0.0,0.4042916666666667,0,26,too_inconsistent,right,0,right,65
1774306429.1154718,pure_pursuit,HOLD_AND_STOP,hold_and_stop,1,234,0.2812719103601164,0.30628223453383085,242,1.0,0.0,0.0,0.0,0.0,0.0,,,1000,1500,0.392395425,1,226,0,fallback_hold_and_stop,right_only_from_pair_reject,1,1,0,43,0,-876.322278211696,630.1013407618843,166.55136405416877,472.1732970200251,too_inconsistent,,,,,,,-0.752983412910548,0.415839746475329,-0.7529834129105479,474,1,real,200,640,360,,19.51122283935547,,25.01988410949707,real,right,0,25,751,698,698,751,698,698,74463,0,26,142,179,55,55,left_outside_lane,43.30513925150724,0.0,0.0,9,0,0,0,0,0,0,right,1,0,25,right,0.0,0.39970833333333333,6,60,19,6,8,0,0,1,0.0,1,0,1,254.98098801890197,0,,right_only_from_pair_reject,236,,0.0,0.39970833333333333,0,25,too_inconsistent,right,0,right,66
1774306429.1910505,pure_pursuit,HOLD_AND_STOP,hold_and_stop,1,234,0.2812719103601164,0.30628223453383085,242,1.0,0.0,0.0,0.0,0.0,0.0,,,1000,1500,0.392395425,1,227,0,fallback_hold_and_stop,right_only_from_pair_reject,1,1,0,43,0,-876.322278211696,630.1013407618843,166.55136405416877,472.1732970200251,too_inconsistent,,,,,,,-0.752983412910548,0.415839746475329,-0.7529834129105479,475,1,real,200,640,360,,22.057056427001953,,28.743505477905273,real,right,0,25,747,670,670,747,670,670,74463,0,26,142,179,55,55,left_outside_lane,43.30513925150724,0.0,0.0,13,0,0,0,0,0,0,right,1,0,25,right,0.0,0.39970833333333333,6,60,19,6,8,0,0,1,0.0,1,0,1,280.2627092509355,0,,right_only_from_pair_reject,237,,0.0,0.39970833333333333,0,25,too_inconsistent,right,0,right,67
1774306429.2716177,pure_pursuit,HOLD_AND_STOP,hold_and_stop,1,234,0.2812719103601164,0.30628223453383085,242,1.0,0.0,0.0,0.0,0.0,0.0,,,1000,1500,0.39221805000000004,1,228,0,fallback_hold_and_stop,right_only_from_pair_reject,1,1,0,43,0,-876.322278211696,630.1013407618843,166.55136405416877,472.1732970200251,too_inconsistent,,,,,,,-0.752983412910548,0.415839746475329,-0.7529834129105479,476,1,real,200,640,360,,34.06119346618652,,39.153337478637695,real,right,0,24,730,655,655,730,655,655,74463,0,26,142,179,55,55,left_outside_lane,43.30513925150724,0.0,0.0,11,0,0,0,0,0,0,right,1,0,24,right,0.0,0.3974166666666667,6,60,19,6,8,0,0,1,0.0,1,0,1,264.38903111604526,0,,right_only_from_pair_reject,238,,0.0,0.3974166666666667,0,24,too_inconsistent,right,0,right,68
1774306429.362294,pure_pursuit,HOLD_AND_STOP,hold_and_stop,1,234,0.2812719103601164,0.30628223453383085,242,1.0,0.0,0.0,0.0,0.0,0.0,,,1000,1500,0.44962949999999996,1,229,0,fallback_hold_and_stop,right_only_from_pair_reject,1,1,4,43,0,-876.322278211696,630.1013407618843,166.55136405416877,472.1732970200251,too_inconsistent,,,,,,,-0.752983412910548,0.415839746475329,-0.7529834129105479,477,1,real,200,640,360,,35.08257865905762,,42.01364517211914,real,right,8,24,744,747,747,744,747,747,74463,0,26,142,179,55,55,left_outside_lane,43.30513925150724,0.0,0.0,13,4,0,8,0,0,0,right,1,0,24,right,0.34175000000000005,0.3974166666666667,6,60,19,6,8,1,0,1,1803.2362546605812,1,0,1,264.1375817860601,0,,right_only_from_pair_reject,239,,0.34175000000000005,0.3974166666666667,7,24,too_inconsistent,right,0,right,69
1774306429.4547627,pure_pursuit,HOLD_AND_STOP,hold_and_stop,1,234,0.2812719103601164,0.30628223453383085,242,1.0,0.0,0.0,0.0,0.0,0.0,,,1000,1500,0.4073433000000001,1,230,0,fallback_hold_and_stop,right_only_from_pair_reject,1,1,2,43,0,-876.322278211696,630.1013407618843,166.55136405416877,472.1732970200251,too_inconsistent,,,,,,,-0.752983412910548,0.415839746475329,-0.7529834129105479,478,1,real,200,640,360,,32.98687934875488,,40.46177864074707,real,right,4,23,738,726,726,738,726,726,74463,0,26,142,179,55,55,left_outside_lane,43.30513925150724,0.0,0.0,13,2,0,4,0,0,0,right,1,0,23,right,0.0,0.39283333333333337,6,60,19,6,8,0,0,1,0.0,1,0,1,253.3446283041318,0,,right_only_from_pair_reject,240,,0.0,0.39283333333333337,4,23,too_inconsistent,right,0,right,70
1774306429.546546,pure_pursuit,HOLD_AND_STOP,hold_and_stop,1,234,0.2812719103601164,0.30628223453383085,242,1.0,0.0,0.0,0.0,0.0,0.0,,,1000,1500,0.40716592500000004,1,231,0,fallback_hold_and_stop,right_only_from_pair_reject,1,1,2,43,0,-876.322278211696,630.1013407618843,166.55136405416877,472.1732970200251,too_inconsistent,,,,,,,-0.752983412910548,0.415839746475329,-0.7529834129105479,479,1,real,200,640,360,,21.991252899169922,,30.09819984436035,real,right,4,22,710,703,703,710,703,703,74463,0,26,142,179,55,55,left_outside_lane,43.30513925150724,0.0,0.0,13,2,0,4,0,0,0,right,1,0,22,right,0.0,0.3905416666666667,6,60,19,6,8,0,0,1,0.0,1,0,1,284.3031717181193,0,,right_only_from_pair_reject,241,,0.0,0.3905416666666667,4,22,too_inconsistent,right,0,right,71
1774306429.6279228,pure_pursuit,HOLD_AND_STOP,hold_and_stop,1,234,0.2812719103601164,0.30628223453383085,242,1.0,0.0,0.0,0.0,0.0,0.0,,,1000,1500,0.40716592500000004,1,232,0,fallback_hold_and_stop,right_only_from_pair_reject,1,1,2,43,0,-876.322278211696,630.1013407618843,166.55136405416877,472.1732970200251,too_inconsistent,,,,,,,-0.752983412910548,0.415839746475329,-0.7529834129105479,480,1,real,200,640,360,,32.221317291259766,,44.248342514038086,real,right,4,22,718,694,694,718,694,694,74463,0,26,142,179,55,55,left_outside_lane,43.30513925150724,0.0,0.0,14,2,0,4,0,0,0,right,1,0,22,right,0.0,0.3905416666666667,6,60,19,6,8,0,0,1,0.0,1,0,1,286.35285564864375,0,,right_only_from_pair_reject,242,,0.0,0.3905416666666667,4,22,too_inconsistent,right,0,right,72
1774306429.7234664,pure_pursuit,HOLD_AND_STOP,hold_and_stop,1,234,0.2812719103601164,0.30628223453383085,242,1.0,0.0,0.0,0.0,0.0,0.0,,,1000,1500,0.3992485500000001,1,233,0,fallback_hold_and_stop,right_only_from_pair_reject,1,1,1,43,0,-876.322278211696,630.1013407618843,166.55136405416877,472.1732970200251,too_inconsistent,,,,,,,-0.752983412910548,0.415839746475329,-0.7529834129105479,481,1,real,200,640,360,,29.482603073120117,,37.09149360656738,real,right,2,21,718,706,706,718,706,706,74463,0,26,142,179,55,55,left_outside_lane,43.30513925150724,0.0,0.0,17,1,0,2,0,0,0,right,1,0,21,right,0.0,0.38825,6,60,19,6,8,0,0,1,0.0,1,0,1,287.9028111153521,0,,right_only_from_pair_reject,243,,0.0,0.38825,2,21,too_inconsistent,right,0,right,73
1774306429.8114812,pure_pursuit,HOLD_AND_STOP,hold_and_stop,1,234,0.2812719103601164,0.30628223453383085,242,1.0,0.0,0.0,0.0,0.0,0.0,,,1000,1500,0.3992485500000001,1,234,0,fallback_hold_and_stop,right_only_from_pair_reject,1,1,1,43,0,-876.322278211696,630.1013407618843,166.55136405416877,472.1732970200251,too_inconsistent,,,,,,,-0.752983412910548,0.415839746475329,-0.7529834129105479,482,1,real,200,640,360,,17.74883270263672,,27.958154678344727,real,right,2,21,694,672,672,694,672,672,74463,0,26,142,179,55,55,left_outside_lane,43.30513925150724,0.0,0.0,12,1,0,2,0,0,0,right,1,0,21,right,0.0,0.38825,6,60,19,6,8,0,0,1,0.0,1,0,1,267.89167986924855,0,,right_only_from_pair_reject,244,,0.0,0.38825,2,21,too_inconsistent,right,0,right,74
1774306429.890043,pure_pursuit,HOLD_AND_STOP,hold_and_stop,1,234,0.2812719103601164,0.30628223453383085,242,1.0,0.0,0.0,0.0,0.0,0.0,,,1000,1500,0.4473720000000001,1,235,0,fallback_hold_and_stop,right_only_from_pair_reject,1,1,4,43,0,-876.322278211696,630.1013407618843,166.55136405416877,472.1732970200251,too_inconsistent,,,,,,,-0.752983412910548,0.415839746475329,-0.7529834129105479,483,1,real,200,640,360,,35.513877868652344,,41.602134704589844,real,right,8,20,691,660,660,691,660,660,74463,0,26,142,179,55,55,left_outside_lane,43.30513925150724,0.0,0.0,14,4,0,8,0,0,0,right,1,0,20,right,0.32633333333333336,0.3836666666666667,6,60,19,6,8,1,0,1,333.3796191737664,1,0,1,253.1687845001072,0,,right_only_from_pair_reject,245,,0.32633333333333336,0.3836666666666667,5,20,too_inconsistent,right,0,right,75
1774306429.9827762,pure_pursuit,HOLD_AND_STOP,hold_and_stop,1,234,0.2812719103601164,0.30628223453383085,242,1.0,0.0,0.0,0.0,0.0,0.0,,,1000,1500,0.39115380000000005,1,236,0,fallback_hold_and_stop,right_only_from_pair_reject,1,1,0,43,0,-876.322278211696,630.1013407618843,166.55136405416877,472.1732970200251,too_inconsistent,,,,,,,-0.752983412910548,0.415839746475329,-0.7529834129105479,484,1,real,200,640,360,,34.06119346618652,,42.37079620361328,real,right,0,20,673,623,623,673,623,623,74463,0,26,142,179,55,55,left_outside_lane,43.30513925150724,0.0,0.0,11,0,0,0,0,0,0,right,1,0,20,right,0.0,0.3836666666666667,6,60,19,6,8,0,0,1,0.0,1,0,1,259.79013480995707,0,,right_only_from_pair_reject,246,,0.0,0.3836666666666667,0,20,too_inconsistent,right,0,right,76
1774306430.0763316,pure_pursuit,HOLD_AND_STOP,hold_and_stop,1,234,0.2812719103601164,0.30628223453383085,242,1.0,0.0,0.0,0.0,0.0,0.0,,,1000,1500,0.4064564250000001,1,237,0,fallback_hold_and_stop,right_only_from_pair_reject,1,1,2,43,0,-876.322278211696,630.1013407618843,166.55136405416877,472.1732970200251,too_inconsistent,,,,,,,-0.752983412910548,0.415839746475329,-0.7529834129105479,485,1,real,200,640,360,,35.10642051696777,,41.78953170776367,real,right,4,19,667,620,620,667,620,620,74463,0,26,142,179,55,55,left_outside_lane,43.30513925150724,0.0,0.0,12,2,0,4,0,0,0,right,1,0,19,right,0.0,0.381375,6,60,19,6,8,0,0,1,0.0,1,0,1,386.00575235879455,0,,right_only_from_pair_reject,247,,0.0,0.381375,4,19,too_inconsistent,right,0,right,77
1774306430.168835,pure_pursuit,HOLD_AND_STOP,hold_and_stop,1,234,0.2812719103601164,0.30628223453383085,242,1.0,0.0,0.0,0.0,0.0,0.0,,,1000,1500,0.3907990500000001,1,238,0,fallback_hold_and_stop,right_only_from_pair_reject,1,1,0,43,0,-876.322278211696,630.1013407618843,166.55136405416877,472.1732970200251,too_inconsistent,,,,,,,-0.752983412910548,0.415839746475329,-0.7529834129105479,486,1,real,200,640,360,,20.99895477294922,,26.689529418945312,real,right,0,18,613,572,572,613,572,572,74463,0,26,142,179,55,55,left_outside_lane,43.30513925150724,0.0,0.0,11,0,0,0,0,0,0,right,1,0,18,right,0.0,0.3790833333333333,6,60,19,6,8,0,0,1,0.0,1,0,1,225.52553148341815,0,,right_only_from_pair_reject,248,,0.0,0.3790833333333333,0,18,too_inconsistent,right,0,right,78
1774306430.2467813,pure_pursuit,HOLD_AND_STOP,hold_and_stop,1,234,0.2812719103601164,0.30628223453383085,242,1.0,0.0,0.0,0.0,0.0,0.0,,,1000,1500,0.46517400000000003,1,239,0,fallback_hold_and_stop,right_only_from_pair_reject,1,1,6,43,0,-876.322278211696,630.1013407618843,166.55136405416877,472.1732970200251,too_inconsistent,,,,,,,-0.752983412910548,0.415839746475329,-0.7529834129105479,487,1,real,200,640,360,,34.996986389160156,,45.44806480407715,real,right,12,18,658,628,628,658,628,628,74463,0,26,142,179,55,55,left_outside_lane,43.30513925150724,0.0,0.0,17,6,0,12,0,0,0,right,1,0,18,right,0.36320833333333336,0.3767916666666667,6,60,19,6,8,1,0,1,201.46633977113635,1,0,1,403.72187450364504,0,,right_only_from_pair_reject,249,,0.36320833333333336,0.3767916666666667,8,18,too_inconsistent,right,0,right,79
1774306430.3440993,pure_pursuit,HOLD_AND_STOP,hold_and_stop,1,234,0.2812719103601164,0.30628223453383085,242,1.0,0.0,0.0,0.0,0.0,0.0,,,1000,1500,0.446839875,1,240,0,fallback_hold_and_stop,right_only_from_pair_reject,1,1,4,43,0,-876.322278211696,630.1013407618843,166.55136405416877,472.1732970200251,too_inconsistent,,,,,,,-0.752983412910548,0.415839746475329,-0.7529834129105479,488,1,real,200,640,360,,31.51869773864746,,37.42718696594238,real,right,8,17,652,616,616,652,616,616,74463,0,26,142,179,55,55,left_outside_lane,43.30513925150724,0.0,0.0,13,4,0,8,0,0,0,right,1,0,17,right,0.338625,0.36450000000000005,6,60,19,6,8,1,0,1,820.7455707840953,1,0,1,295.1929790066742,0,,right_only_from_pair_reject,250,,0.338625,0.36450000000000005,6,17,too_inconsistent,right,0,right,80
1774306430.4331956,pure_pursuit,HOLD_AND_STOP,hold_and_stop,1,234,0.2812719103601164,0.30628223453383085,242,1.0,0.0,0.0,0.0,0.0,0.0,,,1000,1500,0.446598,1,241,0,fallback_hold_and_stop,right_only_from_pair_reject,1,1,4,43,0,-876.322278211696,630.1013407618843,166.55136405416877,472.1732970200251,too_inconsistent,,,,,,,-0.752983412910548,0.415839746475329,-0.7529834129105479,489,1,real,200,640,360,,34.09457206726074,,40.68398475646973,real,right,8,17,608,570,570,608,570,570,74463,0,26,142,179,55,55,left_outside_lane,43.30513925150724,0.0,0.0,13,4,0,8,0,0,0,right,1,0,17,right,0.3355,0.36450000000000005,6,60,19,6,8,1,0,1,255.5930735346782,1,0,1,321.41128852377,0,,right_only_from_pair_reject,251,,0.3355,0.36450000000000005,5,17,too_inconsistent,right,0,right,81
1774306430.5251942,pure_pursuit,HOLD_AND_STOP,hold_and_stop,1,234,0.2812719103601164,0.30628223453383085,242,1.0,0.0,0.0,0.0,0.0,0.0,,,1000,1500,0.3887189250000001,1,242,0,fallback_hold_and_stop,right_only_from_pair_reject,1,1,0,43,0,-876.322278211696,630.1013407618843,166.55136405416877,472.1732970200251,too_inconsistent,,,,,,,-0.752983412910548,0.415839746475329,-0.7529834129105479,490,1,real,200,640,360,,33.43033790588379,,39.45422172546387,real,right,0,16,586,522,522,586,522,522,74463,0,26,142,179,55,55,left_outside_lane,43.30513925150724,0.0,0.0,10,0,0,0,0,0,0,right,1,0,16,right,0.0,0.35220833333333335,6,60,19,6,8,0,0,1,0.0,1,0,1,301.8401187968487,0,,right_only_from_pair_reject,252,,0.0,0.35220833333333335,0,16,too_inconsistent,right,0,right,82
1774306430.6154327,pure_pursuit,HOLD_AND_STOP,hold_and_stop,1,234,0.2812719103601164,0.30628223453383085,242,1.0,0.0,0.0,0.0,0.0,0.0,,,1000,1500,0.38854155,1,243,0,fallback_hold_and_stop,right_only_from_pair_reject,1,1,0,43,0,-876.322278211696,630.1013407618843,166.55136405416877,472.1732970200251,too_inconsistent,,,,,,,-0.752983412910548,0.415839746475329,-0.7529834129105479,491,1,real,200,640,360,,21.700382232666016,,28.980493545532227,real,right,0,16,581,490,490,581,490,490,74463,0,26,142,179,55,55,left_outside_lane,43.30513925150724,0.0,0.0,10,0,0,0,0,0,0,right,1,0,16,right,0.0,0.34991666666666665,6,60,19,6,8,0,0,1,0.0,1,0,1,515.5217736285354,0,,right_only_from_pair_reject,253,,0.0,0.34991666666666665,0,16,too_inconsistent,right,0,right,83
1774306430.6958246,pure_pursuit,HOLD_AND_STOP,hold_and_stop,1,234,0.2812719103601164,0.30628223453383085,242,1.0,0.0,0.0,0.0,0.0,0.0,,,1000,1500,0.38854155,1,244,0,fallback_hold_and_stop,right_only_from_pair_reject,1,1,0,43,0,-876.322278211696,630.1013407618843,166.55136405416877,472.1732970200251,too_inconsistent,,,,,,,-0.752983412910548,0.415839746475329,-0.7529834129105479,492,1,real,200,640,360,,20.21169662475586,,27.448415756225586,real,right,0,16,554,478,478,554,478,478,74463,0,26,142,179,55,55,left_outside_lane,43.30513925150724,0.0,0.0,11,0,0,0,0,0,0,right,1,0,16,right,0.0,0.34991666666666665,6,60,19,6,8,0,0,1,0.0,1,0,1,508.4509382824288,0,,right_only_from_pair_reject,254,,0.0,0.34991666666666665,0,16,too_inconsistent,right,0,right,84
1774306430.773905,pure_pursuit,HOLD_AND_STOP,hold_and_stop,1,234,0.2812719103601164,0.30628223453383085,242,1.0,0.0,0.0,0.0,0.0,0.0,,,1000,1500,0.38663880000000006,1,245,0,fallback_hold_and_stop,right_only_from_pair_reject,1,1,0,43,0,-876.322278211696,630.1013407618843,166.55136405416877,472.1732970200251,too_inconsistent,,,,,,,-0.752983412910548,0.415839746475329,-0.7529834129105479,493,1,real,200,640,360,,34.087419509887695,,42.20724105834961,real,right,0,14,527,441,441,527,441,441,74463,0,26,142,179,55,55,left_outside_lane,43.30513925150724,0.0,0.0,9,0,0,0,0,0,0,right,1,0,14,right,0.0,0.32533333333333336,6,60,19,6,8,0,0,1,0.0,1,0,1,354.63306703154166,0,,right_only_from_pair_reject,255,,0.0,0.32533333333333336,0,14,too_inconsistent,right,0,right,85
1774306430.8672152,pure_pursuit,HOLD_AND_STOP,hold_and_stop,1,234,0.2812719103601164,0.30628223453383085,242,1.0,0.0,0.0,0.0,0.0,0.0,,,1000,1500,0.3875901750000001,1,246,0,fallback_hold_and_stop,right_only_from_pair_reject,1,1,0,43,0,-876.322278211696,630.1013407618843,166.55136405416877,472.1732970200251,too_inconsistent,,,,,,,-0.752983412910548,0.415839746475329,-0.7529834129105479,494,1,real,200,640,360,,33.00070762634277,,42.52457618713379,real,right,0,15,487,432,432,487,432,432,74463,0,26,142,179,55,55,left_outside_lane,43.30513925150724,0.0,0.0,9,0,0,0,0,0,0,right,1,0,15,right,0.0,0.337625,6,60,19,6,8,0,0,1,0.0,1,0,1,607.8216377409315,0,,right_only_from_pair_reject,256,,0.0,0.337625,0,15,too_inconsistent,right,0,right,86
1774306430.960631,pure_pursuit,HOLD_AND_STOP,hold_and_stop,1,234,0.2812719103601164,0.30628223453383085,242,1.0,0.0,0.0,0.0,0.0,0.0,,,1000,1500,0.3907990500000001,1,247,0,fallback_hold_and_stop,right_only_from_pair_reject,1,1,0,43,0,-876.322278211696,630.1013407618843,166.55136405416877,472.1732970200251,too_inconsistent,,,,,,,-0.752983412910548,0.415839746475329,-0.7529834129105479,495,1,real,200,640,360,,25.482177734375,,34.508705139160156,real,right,0,19,469,433,433,469,433,433,74463,0,26,142,179,55,55,left_outside_lane,43.30513925150724,0.0,0.0,10,0,0,0,0,0,0,right,1,0,19,right,0.0,0.3790833333333333,6,60,19,6,8,0,0,1,0.0,1,0,1,329.75677004823984,0,,right_only_from_pair_reject,257,,0.0,0.3790833333333333,0,19,too_inconsistent,right,0,right,87
1774306431.0465791,pure_pursuit,HOLD_AND_STOP,hold_and_stop,1,234,0.2812719103601164,0.30628223453383085,242,1.0,0.0,0.0,0.0,0.0,0.0,,,1000,1500,0.3855100500000001,1,248,0,fallback_hold_and_stop,right_only_from_pair_reject,1,1,0,43,0,-876.322278211696,630.1013407618843,166.55136405416877,472.1732970200251,too_inconsistent,,,,,,,-0.752983412910548,0.415839746475329,-0.7529834129105479,496,1,real,200,640,360,,23.98371696472168,,31.21471405029297,real,right,0,13,412,310,310,412,310,310,74463,0,26,142,179,55,55,left_outside_lane,43.30513925150724,0.0,0.0,8,0,0,0,0,0,0,right,1,0,13,right,0.0,0.31075,6,60,19,6,8,0,0,1,0.0,1,0,1,696.0515092337812,0,,right_only_from_pair_reject,258,,0.0,0.31075,0,13,too_inconsistent,right,0,right,88
1774306431.1289482,pure_pursuit,HOLD_AND_STOP,hold_and_stop,1,234,0.2812719103601164,0.30628223453383085,242,1.0,0.0,0.0,0.0,0.0,0.0,,,1000,1500,0.3894929250000001,1,249,0,fallback_hold_and_stop,right_only_from_pair_reject,1,1,0,43,0,-876.322278211696,630.1013407618843,166.55136405416877,472.1732970200251,too_inconsistent,,,,,,,-0.752983412910548,0.415839746475329,-0.7529834129105479,497,1,real,200,640,360,,34.31892395019531,,44.9213981628418,real,right,0,17,364,335,335,364,335,335,74463,0,26,142,179,55,55,left_outside_lane,43.30513925150724,0.0,0.0,8,0,0,0,0,0,0,right,1,0,17,right,0.0,0.36220833333333335,6,60,19,6,8,0,0,1,0.0,1,0,1,247.54459068856784,0,,right_only_from_pair_reject,259,,0.0,0.36220833333333335,0,17,too_inconsistent,right,0,right,89
1774306431.2249122,pure_pursuit,HOLD_AND_STOP,hold_and_stop,1,234,0.2812719103601164,0.30628223453383085,242,1.0,0.0,0.0,0.0,0.0,0.0,,,1000,1500,0.3894929250000001,1,250,0,fallback_hold_and_stop,right_only_from_pair_reject,1,1,0,43,0,-876.322278211696,630.1013407618843,166.55136405416877,472.1732970200251,too_inconsistent,,,,,,,-0.752983412910548,0.415839746475329,-0.7529834129105479,498,1,real,200,640,360,,31.06093406677246,,38.09332847595215,real,right,0,17,338,312,312,338,312,312,74463,0,26,142,179,55,55,left_outside_lane,43.30513925150724,0.0,0.0,8,0,0,0,0,0,0,right,1,0,17,right,0.0,0.36220833333333335,6,60,19,6,8,0,0,1,0.0,1,0,1,267.7768309667868,0,,right_only_from_pair_reject,260,,0.0,0.36220833333333335,0,17,too_inconsistent,right,0,right,90
1774306431.3141658,pure_pursuit,HOLD_AND_STOP,hold_and_stop,1,234,0.2812719103601164,0.30628223453383085,242,1.0,0.0,0.0,0.0,0.0,0.0,,,1000,1500,0.38663880000000006,1,251,0,fallback_hold_and_stop,right_only_from_pair_reject,1,1,0,43,0,-876.322278211696,630.1013407618843,166.55136405416877,472.1732970200251,too_inconsistent,,,,,,,-0.752983412910548,0.415839746475329,-0.7529834129105479,499,1,real,200,640,360,,19.57988739013672,,26.776790618896484,real,right,0,14,291,286,286,291,286,286,74463,0,26,142,179,55,55,left_outside_lane,43.30513925150724,0.0,0.0,8,0,0,0,0,0,0,right,1,0,14,right,0.0,0.32533333333333336,6,60,19,6,8,0,0,1,0.0,1,0,1,209.45804848554016,0,,right_only_from_pair_reject,261,,0.0,0.32533333333333336,0,14,too_inconsistent,right,0,right,91
1774306431.3923628,pure_pursuit,HOLD_AND_STOP,hold_and_stop,1,234,0.2812719103601164,0.30628223453383085,242,1.0,0.0,0.0,0.0,0.0,0.0,,,1000,1500,0.3864614250000001,1,252,0,fallback_hold_and_stop,right_only_from_pair_reject,1,1,0,42,0,-843.8234798449641,612.6960601446821,154.06664572141344,456.7340073117701,too_inconsistent,,,,,,,-0.752983412910548,0.415839746475329,-0.7529834129105479,500,1,real,200,640,360,,34.009456634521484,,40.55976867675781,real,right,0,14,277,272,272,277,272,272,74463,0,26,142,179,55,55,left_outside_lane,43.30513925150724,0.0,0.0,8,0,0,0,0,0,0,right,1,0,14,right,0.0,0.32304166666666667,6,60,20,6,8,0,0,1,0.0,1,1,0,70.63552416462419,0,,right_only_from_pair_reject,262,,0.0,0.32304166666666667,0,14,too_inconsistent,right,0,right,92
1774306431.4839675,pure_pursuit,HOLD_AND_STOP,hold_and_stop,1,234,0.2812719103601164,0.30628223453383085,242,1.0,0.0,0.0,0.0,0.0,0.0,,,1000,1500,0.3855100500000001,1,253,0,fallback_hold_and_stop,right_only_from_pair_reject,1,1,0,42,0,-843.8234798449641,612.6960601446821,154.06664572141344,456.7340073117701,too_inconsistent,,,,,,,-0.752983412910548,0.415839746475329,-0.7529834129105479,501,1,real,200,640,360,,20.98703384399414,,29.628276824951172,real,right,0,13,239,237,237,239,237,237,74463,0,26,142,179,55,55,left_outside_lane,43.30513925150724,0.0,0.0,6,0,0,0,0,0,0,right,1,0,13,right,0.0,0.31075,6,60,20,6,8,0,0,1,0.0,1,0,1,250.35520960820386,0,,right_only_from_pair_reject,263,,0.0,0.31075,0,13,too_inconsistent,right,0,right,93
1774306431.5650635,pure_pursuit,HOLD_AND_STOP,hold_and_stop,1,234,0.2812719103601164,0.30628223453383085,242,1.0,0.0,0.0,0.0,0.0,0.0,,,1000,1500,0.39325005,1,254,0,fallback_hold_and_stop,right_only_from_pair_reject,1,1,1,42,0,-843.8234798449641,612.6960601446821,154.06664572141344,456.7340073117701,too_inconsistent,,,,,,,-0.752983412910548,0.415839746475329,-0.7529834129105479,502,1,real,200,640,360,,31.033992767333984,,42.01364517211914,real,right,0,15,231,227,227,231,227,227,74463,0,26,142,179,55,55,left_outside_lane,43.30513925150724,0.0,0.0,7,0,1,0,2,0,0,right,1,0,13,right,0.0,0.31075,6,60,20,6,8,0,0,1,0.0,1,0,1,205.81341088907314,0,,right_only_from_pair_reject,264,,0.0,0.31075,0,13,too_inconsistent,right,0,right,94
1774306431.6585948,pure_pursuit,HOLD_AND_STOP,hold_and_stop,1,234,0.2812719103601164,0.30628223453383085,242,1.0,0.0,0.0,0.0,0.0,0.0,,,1000,1500,0.3836073000000001,1,255,0,fallback_hold_and_stop,right_only_from_pair_reject,1,1,0,42,0,-843.8234798449641,612.6960601446821,154.06664572141344,456.7340073117701,too_inconsistent,,,,,,,-0.752983412910548,0.415839746475329,-0.7529834129105479,503,1,real,200,640,360,,16.99995994567871,,25.614023208618164,real,right,0,11,175,172,172,175,172,172,74463,0,26,142,179,55,55,left_outside_lane,43.30513925150724,0.0,0.0,4,0,0,0,0,0,0,right,1,0,11,right,0.0,0.2861666666666667,6,60,20,6,8,0,0,1,0.0,1,0,1,383.16026469990646,0,,right_only_from_pair_reject,265,,0.0,0.2861666666666667,0,11,too_inconsistent,right,0,right,95
1774306431.7346334,pure_pursuit,HOLD_AND_STOP,hold_and_stop,1,234,0.2812719103601164,0.30628223453383085,242,1.0,0.0,0.0,0.0,0.0,0.0,,,1000,1500,0.3836073000000001,1,256,0,fallback_hold_and_stop,right_only_from_pair_reject,1,1,0,43,0,-783.4346415265788,601.4255564587887,158.94065333415287,434.11105308635643,too_inconsistent,,,,,,,-0.752983412910548,0.415839746475329,-0.7529834129105479,504,1,real,200,640,360,,19.999265670776367,,28.512239456176758,real,right,0,11,177,175,175,177,175,175,74463,0,26,142,179,55,55,left_outside_lane,43.30513925150724,0.0,0.0,6,0,0,0,0,0,0,right,1,0,11,right,0.0,0.2861666666666667,6,60,20,6,9,0,0,1,0.0,1,1,0,65.62375415415275,0,,right_only_from_pair_reject,266,,0.0,0.2861666666666667,0,11,too_inconsistent,right,0,right,96
1774306431.8148162,pure_pursuit,HOLD_AND_STOP,hold_and_stop,1,234,0.2812719103601164,0.30628223453383085,242,1.0,0.0,0.0,0.0,0.0,0.0,,,1000,1500,0.3824785500000001,1,257,0,fallback_hold_and_stop,right_only_from_pair_reject,1,1,0,43,0,-783.4346415265788,601.4255564587887,158.94065333415287,434.11105308635643,too_inconsistent,,,,,,,-0.752983412910548,0.415839746475329,-0.7529834129105479,505,1,real,200,640,360,,17.07148551940918,,24.056434631347656,real,right,0,10,165,160,160,165,160,160,74463,0,26,142,179,55,55,left_outside_lane,43.30513925150724,0.0,0.0,6,0,0,0,0,0,0,right,1,0,10,right,0.0,0.27158333333333334,6,60,20,6,9,0,0,1,0.0,1,0,1,136.4034332672685,0,,right_only_from_pair_reject,267,,0.0,0.27158333333333334,0,10,too_inconsistent,right,0,right,97
1774306431.8898559,pure_pursuit,HOLD_AND_STOP,hold_and_stop,1,234,0.2812719103601164,0.30628223453383085,242,1.0,0.0,0.0,0.0,0.0,0.0,,,1000,1500,0.3805758000000001,1,258,0,fallback_hold_and_stop,right_only_from_pair_reject,1,1,0,43,0,-783.4346415265788,601.4255564587887,158.94065333415287,434.11105308635643,too_inconsistent,,,,,,,-0.752983412910548,0.415839746475329,-0.7529834129105479,506,1,real,200,640,360,,19.092798233032227,,26.015520095825195,real,right,0,8,124,124,124,124,124,124,74463,0,26,142,179,55,55,left_outside_lane,43.30513925150724,0.0,0.0,6,0,0,0,0,0,0,right,1,0,8,right,0.0,0.247,6,60,20,6,9,0,0,1,0.0,1,0,1,493.3762468364619,0,,right_only_from_pair_reject,268,,0.0,0.247,0,8,too_inconsistent,right,0,right,98
1774306431.9668,pure_pursuit,HOLD_AND_STOP,hold_and_stop,1,234,0.2812719103601164,0.30628223453383085,242,1.0,0.0,0.0,0.0,0.0,0.0,,,1000,1500,0.37962442500000004,1,259,0,fallback_hold_and_stop,right_only_from_pair_reject,1,1,0,43,0,-783.4346415265788,601.4255564587887,158.94065333415287,434.11105308635643,too_inconsistent,,,,,,,-0.752983412910548,0.415839746475329,-0.7529834129105479,507,1,real,200,640,360,,19.995689392089844,,27.68683433532715,real,right,0,7,111,109,109,111,109,109,74463,0,26,142,179,55,55,left_outside_lane,43.30513925150724,0.0,0.0,5,0,0,0,0,0,0,right,1,0,7,right,0.0,0.23470833333333335,6,60,20,6,9,0,0,1,0.0,1,0,1,612.9579916784529,0,,right_only_from_pair_reject,269,,0.0,0.23470833333333335,0,7,too_inconsistent,right,0,right,99
1774306432.045221,pure_pursuit,HOLD_AND_STOP,hold_and_stop,1,234,0.2812719103601164,0.30628223453383085,242,1.0,0.0,0.0,0.0,0.0,0.0,,,1000,1500,0.36145800000000006,1,260,0,fallback_hold_and_stop,right_only_from_pair_reject,1,1,0,43,0,-783.4346415265788,601.4255564587887,158.94065333415287,434.11105308635643,too_inconsistent,,,,,,,-0.752983412910548,0.415839746475329,-0.7529834129105479,508,1,real,200,640,360,,20.004749298095703,,26.64971351623535,real,right,0,0,64,0,0,64,0,0,74463,0,26,142,179,55,55,left_outside_lane,43.30513925150724,0.0,0.0,0,0,0,0,0,0,0,right,1,0,0,right,0.0,0.0,6,60,20,6,9,0,0,1,0.0,0,0,1,0.0,0,,right_only_from_pair_reject,270,,0.0,0.0,0,0,too_inconsistent,left,0,right,100
1774306432.1230195,pure_pursuit,HOLD_AND_STOP,hold_and_stop,1,234,0.2812719103601164,0.30628223453383085,242,1.0,0.0,0.0,0.0,0.0,0.0,,,1000,1500,0.36145800000000006,1,261,0,fallback_hold_and_stop,right_only_from_pair_reject,1,1,0,43,0,-783.4346415265788,601.4255564587887,158.94065333415287,434.11105308635643,too_inconsistent,,,,,,,-0.752983412910548,0.415839746475329,-0.7529834129105479,509,1,real,200,640,360,,20.091533660888672,,26.26943588256836,real,right,0,0,25,0,0,25,0,0,74463,0,26,142,179,55,55,left_outside_lane,43.30513925150724,0.0,0.0,0,0,0,0,0,0,0,right,1,0,0,right,0.0,0.0,6,60,20,6,9,0,0,1,0.0,0,0,1,0.0,0,,right_only_from_pair_reject,271,,0.0,0.0,0,0,too_inconsistent,left,0,right,101
1774306432.2007208,pure_pursuit,HOLD_AND_STOP,hold_and_stop,1,234,0.2812719103601164,0.30628223453383085,242,1.0,0.0,0.0,0.0,0.0,0.0,,,1000,1500,0.36145800000000006,1,262,0,fallback_hold_and_stop,right_only_from_pair_reject,1,1,0,43,0,-783.4346415265788,601.4255564587887,158.94065333415287,434.11105308635643,too_inconsistent,,,,,,,-0.752983412910548,0.415839746475329,-0.7529834129105479,510,1,real,200,640,360,,20.10798454284668,,26.566028594970703,real,right,0,0,0,0,0,0,0,0,74463,0,26,142,179,55,55,left_outside_lane,43.30513925150724,0.0,0.0,0,0,0,0,0,0,0,right,1,0,0,right,0.0,0.0,6,60,20,6,9,0,0,1,0.0,0,0,1,0.0,0,,right_only_from_pair_reject,272,,0.0,0.0,0,0,too_inconsistent,left,0,right,102
1774306432.2787955,pure_pursuit,HOLD_AND_STOP,hold_and_stop,1,234,0.2812719103601164,0.30628223453383085,242,1.0,0.0,0.0,0.0,0.0,0.0,,,1000,1500,0.36145800000000006,1,263,0,fallback_hold_and_stop,right_only_from_pair_reject,1,1,0,43,0,-783.4346415265788,601.4255564587887,158.94065333415287,434.11105308635643,too_inconsistent,,,,,,,-0.752983412910548,0.415839746475329,-0.7529834129105479,511,1,real,200,640,360,,19.334077835083008,,24.33919906616211,real,right,0,0,0,0,0,0,0,0,74463,0,26,142,179,55,55,left_outside_lane,43.30513925150724,0.0,0.0,0,0,0,0,0,0,0,right,1,0,0,right,0.0,0.0,6,60,20,6,9,0,0,1,0.0,0,0,1,0.0,0,,right_only_from_pair_reject,273,,0.0,0.0,0,0,too_inconsistent,left,0,right,103
1774306432.353832,pure_pursuit,HOLD_AND_STOP,hold_and_stop,1,234,0.2812719103601164,0.30628223453383085,242,1.0,0.0,0.0,0.0,0.0,0.0,,,1000,1500,0.36145800000000006,1,264,0,fallback_hold_and_stop,right_only_from_pair_reject,1,1,0,43,0,-783.4346415265788,601.4255564587887,158.94065333415287,434.11105308635643,too_inconsistent,,,,,,,-0.752983412910548,0.415839746475329,-0.7529834129105479,512,1,real,200,640,360,,20.921945571899414,,28.08213233947754,real,right,0,0,0,0,0,0,0,0,74463,0,26,142,179,55,55,left_outside_lane,43.30513925150724,0.0,0.0,0,0,0,0,0,0,0,right,1,0,0,right,0.0,0.0,6,60,20,6,9,0,0,1,0.0,0,0,1,0.0,0,,right_only_from_pair_reject,274,,0.0,0.0,0,0,too_inconsistent,left,0,right,104
1774306432.4333692,pure_pursuit,HOLD_AND_STOP,hold_and_stop,1,234,0.2812719103601164,0.30628223453383085,242,1.0,0.0,0.0,0.0,0.0,0.0,,,1000,1500,0.36145800000000006,1,265,0,fallback_hold_and_stop,right_only_from_pair_reject,1,1,0,43,0,-783.4346415265788,601.4255564587887,158.94065333415287,434.11105308635643,too_inconsistent,,,,,,,-0.752983412910548,0.415839746475329,-0.7529834129105479,513,1,real,200,640,360,,18.01586151123047,,25.011062622070312,real,right,0,0,0,0,0,0,0,0,74463,0,26,142,179,55,55,left_outside_lane,43.30513925150724,0.0,0.0,0,0,0,0,0,0,0,right,1,0,0,right,0.0,0.0,6,60,20,6,9,0,0,1,0.0,0,0,1,0.0,0,,right_only_from_pair_reject,275,,0.0,0.0,0,0,too_inconsistent,left,0,right,105
1774306432.510073,pure_pursuit,HOLD_AND_STOP,hold_and_stop,1,234,0.2812719103601164,0.30628223453383085,242,1.0,0.0,0.0,0.0,0.0,0.0,,,1000,1500,0.36145800000000006,1,266,0,fallback_hold_and_stop,right_only_from_pair_reject,1,1,0,43,0,-783.4346415265788,601.4255564587887,158.94065333415287,434.11105308635643,too_inconsistent,,,,,,,-0.752983412910548,0.415839746475329,-0.7529834129105479,514,1,real,200,640,360,,19.68216896057129,,33.678293228149414,real,right,0,0,0,0,0,0,0,0,74463,0,26,142,179,55,55,left_outside_lane,43.30513925150724,0.0,0.0,0,0,0,0,0,0,0,right,1,0,0,right,0.0,0.0,6,60,20,6,9,0,0,1,0.0,0,0,1,0.0,0,,right_only_from_pair_reject,276,,0.0,0.0,0,0,too_inconsistent,left,0,right,106
1774306432.594943,pure_pursuit,HOLD_AND_STOP,hold_and_stop,1,234,0.2812719103601164,0.30628223453383085,242,1.0,0.0,0.0,0.0,0.0,0.0,,,1000,1500,0.36145800000000006,1,267,0,fallback_hold_and_stop,right_only_from_pair_reject,1,1,0,43,0,-783.4346415265788,601.4255564587887,158.94065333415287,434.11105308635643,too_inconsistent,,,,,,,-0.752983412910548,0.415839746475329,-0.7529834129105479,515,1,real,200,640,360,,26.06344223022461,,32.26423263549805,real,right,0,0,0,0,0,0,0,0,74463,0,26,142,179,55,55,left_outside_lane,43.30513925150724,0.0,0.0,0,0,0,0,0,0,0,right,1,0,0,right,0.0,0.0,6,60,20,6,9,0,0,1,0.0,0,0,1,0.0,0,,right_only_from_pair_reject,277,,0.0,0.0,0,0,too_inconsistent,left,0,right,107
1774306432.678356,pure_pursuit,HOLD_AND_STOP,hold_and_stop,1,234,0.2812719103601164,0.30628223453383085,242,1.0,0.0,0.0,0.0,0.0,0.0,,,1000,1500,0.36145800000000006,1,268,0,fallback_hold_and_stop,right_only_from_pair_reject,1,1,0,43,0,-783.4346415265788,601.4255564587887,158.94065333415287,434.11105308635643,too_inconsistent,,,,,,,-0.752983412910548,0.415839746475329,-0.7529834129105479,516,1,real,200,640,360,,34.66367721557617,,44.67415809631348,real,right,0,0,0,0,0,0,0,0,74463,0,26,142,179,55,55,left_outside_lane,43.30513925150724,0.0,0.0,0,0,0,0,0,0,0,right,1,0,0,right,0.0,0.0,6,60,20,6,9,0,0,1,0.0,0,0,1,0.0,0,,right_only_from_pair_reject,278,,0.0,0.0,0,0,too_inconsistent,left,0,right,108
1774306432.7736855,pure_pursuit,HOLD_AND_STOP,hold_and_stop,1,234,0.2812719103601164,0.30628223453383085,242,1.0,0.0,0.0,0.0,0.0,0.0,,,1000,1500,0.36145800000000006,1,269,0,fallback_hold_and_stop,right_only_from_pair_reject,1,1,0,43,0,-783.4346415265788,601.4255564587887,158.94065333415287,434.11105308635643,too_inconsistent,,,,,,,-0.752983412910548,0.415839746475329,-0.7529834129105479,517,1,real,200,640,360,,18.01323890686035,,24.442672729492188,real,right,0,0,0,0,0,0,0,0,74463,0,26,142,179,55,55,left_outside_lane,43.30513925150724,0.0,0.0,0,0,0,0,0,0,0,right,1,0,0,right,0.0,0.0,6,60,20,6,9,0,0,1,0.0,0,0,1,0.0,0,,right_only_from_pair_reject,279,,0.0,0.0,0,0,too_inconsistent,left,0,right,109
1774306432.8494203,pure_pursuit,HOLD_AND_STOP,hold_and_stop,1,234,0.2812719103601164,0.30628223453383085,242,1.0,0.0,0.0,0.0,0.0,0.0,,,1000,1500,0.36145800000000006,1,270,0,fallback_hold_and_stop,right_only_from_pair_reject,1,1,0,43,0,-783.4346415265788,601.4255564587887,158.94065333415287,434.11105308635643,too_inconsistent,,,,,,,-0.752983412910548,0.415839746475329,-0.7529834129105479,518,1,real,200,640,360,,20.087480545043945,,31.21805191040039,real,right,0,0,0,0,0,0,0,0,74463,0,26,142,179,55,55,left_outside_lane,43.30513925150724,0.0,0.0,0,0,0,0,0,0,0,right,1,0,0,right,0.0,0.0,6,60,20,6,9,0,0,1,0.0,0,0,1,0.0,0,,right_only_from_pair_reject,280,,0.0,0.0,0,0,too_inconsistent,left,0,right,110
1774306432.9315114,pure_pursuit,HOLD_AND_STOP,hold_and_stop,1,234,0.2812719103601164,0.30628223453383085,242,1.0,0.0,0.0,0.0,0.0,0.0,,,1000,1500,0.36145800000000006,1,271,0,fallback_hold_and_stop,right_only_from_pair_reject,1,1,0,43,0,-783.4346415265788,601.4255564587887,158.94065333415287,434.11105308635643,too_inconsistent,,,,,,,-0.752983412910548,0.415839746475329,-0.7529834129105479,519,1,real,200,640,360,,28.672218322753906,,36.69238090515137,real,right,0,0,0,0,0,0,0,0,74463,0,26,142,179,55,55,left_outside_lane,43.30513925150724,0.0,0.0,0,0,0,0,0,0,0,right,1,0,0,right,0.0,0.0,6,60,20,6,9,0,0,1,0.0,0,0,1,0.0,0,,right_only_from_pair_reject,281,,0.0,0.0,0,0,too_inconsistent,left,0,right,111
1774306433.0189395,pure_pursuit,HOLD_AND_STOP,hold_and_stop,1,234,0.2812719103601164,0.30628223453383085,242,1.0,0.0,0.0,0.0,0.0,0.0,,,1000,1500,0.36145800000000006,1,272,0,fallback_hold_and_stop,right_only_from_pair_reject,1,1,0,43,0,-783.4346415265788,601.4255564587887,158.94065333415287,434.11105308635643,too_inconsistent,,,,,,,-0.752983412910548,0.415839746475329,-0.7529834129105479,520,1,real,200,640,360,,33.524274826049805,,41.683197021484375,real,right,0,0,0,0,0,0,0,0,74463,0,26,142,179,55,55,left_outside_lane,43.30513925150724,0.0,0.0,0,0,0,0,0,0,0,right,1,0,0,right,0.0,0.0,6,60,20,6,9,0,0,1,0.0,0,0,1,0.0,0,,right_only_from_pair_reject,282,,0.0,0.0,0,0,too_inconsistent,left,0,right,112
1774306433.1124103,pure_pursuit,HOLD_AND_STOP,hold_and_stop,1,234,0.2812719103601164,0.30628223453383085,242,1.0,0.0,0.0,0.0,0.0,0.0,,,1000,1500,0.36145800000000006,1,273,0,fallback_hold_and_stop,right_only_from_pair_reject,1,1,0,43,0,-783.4346415265788,601.4255564587887,158.94065333415287,434.11105308635643,too_inconsistent,,,,,,,-0.752983412910548,0.415839746475329,-0.7529834129105479,521,1,real,200,640,360,,36.42868995666504,,42.5257682800293,real,right,0,0,0,0,0,0,0,0,74463,0,26,142,179,55,55,left_outside_lane,43.30513925150724,0.0,0.0,0,0,0,0,0,0,0,right,1,0,0,right,0.0,0.0,6,60,20,6,9,0,0,1,0.0,0,0,1,0.0,0,,right_only_from_pair_reject,283,,0.0,0.0,0,0,too_inconsistent,left,0,right,113
1774306433.2063334,pure_pursuit,HOLD_AND_STOP,hold_and_stop,1,234,0.2812719103601164,0.30628223453383085,242,1.0,0.0,0.0,0.0,0.0,0.0,,,1000,1500,0.36145800000000006,1,274,0,fallback_hold_and_stop,right_only_from_pair_reject,1,1,0,43,0,-783.4346415265788,601.4255564587887,158.94065333415287,434.11105308635643,too_inconsistent,,,,,,,-0.752983412910548,0.415839746475329,-0.7529834129105479,522,1,real,200,640,360,,17.270803451538086,,24.23691749572754,real,right,0,0,0,0,0,0,0,0,74463,0,26,142,179,55,55,left_outside_lane,43.30513925150724,0.0,0.0,0,0,0,0,0,0,0,right,1,0,0,right,0.0,0.0,6,60,20,6,9,0,0,1,0.0,0,0,1,0.0,0,,right_only_from_pair_reject,284,,0.0,0.0,0,0,too_inconsistent,left,0,right,114
1774306433.2824163,pure_pursuit,HOLD_AND_STOP,hold_and_stop,1,234,0.2812719103601164,0.30628223453383085,242,1.0,0.0,0.0,0.0,0.0,0.0,,,1000,1500,0.36145800000000006,1,275,0,fallback_hold_and_stop,right_only_from_pair_reject,1,1,0,43,0,-783.4346415265788,601.4255564587887,158.94065333415287,434.11105308635643,too_inconsistent,,,,,,,-0.752983412910548,0.415839746475329,-0.7529834129105479,523,1,real,200,640,360,,33.00356864929199,,40.01331329345703,real,right,0,0,0,0,0,0,0,0,74463,0,26,142,179,55,55,left_outside_lane,43.30513925150724,0.0,0.0,0,0,0,0,0,0,0,right,1,0,0,right,0.0,0.0,6,60,20,6,9,0,0,1,0.0,0,0,1,0.0,0,,right_only_from_pair_reject,285,,0.0,0.0,0,0,too_inconsistent,left,0,right,115
1774306433.3737543,pure_pursuit,HOLD_AND_STOP,hold_and_stop,1,234,0.2812719103601164,0.30628223453383085,242,1.0,0.0,0.0,0.0,0.0,0.0,,,1000,1500,0.36145800000000006,1,276,0,fallback_hold_and_stop,right_only_from_pair_reject,1,1,0,43,0,-783.4346415265788,601.4255564587887,158.94065333415287,434.11105308635643,too_inconsistent,,,,,,,-0.752983412910548,0.415839746475329,-0.7529834129105479,524,1,real,200,640,360,,18.9821720123291,,26.6726016998291,real,right,0,0,7,0,0,7,0,0,74463,0,26,142,179,55,55,left_outside_lane,43.30513925150724,0.0,0.0,0,0,0,0,0,0,0,right,1,0,0,right,0.0,0.0,6,60,20,6,9,0,0,1,0.0,0,0,1,0.0,0,,right_only_from_pair_reject,286,,0.0,0.0,0,0,too_inconsistent,left,0,right,116
1774306433.4519618,pure_pursuit,HOLD_AND_STOP,hold_and_stop,1,234,0.2812719103601164,0.30628223453383085,242,1.0,0.0,0.0,0.0,0.0,0.0,,,1000,1500,0.36145800000000006,1,277,0,fallback_hold_and_stop,right_only_from_pair_reject,1,1,0,43,0,-783.4346415265788,601.4255564587887,158.94065333415287,434.11105308635643,too_inconsistent,,,,,,,-0.752983412910548,0.415839746475329,-0.7529834129105479,525,1,real,200,640,360,,33.07819366455078,,41.60761833190918,real,right,0,0,0,0,0,0,0,0,74463,0,26,142,179,55,55,left_outside_lane,43.30513925150724,0.0,0.0,0,0,0,0,0,0,0,right,1,0,0,right,0.0,0.0,6,60,20,6,9,0,0,1,0.0,0,0,1,0.0,0,,right_only_from_pair_reject,287,,0.0,0.0,0,0,too_inconsistent,left,0,right,117
1774306433.5440834,pure_pursuit,HOLD_AND_STOP,hold_and_stop,1,234,0.2812719103601164,0.30628223453383085,242,1.0,0.0,0.0,0.0,0.0,0.0,,,1000,1500,0.36145800000000006,1,278,0,fallback_hold_and_stop,right_only_from_pair_reject,1,1,0,43,0,-783.4346415265788,601.4255564587887,158.94065333415287,434.11105308635643,too_inconsistent,,,,,,,-0.752983412910548,0.415839746475329,-0.7529834129105479,526,1,real,200,640,360,,18.999576568603516,,26.51047706604004,real,right,0,0,11,0,0,11,0,0,74463,0,26,142,179,55,55,left_outside_lane,43.30513925150724,0.0,0.0,0,0,0,0,0,0,0,right,1,0,0,right,0.0,0.0,6,60,20,6,9,0,0,1,0.0,0,0,1,0.0,0,,right_only_from_pair_reject,288,,0.0,0.0,0,0,too_inconsistent,left,0,right,118
1774306433.6215987,pure_pursuit,HOLD_AND_STOP,hold_and_stop,1,234,0.2812719103601164,0.30628223453383085,242,1.0,0.0,0.0,0.0,0.0,0.0,,,1000,1500,0.36145800000000006,1,279,0,fallback_hold_and_stop,right_only_from_pair_reject,1,1,0,43,0,-783.4346415265788,601.4255564587887,158.94065333415287,434.11105308635643,too_inconsistent,,,,,,,-0.752983412910548,0.415839746475329,-0.7529834129105479,527,1,real,200,640,360,,19.61970329284668,,26.106834411621094,real,right,0,0,0,0,0,0,0,0,74463,0,26,142,179,55,55,left_outside_lane,43.30513925150724,0.0,0.0,0,0,0,0,0,0,0,right,1,0,0,right,0.0,0.0,6,60,20,6,9,0,0,1,0.0,0,0,1,0.0,0,,right_only_from_pair_reject,289,,0.0,0.0,0,0,too_inconsistent,left,0,right,119
1774306433.698873,pure_pursuit,HOLD_AND_STOP,hold_and_stop,1,234,0.2812719103601164,0.30628223453383085,242,1.0,0.0,0.0,0.0,0.0,0.0,,,1000,1500,0.36145800000000006,1,280,0,fallback_hold_and_stop,right_only_from_pair_reject,1,1,0,43,0,-783.4346415265788,601.4255564587887,158.94065333415287,434.11105308635643,too_inconsistent,,,,,,,-0.752983412910548,0.415839746475329,-0.7529834129105479,528,1,real,200,640,360,,17.99774169921875,,24.530649185180664,real,right,0,0,0,0,0,0,0,0,74463,0,26,142,179,55,55,left_outside_lane,43.30513925150724,0.0,0.0,0,0,0,0,0,0,0,right,1,0,0,right,0.0,0.0,6,60,20,6,9,0,0,1,0.0,0,0,1,0.0,0,,right_only_from_pair_reject,290,,0.0,0.0,0,0,too_inconsistent,left,0,right,120
1774306433.7746525,pure_pursuit,HOLD_AND_STOP,hold_and_stop,1,234,0.2812719103601164,0.30628223453383085,242,1.0,0.0,0.0,0.0,0.0,0.0,,,1000,1500,0.36145800000000006,1,281,0,fallback_hold_and_stop,right_only_from_pair_reject,1,1,0,43,0,-783.4346415265788,601.4255564587887,158.94065333415287,434.11105308635643,too_inconsistent,,,,,,,-0.752983412910548,0.415839746475329,-0.7529834129105479,529,1,real,200,640,360,,22.13764190673828,,28.142929077148438,real,right,0,0,0,0,0,0,0,0,74463,0,26,142,179,55,55,left_outside_lane,43.30513925150724,0.0,0.0,0,0,0,0,0,0,0,right,1,0,0,right,0.0,0.0,6,60,20,6,9,0,0,1,0.0,0,0,1,0.0,0,,right_only_from_pair_reject,291,,0.0,0.0,0,0,too_inconsistent,left,0,right,121
1774306433.8536704,pure_pursuit,HOLD_AND_STOP,hold_and_stop,1,234,0.2812719103601164,0.30628223453383085,242,1.0,0.0,0.0,0.0,0.0,0.0,,,1000,1500,0.36145800000000006,1,282,0,fallback_hold_and_stop,right_only_from_pair_reject,1,1,0,43,0,-783.4346415265788,601.4255564587887,158.94065333415287,434.11105308635643,too_inconsistent,,,,,,,-0.752983412910548,0.415839746475329,-0.7529834129105479,530,1,real,200,640,360,,21.001338958740234,,27.69184112548828,real,right,0,0,0,0,0,0,0,0,74463,0,26,142,179,55,55,left_outside_lane,43.30513925150724,0.0,0.0,0,0,0,0,0,0,0,right,1,0,0,right,0.0,0.0,6,60,20,6,9,0,0,1,0.0,0,0,1,0.0,0,,right_only_from_pair_reject,292,,0.0,0.0,0,0,too_inconsistent,left,0,right,122
1774306433.9320161,pure_pursuit,HOLD_AND_STOP,hold_and_stop,1,234,0.2812719103601164,0.30628223453383085,242,1.0,0.0,0.0,0.0,0.0,0.0,,,1000,1500,0.36145800000000006,1,283,0,fallback_hold_and_stop,right_only_from_pair_reject,1,1,0,43,0,-783.4346415265788,601.4255564587887,158.94065333415287,434.11105308635643,too_inconsistent,,,,,,,-0.752983412910548,0.415839746475329,-0.7529834129105479,531,1,real,200,640,360,,25.50673484802246,,35.12978553771973,real,right,0,0,0,0,0,0,0,0,74463,0,26,142,179,55,55,left_outside_lane,43.30513925150724,0.0,0.0,0,0,0,0,0,0,0,right,1,0,0,right,0.0,0.0,6,60,20,6,9,0,0,1,0.0,0,0,1,0.0,0,,right_only_from_pair_reject,293,,0.0,0.0,0,0,too_inconsistent,left,0,right,123
1774306434.0178764,pure_pursuit,HOLD_AND_STOP,hold_and_stop,1,234,0.2812719103601164,0.30628223453383085,242,1.0,0.0,0.0,0.0,0.0,0.0,,,1000,1500,0.36145800000000006,1,284,0,fallback_hold_and_stop,right_only_from_pair_reject,1,1,0,43,0,-783.4346415265788,601.4255564587887,158.94065333415287,434.11105308635643,too_inconsistent,,,,,,,-0.752983412910548,0.415839746475329,-0.7529834129105479,532,1,real,200,640,360,,27.509212493896484,,35.762786865234375,real,right,0,0,0,0,0,0,0,0,74463,0,26,142,179,55,55,left_outside_lane,43.30513925150724,0.0,0.0,0,0,0,0,0,0,0,right,1,0,0,right,0.0,0.0,6,60,20,6,9,0,0,1,0.0,0,0,1,0.0,0,,right_only_from_pair_reject,294,,0.0,0.0,0,0,too_inconsistent,left,0,right,124
1774306434.1046517,pure_pursuit,HOLD_AND_STOP,hold_and_stop,1,234,0.2812719103601164,0.30628223453383085,242,1.0,0.0,0.0,0.0,0.0,0.0,,,1000,1500,0.36145800000000006,1,285,0,fallback_hold_and_stop,right_only_from_pair_reject,1,1,0,43,0,-783.4346415265788,601.4255564587887,158.94065333415287,434.11105308635643,too_inconsistent,,,,,,,-0.752983412910548,0.415839746475329,-0.7529834129105479,533,1,real,200,640,360,,19.015789031982422,,25.043249130249023,real,right,0,0,0,0,0,0,0,0,74463,0,26,142,179,55,55,left_outside_lane,43.30513925150724,0.0,0.0,0,0,0,0,0,0,0,right,1,0,0,right,0.0,0.0,6,60,20,6,9,0,0,1,0.0,0,0,1,0.0,0,,right_only_from_pair_reject,295,,0.0,0.0,0,0,too_inconsistent,left,0,right,125
1774306434.1807973,pure_pursuit,HOLD_AND_STOP,hold_and_stop,1,234,0.2812719103601164,0.30628223453383085,242,1.0,0.0,0.0,0.0,0.0,0.0,,,1000,1500,0.36145800000000006,1,286,0,fallback_hold_and_stop,right_only_from_pair_reject,1,1,0,43,0,-783.4346415265788,601.4255564587887,158.94065333415287,434.11105308635643,too_inconsistent,,,,,,,-0.752983412910548,0.415839746475329,-0.7529834129105479,534,1,real,200,640,360,,20.994186401367188,,28.514862060546875,real,right,0,0,0,0,0,0,0,0,74463,0,26,142,179,55,55,left_outside_lane,43.30513925150724,0.0,0.0,0,0,0,0,0,0,0,right,1,0,0,right,0.0,0.0,6,60,20,6,9,0,0,1,0.0,0,0,1,0.0,0,,right_only_from_pair_reject,296,,0.0,0.0,0,0,too_inconsistent,left,0,right,126
1774306434.2598324,pure_pursuit,HOLD_AND_STOP,hold_and_stop,1,234,0.2812719103601164,0.30628223453383085,242,1.0,0.0,0.0,0.0,0.0,0.0,,,1000,1500,0.36145800000000006,1,287,0,fallback_hold_and_stop,right_only_from_pair_reject,1,1,0,43,0,-783.4346415265788,601.4255564587887,158.94065333415287,434.11105308635643,too_inconsistent,,,,,,,-0.752983412910548,0.415839746475329,-0.7529834129105479,535,1,real,200,640,360,,21.997690200805664,,29.744386672973633,real,right,0,0,0,0,0,0,0,0,74463,0,26,142,179,55,55,left_outside_lane,43.30513925150724,0.0,0.0,0,0,0,0,0,0,0,right,1,0,0,right,0.0,0.0,6,60,20,6,9,0,0,1,0.0,0,0,1,0.0,0,,right_only_from_pair_reject,297,,0.0,0.0,0,0,too_inconsistent,left,0,right,127
1774306434.3401732,pure_pursuit,HOLD_AND_STOP,hold_and_stop,1,234,0.2812719103601164,0.30628223453383085,242,1.0,0.0,0.0,0.0,0.0,0.0,,,1000,1500,0.36145800000000006,1,288,0,fallback_hold_and_stop,right_only_from_pair_reject,1,1,0,43,0,-783.4346415265788,601.4255564587887,158.94065333415287,434.11105308635643,too_inconsistent,,,,,,,-0.752983412910548,0.415839746475329,-0.7529834129105479,536,1,real,200,640,360,,20.00141143798828,,26.514053344726562,real,right,0,0,0,0,0,0,0,0,74463,0,26,142,179,55,55,left_outside_lane,43.30513925150724,0.0,0.0,0,0,0,0,0,0,0,right,1,0,0,right,0.0,0.0,6,60,20,6,9,0,0,1,0.0,0,0,1,0.0,0,,right_only_from_pair_reject,298,,0.0,0.0,0,0,too_inconsistent,left,0,right,128
1774306434.4177473,pure_pursuit,HOLD_AND_STOP,hold_and_stop,1,234,0.2812719103601164,0.30628223453383085,242,1.0,0.0,0.0,0.0,0.0,0.0,,,1000,1500,0.36145800000000006,1,289,0,fallback_hold_and_stop,right_only_from_pair_reject,1,1,0,43,0,-783.4346415265788,601.4255564587887,158.94065333415287,434.11105308635643,too_inconsistent,,,,,,,-0.752983412910548,0.415839746475329,-0.7529834129105479,537,1,real,200,640,360,,22.511720657348633,,34.1184139251709,real,right,0,0,0,0,0,0,0,0,74463,0,26,142,179,55,55,left_outside_lane,43.30513925150724,0.0,0.0,0,0,0,0,0,0,0,right,1,0,0,right,0.0,0.0,6,60,20,6,9,0,0,1,0.0,0,0,1,0.0,0,,right_only_from_pair_reject,299,,0.0,0.0,0,0,too_inconsistent,left,0,right,129
1774306434.50278,pure_pursuit,HOLD_AND_STOP,hold_and_stop,1,234,0.2812719103601164,0.30628223453383085,242,1.0,0.0,0.0,0.0,0.0,0.0,,,1000,1500,0.36145800000000006,1,290,0,fallback_hold_and_stop,right_only_from_pair_reject,1,1,0,43,0,-783.4346415265788,601.4255564587887,158.94065333415287,434.11105308635643,too_inconsistent,,,,,,,-0.752983412910548,0.415839746475329,-0.7529834129105479,538,1,real,200,640,360,,25.640487670898438,,32.152414321899414,real,right,0,0,0,0,0,0,0,0,74463,0,26,142,179,55,55,left_outside_lane,43.30513925150724,0.0,0.0,0,0,0,0,0,0,0,right,1,0,0,right,0.0,0.0,6,60,20,6,9,0,0,1,0.0,0,0,1,0.0,0,,right_only_from_pair_reject,300,,0.0,0.0,0,0,too_inconsistent,left,0,right,130
1774306434.5854845,pure_pursuit,HOLD_AND_STOP,hold_and_stop,1,234,0.2812719103601164,0.30628223453383085,242,1.0,0.0,0.0,0.0,0.0,0.0,,,1000,1500,0.36145800000000006,1,291,0,fallback_hold_and_stop,right_only_from_pair_reject,1,1,0,43,0,-783.4346415265788,601.4255564587887,158.94065333415287,434.11105308635643,too_inconsistent,,,,,,,-0.752983412910548,0.415839746475329,-0.7529834129105479,539,1,real,200,640,360,,25.091171264648438,,30.106306076049805,real,right,0,0,0,0,0,0,0,0,74463,0,26,142,179,55,55,left_outside_lane,43.30513925150724,0.0,0.0,0,0,0,0,0,0,0,right,1,0,0,right,0.0,0.0,6,60,20,6,9,0,0,1,0.0,0,0,1,0.0,0,,right_only_from_pair_reject,301,,0.0,0.0,0,0,too_inconsistent,left,0,right,131
1774306434.6667619,pure_pursuit,HOLD_AND_STOP,hold_and_stop,1,234,0.2812719103601164,0.30628223453383085,242,1.0,0.0,0.0,0.0,0.0,0.0,,,1000,1500,0.36145800000000006,1,292,0,fallback_hold_and_stop,right_only_from_pair_reject,1,1,0,43,0,-783.4346415265788,601.4255564587887,158.94065333415287,434.11105308635643,too_inconsistent,,,,,,,-0.752983412910548,0.415839746475329,-0.7529834129105479,540,1,real,200,640,360,,20.995378494262695,,29.008865356445312,real,right,0,0,0,0,0,0,0,0,74463,0,26,142,179,55,55,left_outside_lane,43.30513925150724,0.0,0.0,0,0,0,0,0,0,0,right,1,0,0,right,0.0,0.0,6,60,20,6,9,0,0,1,0.0,0,0,1,0.0,0,,right_only_from_pair_reject,302,,0.0,0.0,0,0,too_inconsistent,left,0,right,132
1774306434.7467911,pure_pursuit,HOLD_AND_STOP,hold_and_stop,1,234,0.2812719103601164,0.30628223453383085,242,1.0,0.0,0.0,0.0,0.0,0.0,,,1000,1500,0.36145800000000006,1,293,0,fallback_hold_and_stop,right_only_from_pair_reject,1,1,0,43,0,-783.4346415265788,601.4255564587887,158.94065333415287,434.11105308635643,too_inconsistent,,,,,,,-0.752983412910548,0.415839746475329,-0.7529834129105479,541,1,real,200,640,360,,18.998146057128906,,27.00495719909668,real,right,0,0,0,0,0,0,0,0,74463,0,26,142,179,55,55,left_outside_lane,43.30513925150724,0.0,0.0,0,0,0,0,0,0,0,right,1,0,0,right,0.0,0.0,6,60,20,6,9,0,0,1,0.0,0,0,1,0.0,0,,right_only_from_pair_reject,303,,0.0,0.0,0,0,too_inconsistent,left,0,right,133
1774306434.8248327,pure_pursuit,HOLD_AND_STOP,hold_and_stop,1,234,0.2812719103601164,0.30628223453383085,242,1.0,0.0,0.0,0.0,0.0,0.0,,,1000,1500,0.36145800000000006,1,294,0,fallback_hold_and_stop,right_only_from_pair_reject,1,1,0,43,0,-783.4346415265788,601.4255564587887,158.94065333415287,434.11105308635643,too_inconsistent,,,,,,,-0.752983412910548,0.415839746475329,-0.7529834129105479,542,1,real,200,640,360,,19.086837768554688,,24.61695671081543,real,right,0,0,0,0,0,0,0,0,74463,0,26,142,179,55,55,left_outside_lane,43.30513925150724,0.0,0.0,0,0,0,0,0,0,0,right,1,0,0,right,0.0,0.0,6,60,20,6,9,0,0,1,0.0,0,0,1,0.0,0,,right_only_from_pair_reject,304,,0.0,0.0,0,0,too_inconsistent,left,0,right,134
1774306434.9005709,pure_pursuit,HOLD_AND_STOP,hold_and_stop,1,234,0.2812719103601164,0.30628223453383085,242,1.0,0.0,0.0,0.0,0.0,0.0,,,1000,1500,0.36145800000000006,1,295,0,fallback_hold_and_stop,right_only_from_pair_reject,1,1,0,43,0,-783.4346415265788,601.4255564587887,158.94065333415287,434.11105308635643,too_inconsistent,,,,,,,-0.752983412910548,0.415839746475329,-0.7529834129105479,543,1,real,200,640,360,,22.20439910888672,,30.24435043334961,real,right,0,0,0,0,0,0,0,0,74463,0,26,142,179,55,55,left_outside_lane,43.30513925150724,0.0,0.0,0,0,0,0,0,0,0,right,1,0,0,right,0.0,0.0,6,60,20,6,9,0,0,1,0.0,0,0,1,0.0,0,,right_only_from_pair_reject,305,,0.0,0.0,0,0,too_inconsistent,left,0,right,135
1774306434.9814675,pure_pursuit,HOLD_AND_STOP,hold_and_stop,1,234,0.2812719103601164,0.30628223453383085,242,1.0,0.0,0.0,0.0,0.0,0.0,,,1000,1500,0.36145800000000006,1,296,0,fallback_hold_and_stop,right_only_from_pair_reject,1,1,0,43,0,-783.4346415265788,601.4255564587887,158.94065333415287,434.11105308635643,too_inconsistent,,,,,,,-0.752983412910548,0.415839746475329,-0.7529834129105479,544,1,real,200,640,360,,18.393754959106445,,24.042129516601562,real,right,0,0,0,0,0,0,0,0,74463,0,26,142,179,55,55,left_outside_lane,43.30513925150724,0.0,0.0,0,0,0,0,0,0,0,right,1,0,0,right,0.0,0.0,6,60,20,6,9,0,0,1,0.0,0,0,1,0.0,0,,right_only_from_pair_reject,306,,0.0,0.0,0,0,too_inconsistent,left,0,right,136
1774306435.0564194,pure_pursuit,HOLD_AND_STOP,hold_and_stop,1,234,0.2812719103601164,0.30628223453383085,242,1.0,0.0,0.0,0.0,0.0,0.0,,,1000,1500,0.36145800000000006,1,297,0,fallback_hold_and_stop,right_only_from_pair_reject,1,1,0,43,0,-783.4346415265788,601.4255564587887,158.94065333415287,434.11105308635643,too_inconsistent,,,,,,,-0.752983412910548,0.415839746475329,-0.7529834129105479,545,1,real,200,640,360,,38.576602935791016,,44.65913772583008,real,right,0,0,0,0,0,0,0,0,74463,0,26,142,179,55,55,left_outside_lane,43.30513925150724,0.0,0.0,0,0,0,0,0,0,0,right,1,0,0,right,0.0,0.0,6,60,20,6,9,0,0,1,0.0,0,0,1,0.0,0,,right_only_from_pair_reject,307,,0.0,0.0,0,0,too_inconsistent,left,0,right,137
1774306435.1518857,pure_pursuit,HOLD_AND_STOP,hold_and_stop,1,234,0.2812719103601164,0.30628223453383085,242,1.0,0.0,0.0,0.0,0.0,0.0,,,1000,1500,0.36145800000000006,1,298,0,fallback_hold_and_stop,right_only_from_pair_reject,1,1,0,43,0,-783.4346415265788,601.4255564587887,158.94065333415287,434.11105308635643,too_inconsistent,,,,,,,-0.752983412910548,0.415839746475329,-0.7529834129105479,546,1,real,200,640,360,,19.9892520904541,,25.695323944091797,real,right,0,0,0,0,0,0,0,0,74463,0,26,142,179,55,55,left_outside_lane,43.30513925150724,0.0,0.0,0,0,0,0,0,0,0,right,1,0,0,right,0.0,0.0,6,60,20,6,9,0,0,1,0.0,0,0,1,0.0,0,,right_only_from_pair_reject,308,,0.0,0.0,0,0,too_inconsistent,left,0,right,138
1774306435.228927,pure_pursuit,HOLD_AND_STOP,hold_and_stop,1,234,0.2812719103601164,0.30628223453383085,242,1.0,0.0,0.0,0.0,0.0,0.0,,,1000,1500,0.36145800000000006,1,299,0,fallback_hold_and_stop,right_only_from_pair_reject,1,1,0,43,0,-783.4346415265788,601.4255564587887,158.94065333415287,434.11105308635643,too_inconsistent,,,,,,,-0.752983412910548,0.415839746475329,-0.7529834129105479,547,1,real,200,640,360,,33.03933143615723,,45.33052444458008,real,right,0,0,0,0,0,0,0,0,74463,0,26,142,179,55,55,left_outside_lane,43.30513925150724,0.0,0.0,0,0,0,0,0,0,0,right,1,0,0,right,0.0,0.0,6,60,20,6,9,0,0,1,0.0,0,0,1,0.0,0,,right_only_from_pair_reject,309,,0.0,0.0,0,0,too_inconsistent,left,0,right,139
1774306435.3254666,pure_pursuit,HOLD_AND_STOP,hold_and_stop,1,234,0.2812719103601164,0.30628223453383085,242,1.0,0.0,0.0,0.0,0.0,0.0,,,1000,1500,0.36145800000000006,1,300,0,fallback_hold_and_stop,right_only_from_pair_reject,1,1,0,43,0,-783.4346415265788,601.4255564587887,158.94065333415287,434.11105308635643,too_inconsistent,,,,,,,-0.752983412910548,0.415839746475329,-0.7529834129105479,548,1,real,200,640,360,,32.09257125854492,,38.626909255981445,real,right,0,0,0,0,0,0,0,0,74463,0,26,142,179,55,55,left_outside_lane,43.30513925150724,0.0,0.0,0,0,0,0,0,0,0,right,1,0,0,right,0.0,0.0,6,60,20,6,9,0,0,1,0.0,0,0,1,0.0,0,,right_only_from_pair_reject,310,,0.0,0.0,0,0,too_inconsistent,left,0,right,140
1774306435.4148939,pure_pursuit,HOLD_AND_STOP,hold_and_stop,1,234,0.2812719103601164,0.30628223453383085,242,1.0,0.0,0.0,0.0,0.0,0.0,,,1000,1500,0.36145800000000006,1,301,0,fallback_hold_and_stop,right_only_from_pair_reject,1,1,0,43,0,-783.4346415265788,601.4255564587887,158.94065333415287,434.11105308635643,too_inconsistent,,,,,,,-0.752983412910548,0.415839746475329,-0.7529834129105479,549,1,real,200,640,360,,35.30073165893555,,44.31939125061035,real,right,0,0,0,0,0,0,0,0,74463,0,26,142,179,55,55,left_outside_lane,43.30513925150724,0.0,0.0,0,0,0,0,0,0,0,right,1,0,0,right,0.0,0.0,6,60,20,6,9,0,0,1,0.0,0,0,1,0.0,0,,right_only_from_pair_reject,311,,0.0,0.0,0,0,too_inconsistent,left,0,right,141
1774306435.5103931,pure_pursuit,HOLD_AND_STOP,hold_and_stop,1,234,0.2812719103601164,0.30628223453383085,242,1.0,0.0,0.0,0.0,0.0,0.0,,,1000,1500,0.36145800000000006,1,302,0,fallback_hold_and_stop,right_only_from_pair_reject,1,1,0,43,0,-783.4346415265788,601.4255564587887,158.94065333415287,434.11105308635643,too_inconsistent,,,,,,,-0.752983412910548,0.415839746475329,-0.7529834129105479,550,1,real,200,640,360,,18.777847290039062,,25.37989616394043,real,right,0,0,0,0,0,0,0,0,74463,0,26,142,179,55,55,left_outside_lane,43.30513925150724,0.0,0.0,0,0,0,0,0,0,0,right,1,0,0,right,0.0,0.0,6,60,20,6,9,0,0,1,0.0,0,0,1,0.0,0,,right_only_from_pair_reject,312,,0.0,0.0,0,0,too_inconsistent,left,0,right,142
1774306435.5867748,pure_pursuit,HOLD_AND_STOP,hold_and_stop,1,234,0.2812719103601164,0.30628223453383085,242,1.0,0.0,0.0,0.0,0.0,0.0,,,1000,1500,0.36145800000000006,1,303,0,fallback_hold_and_stop,right_only_from_pair_reject,1,1,0,43,0,-783.4346415265788,601.4255564587887,158.94065333415287,434.11105308635643,too_inconsistent,,,,,,,-0.752983412910548,0.415839746475329,-0.7529834129105479,551,1,real,200,640,360,,20.999908447265625,,26.515722274780273,real,right,0,0,0,0,0,0,0,0,74463,0,26,142,179,55,55,left_outside_lane,43.30513925150724,0.0,0.0,0,0,0,0,0,0,0,right,1,0,0,right,0.0,0.0,6,60,20,6,9,0,0,1,0.0,0,0,1,0.0,0,,right_only_from_pair_reject,313,,0.0,0.0,0,0,too_inconsistent,left,0,right,143
1774306435.663815,pure_pursuit,HOLD_AND_STOP,hold_and_stop,1,234,0.2812719103601164,0.30628223453383085,242,1.0,0.0,0.0,0.0,0.0,0.0,,,1000,1500,0.36145800000000006,1,304,0,fallback_hold_and_stop,right_only_from_pair_reject,1,1,0,43,0,-783.4346415265788,601.4255564587887,158.94065333415287,434.11105308635643,too_inconsistent,,,,,,,-0.752983412910548,0.415839746475329,-0.7529834129105479,552,1,real,200,640,360,,21.001577377319336,,26.510000228881836,real,right,0,0,0,0,0,0,0,0,74463,0,26,142,179,55,55,left_outside_lane,43.30513925150724,0.0,0.0,0,0,0,0,0,0,0,right,1,0,0,right,0.0,0.0,6,60,20,6,9,0,0,1,0.0,0,0,1,0.0,0,,right_only_from_pair_reject,314,,0.0,0.0,0,0,too_inconsistent,left,0,right,144
1774306435.7414048,pure_pursuit,HOLD_AND_STOP,hold_and_stop,1,234,0.2812719103601164,0.30628223453383085,242,1.0,0.0,0.0,0.0,0.0,0.0,,,1000,1500,0.36145800000000006,1,305,0,fallback_hold_and_stop,right_only_from_pair_reject,1,1,0,43,0,-783.4346415265788,601.4255564587887,158.94065333415287,434.11105308635643,too_inconsistent,,,,,,,-0.752983412910548,0.415839746475329,-0.7529834129105479,553,1,real,200,640,360,,20.99895477294922,,29.086589813232422,real,right,0,0,0,0,0,0,0,0,74463,0,26,142,179,55,55,left_outside_lane,43.30513925150724,0.0,0.0,0,0,0,0,0,0,0,right,1,0,0,right,0.0,0.0,6,60,20,6,9,0,0,1,0.0,0,0,1,0.0,0,,right_only_from_pair_reject,315,,0.0,0.0,0,0,too_inconsistent,left,0,right,145
1774306435.8211708,pure_pursuit,HOLD_AND_STOP,hold_and_stop,1,234,0.2812719103601164,0.30628223453383085,242,1.0,0.0,0.0,0.0,0.0,0.0,,,1000,1500,0.36145800000000006,1,306,0,fallback_hold_and_stop,right_only_from_pair_reject,1,1,0,43,0,-783.4346415265788,601.4255564587887,158.94065333415287,434.11105308635643,too_inconsistent,,,,,,,-0.752983412910548,0.415839746475329,-0.7529834129105479,554,1,real,200,640,360,,35.428762435913086,,41.5186882019043,real,right,0,0,0,0,0,0,0,0,74463,0,26,142,179,55,55,left_outside_lane,43.30513925150724,0.0,0.0,0,0,0,0,0,0,0,right,1,0,0,right,0.0,0.0,6,60,20,6,9,0,0,1,0.0,0,0,1,0.0,0,,right_only_from_pair_reject,316,,0.0,0.0,0,0,too_inconsistent,left,0,right,146
1774306435.9133182,pure_pursuit,HOLD_AND_STOP,hold_and_stop,1,234,0.2812719103601164,0.30628223453383085,242,1.0,0.0,0.0,0.0,0.0,0.0,,,1000,1500,0.36145800000000006,1,307,0,fallback_hold_and_stop,right_only_from_pair_reject,1,1,0,43,0,-783.4346415265788,601.4255564587887,158.94065333415287,434.11105308635643,too_inconsistent,,,,,,,-0.752983412910548,0.415839746475329,-0.7529834129105479,555,1,real,200,640,360,,35.50386428833008,,46.03242874145508,real,right,0,0,0,0,0,0,0,0,74463,0,26,142,179,55,55,left_outside_lane,43.30513925150724,0.0,0.0,0,0,0,0,0,0,0,right,1,0,0,right,0.0,0.0,6,60,20,6,9,0,0,1,0.0,0,0,1,0.0,0,,right_only_from_pair_reject,317,,0.0,0.0,0,0,too_inconsistent,left,0,right,147
1774306436.010483,pure_pursuit,HOLD_AND_STOP,hold_and_stop,1,234,0.2812719103601164,0.30628223453383085,242,1.0,0.0,0.0,0.0,0.0,0.0,,,1000,1500,0.36145800000000006,1,308,0,fallback_hold_and_stop,right_only_from_pair_reject,1,1,0,43,0,-783.4346415265788,601.4255564587887,158.94065333415287,434.11105308635643,too_inconsistent,,,,,,,-0.752983412910548,0.415839746475329,-0.7529834129105479,556,1,real,200,640,360,,17.801284790039062,,23.502111434936523,real,right,0,0,0,0,0,0,0,0,74463,0,26,142,179,55,55,left_outside_lane,43.30513925150724,0.0,0.0,0,0,0,0,0,0,0,right,1,0,0,right,0.0,0.0,6,60,20,6,9,0,0,1,0.0,0,0,1,0.0,0,,right_only_from_pair_reject,318,,0.0,0.0,0,0,too_inconsistent,left,0,right,148
1774306436.0849257,pure_pursuit,HOLD_AND_STOP,hold_and_stop,1,234,0.2812719103601164,0.30628223453383085,242,1.0,0.0,0.0,0.0,0.0,0.0,,,1000,1500,0.36145800000000006,1,309,0,fallback_hold_and_stop,right_only_from_pair_reject,1,1,0,43,0,-783.4346415265788,601.4255564587887,158.94065333415287,434.11105308635643,too_inconsistent,,,,,,,-0.752983412910548,0.415839746475329,-0.7529834129105479,557,1,real,200,640,360,,20.99752426147461,,27.5113582611084,real,right,0,0,0,0,0,0,0,0,74463,0,26,142,179,55,55,left_outside_lane,43.30513925150724,0.0,0.0,0,0,0,0,0,0,0,right,1,0,0,right,0.0,0.0,6,60,20,6,9,0,0,1,0.0,0,0,1,0.0,0,,right_only_from_pair_reject,319,,0.0,0.0,0,0,too_inconsistent,left,0,right,149
1774306436.1634588,pure_pursuit,HOLD_AND_STOP,hold_and_stop,1,234,0.2812719103601164,0.30628223453383085,242,1.0,0.0,0.0,0.0,0.0,0.0,,,1000,1500,0.36145800000000006,1,310,0,fallback_hold_and_stop,right_only_from_pair_reject,1,1,0,43,0,-783.4346415265788,601.4255564587887,158.94065333415287,434.11105308635643,too_inconsistent,,,,,,,-0.752983412910548,0.415839746475329,-0.7529834129105479,558,1,real,200,640,360,,20.998001098632812,,30.05075454711914,real,right,0,0,0,0,0,0,0,0,74463,0,26,142,179,55,55,left_outside_lane,43.30513925150724,0.0,0.0,0,0,0,0,0,0,0,right,1,0,0,right,0.0,0.0,6,60,20,6,9,0,0,1,0.0,0,0,1,0.0,0,,right_only_from_pair_reject,320,,0.0,0.0,0,0,too_inconsistent,left,0,right,150
1774306436.2440305,pure_pursuit,HOLD_AND_STOP,hold_and_stop,1,234,0.2812719103601164,0.30628223453383085,242,1.0,0.0,0.0,0.0,0.0,0.0,,,1000,1500,0.5281098750000001,1,311,0,fallback_hold_and_stop,left_only_from_pair_reject,1,1,11,43,0,-829.0053590287263,602.0574303363231,139.05731862982125,448.32149288908585,too_inconsistent,,,,,,,-0.752983412910548,0.415839746475329,-0.7529834129105479,559,1,real,200,640,360,,30.989885330200195,,48.54249954223633,real,right,54,22,3342,3292,3292,3342,3292,3292,74463,0,26,142,179,55,55,left_outside_lane,43.30513925150724,0.0,0.0,23,11,0,22,0,0,0,right,1,32,22,left,0.658,0.395125,7,60,20,7,9,1,1,0,72.36919165163903,1,0,1,232.26909876666747,0,,left_only_from_pair_reject,321,,0.658,0.395125,41,22,too_inconsistent,left,1,right,151
1774306436.3435695,pure_pursuit,HOLD_AND_STOP,hold_and_stop,1,234,0.2812719103601164,0.30628223453383085,242,1.0,0.0,0.0,0.0,0.0,0.0,,,1000,1500,0.5281098750000001,1,312,0,fallback_hold_and_stop,left_only_from_pair_reject,1,1,11,43,0,-861.9095812393791,602.7490598081754,124.70572897944619,458.6097381145543,too_inconsistent,,,,,,,-0.752983412910548,0.415839746475329,-0.7529834129105479,560,1,real,200,640,360,,29.89673614501953,,35.51173210144043,real,right,61,22,3342,3292,3292,3342,3292,3292,74463,0,26,142,179,55,55,left_outside_lane,71.56883113851728,0.0,0.0,23,11,0,22,0,0,0,right,1,39,22,left,0.658,0.395125,7,60,21,7,9,1,1,0,52.264022699171484,1,0,1,232.26909876666747,0,,left_only_from_pair_reject,322,,0.658,0.395125,47,22,too_inconsistent,left,0,left,1
1774306436.430416,pure_pursuit,HOLD_AND_STOP,hold_and_stop,1,234,0.2812719103601164,0.30628223453383085,242,1.0,0.0,0.0,0.0,0.0,0.0,,,1000,1500,0.5281098750000001,1,313,0,fallback_hold_and_stop,left_only_from_pair_reject,1,1,11,43,0,-885.1253692462888,604.7922057189281,114.50674273122374,466.1807213291577,too_inconsistent,,,,,,,-0.752983412910548,0.415839746475329,-0.7529834129105479,561,1,real,200,640,360,,35.353660583496094,,41.27240180969238,real,right,68,22,3342,3290,3290,3342,3290,3290,74463,0,26,142,179,55,55,left_outside_lane,91.99235193126921,0.0,0.0,30,11,0,22,0,0,0,right,1,46,22,left,0.658,0.395125,7,60,21,7,9,1,1,0,38.12854300412324,1,0,1,231.08928836737914,0,,left_only_from_pair_reject,323,,0.658,0.395125,56,22,too_inconsistent,left,0,left,2
1774306436.5224233,pure_pursuit,HOLD_AND_STOP,hold_and_stop,1,234,0.2812719103601164,0.30628223453383085,242,1.0,0.0,0.0,0.0,0.0,0.0,,,1000,1500,0.4205715000000001,1,314,0,fallback_hold_and_stop,left_only_from_pair_reject,1,1,10,43,0,-901.0526489745343,606.0653118802063,107.32067434438022,471.26667042797334,crossed_often,,,,,,,-0.752983412910548,0.415839746475329,-0.7529834129105479,562,1,real,200,640,360,,23.76532554626465,,29.757022857666016,real,left,49,42,3366,3315,3315,3366,3315,3315,74463,0,26,142,179,55,55,centerline_fallback,0.0,0.0,-395.71075440408094,23,0,10,0,20,0,0,left,1,49,22,left,0.6534166666666666,0.5486666666666666,7,60,22,7,9,1,1,0,26.50200410229295,1,0,1,292.9901974572535,0,,left_only_from_pair_reject,324,,0.6534166666666666,0.5486666666666666,49,31,crossed_often,left,0,left,3
1774306436.6038237,pure_pursuit,HOLD_AND_STOP,hold_and_stop,1,234,0.2812719103601164,0.30628223453383085,242,1.0,0.0,0.0,0.0,0.0,0.0,,,1000,1500,0.42522270000000006,1,315,0,fallback_hold_and_stop,left_only_from_pair_reject,1,1,10,43,0,-912.5870861495038,606.8856617460555,102.06860795169982,474.9110251159871,crossed_often,,,,,,,-0.752983412910548,0.415839746475329,-0.7529834129105479,563,1,real,200,640,360,,47.47486114501953,,55.47523498535156,real,left,49,42,3375,3325,3325,3375,3325,3325,74463,0,26,142,179,55,55,centerline_fallback,0.0,0.0,-392.5992856243011,23,0,10,0,20,0,0,left,1,49,22,left,0.7294166666666666,0.5486666666666666,7,60,22,7,9,1,1,0,19.25167595575525,1,0,1,290.8600146979194,0,,left_only_from_pair_reject,325,,0.7294166666666666,0.5486666666666666,49,31,crossed_often,left,0,left,4
1774306436.709909,pure_pursuit,HOLD_AND_STOP,hold_and_stop,1,234,0.2812719103601164,0.30628223453383085,242,1.0,0.0,0.0,0.0,0.0,0.0,,,1000,1500,0.4189624500000001,1,316,0,fallback_hold_and_stop,left_only_from_pair_reject,1,1,9,43,0,-920.6681585185199,607.7772346992089,98.0049219832092,477.4746567571939,crossed_often,,,,,,,-0.752983412910548,0.415839746475329,-0.7529834129105479,564,1,real,200,640,360,,37.14323043823242,,42.127132415771484,real,left,48,41,3399,3349,3349,3399,3349,3349,74463,0,26,142,179,55,55,centerline_fallback,0.0,0.0,-389.45706826332105,22,0,9,0,18,0,0,left,1,48,23,left,0.727125,0.5486666666666666,7,60,22,7,9,1,1,0,14.990038606804632,1,0,1,292.47642723503463,0,,left_only_from_pair_reject,326,,0.727125,0.5486666666666666,48,33,crossed_often,left,0,left,5
1774306436.8030796,pure_pursuit,HOLD_AND_STOP,hold_and_stop,1,234,0.2812719103601164,0.30628223453383085,242,1.0,0.0,0.0,0.0,0.0,0.0,,,1000,1500,0.42477645,1,317,0,fallback_hold_and_stop,left_only_from_pair_reject,1,1,9,43,0,-926.6533850393378,608.7809409553382,94.95598110403922,479.4496832627954,crossed_often,,,,,,,-0.752983412910548,0.415839746475329,-0.7529834129105479,565,1,real,200,640,360,,18.073320388793945,,27.931690216064453,real,left,48,41,3430,3370,3370,3430,3370,3370,74463,0,26,142,179,55,55,centerline_fallback,0.0,0.0,-386.29475363924774,25,0,9,0,18,0,0,left,1,48,23,left,0.822125,0.5486666666666666,7,60,22,7,9,1,1,0,11.485582573590312,1,0,1,290.2325669627919,0,,left_only_from_pair_reject,327,,0.822125,0.5486666666666666,48,31,crossed_often,left,0,left,6
1774306436.8821173,pure_pursuit,HOLD_AND_STOP,hold_and_stop,1,234,0.2812719103601164,0.30628223453383085,242,1.0,0.0,0.0,0.0,0.0,0.0,,,1000,1500,0.4310367000000001,1,318,0,fallback_hold_and_stop,left_only_from_pair_reject,1,1,10,43,0,-930.998166076545,609.2635356826659,92.42853588951947,480.7721497327939,crossed_often,,,,,,,-0.752983412910548,0.415839746475329,-0.7529834129105479,566,1,real,200,640,360,,32.62209892272949,,40.82179069519043,real,left,49,43,3447,3399,3399,3447,3399,3399,74463,0,26,142,179,55,55,centerline_fallback,0.0,0.0,-383.12324056331164,22,0,10,0,20,0,0,left,1,49,23,left,0.8244166666666666,0.5486666666666666,7,60,22,7,9,1,1,0,9.2231733468023,1,0,1,290.88191017383633,0,,left_only_from_pair_reject,328,,0.8244166666666666,0.5486666666666666,49,35,crossed_often,left,0,left,7
1774306436.973745,pure_pursuit,HOLD_AND_STOP,hold_and_stop,1,234,0.2812719103601164,0.30628223453383085,242,1.0,0.0,0.0,0.0,0.0,0.0,,,1000,1500,0.4230807000000001,1,319,0,fallback_hold_and_stop,left_only_from_pair_reject,1,1,9,43,0,-934.4248092334435,609.929082619341,90.2829358051913,481.85753458034714,crossed_often,,,,,,,-0.752983412910548,0.415839746475329,-0.7529834129105479,567,1,real,200,640,360,,35.103797912597656,,42.70601272583008,real,left,49,19,3499,3448,3448,3499,3448,3448,74463,0,26,142,179,55,55,centerline_fallback,0.0,0.0,-379.9482063821939,23,0,9,0,18,0,0,left,1,49,1,left,0.8244166666666666,0.5186666666666667,7,60,22,7,9,1,1,0,7.965959561959523,1,0,1,288.23094150491505,0,,left_only_from_pair_reject,329,,0.8244166666666666,0.5186666666666667,49,15,crossed_often,left,0,left,8
1774306437.0670762,pure_pursuit,HOLD_AND_STOP,hold_and_stop,1,234,0.2812719103601164,0.30628223453383085,242,1.0,0.0,0.0,0.0,0.0,0.0,,,1000,1500,0.43623870000000003,1,320,0,fallback_hold_and_stop,left_only_from_pair_reject,1,1,10,43,0,-937.4196974565398,609.9133608289249,88.33695880032892,482.6637687474905,crossed_often,,,,,,,-0.752983412910548,0.415839746475329,-0.7529834129105479,568,1,real,200,640,360,,35.06183624267578,,43.06435585021973,real,left,49,21,3527,3477,3477,3527,3477,3477,74463,0,26,142,179,55,55,centerline_fallback,0.0,0.0,-376.77133864443465,26,0,10,0,20,0,0,left,1,49,1,left,0.9194166666666668,0.5386666666666666,7,60,22,7,9,1,1,0,6.961557426762368,1,0,1,289.1061899184198,0,,left_only_from_pair_reject,330,,0.9194166666666668,0.5386666666666666,49,17,crossed_often,left,0,left,9
1774306437.1610622,pure_pursuit,HOLD_AND_STOP,hold_and_stop,1,234,0.2812719103601164,0.30628223453383085,242,1.0,0.0,0.0,0.0,0.0,0.0,,,1000,1500,0.42889470000000013,1,321,0,fallback_hold_and_stop,left_only_from_pair_reject,1,1,9,43,0,-939.5321979486406,610.2728263753731,86.91506056934546,483.30929196069934,crossed_often,,,,,,,-0.752983412910548,0.415839746475329,-0.7529834129105479,569,1,real,200,640,360,,35.430908203125,,44.13247108459473,real,left,49,19,3548,3497,3497,3548,3497,3497,74463,0,26,142,179,55,55,centerline_fallback,0.0,0.0,-373.5951632694246,24,0,9,0,18,0,0,left,1,49,1,left,0.9194166666666668,0.5186666666666667,7,60,22,7,9,1,1,0,5.227370811745718,1,0,1,286.1285548543132,0,,left_only_from_pair_reject,331,,0.9194166666666668,0.5186666666666667,49,15,crossed_often,left,0,left,10
1774306437.2562213,pure_pursuit,HOLD_AND_STOP,hold_and_stop,1,234,0.2812719103601164,0.30628223453383085,242,1.0,0.0,0.0,0.0,0.0,0.0,,,1000,1500,0.4276707000000002,1,322,0,fallback_hold_and_stop,left_only_from_pair_reject,1,1,9,43,0,-941.2417283259363,610.5499235577086,85.71115113974241,483.82188233283665,crossed_often,,,,,,,-0.752983412910548,0.415839746475329,-0.7529834129105479,570,1,real,200,640,360,,31.0516357421875,,42.96708106994629,real,left,49,19,3564,3519,3519,3564,3519,3519,74463,0,26,142,179,55,55,centerline_fallback,0.0,0.0,-370.42290643095896,28,0,9,0,18,0,0,left,1,49,1,left,0.9194166666666668,0.4986666666666667,6,60,22,6,9,1,1,0,4.409323758343929,1,0,1,285.52313182864617,0,,left_only_from_pair_reject,332,,0.9194166666666668,0.4986666666666667,49,13,crossed_often,left,0,left,11
1774306437.3498707,pure_pursuit,HOLD_AND_STOP,hold_and_stop,1,234,0.2812719103601164,0.30628223453383085,242,1.0,0.0,0.0,0.0,0.0,0.0,,,1000,1500,0.4583931000000001,1,323,0,fallback_hold_and_stop,left_only_from_pair_reject,1,1,13,43,0,-942.2897920965505,611.1919461802354,84.91756147049446,484.23512266961217,crossed_often,,,,,,,-0.752983412910548,0.415839746475329,-0.7529834129105479,571,1,real,200,640,360,,27.092933654785156,,33.36668014526367,real,left,49,27,3562,3510,3510,3562,3510,3510,74463,0,26,142,179,55,55,centerline_fallback,0.0,0.0,-367.2561150698109,26,0,13,0,26,0,0,left,1,49,1,left,0.9714166666666666,0.5486666666666666,7,60,23,7,9,1,1,0,3.2269900626382935,1,0,1,290.71147047827094,0,,left_only_from_pair_reject,333,,0.9714166666666666,0.5486666666666666,49,21,crossed_often,left,0,left,12
1774306437.4340024,pure_pursuit,HOLD_AND_STOP,hold_and_stop,1,234,0.2812719103601164,0.30628223453383085,242,1.0,0.0,0.0,0.0,0.0,0.0,,,1000,1500,0.4461531000000001,1,324,0,fallback_hold_and_stop,left_only_from_pair_reject,1,1,11,43,0,-943.2717189140745,611.75293163374,84.28403985680148,484.6279069656197,crossed_often,,,,,,,-0.752983412910548,0.415839746475329,-0.7529834129105479,572,1,real,200,640,360,,26.019811630249023,,33.98418426513672,real,left,49,23,3559,3513,3513,3559,3513,3513,74463,0,26,142,179,55,55,centerline_fallback,0.0,0.0,-364.0946530512149,28,0,11,0,22,0,0,left,1,49,1,left,0.9714166666666666,0.5486666666666666,7,60,23,7,9,1,1,0,2.6345274521068007,1,0,1,276.09082016539236,0,,left_only_from_pair_reject,334,,0.9714166666666666,0.5486666666666666,49,18,crossed_often,left,0,left,13
1774306437.5186388,pure_pursuit,HOLD_AND_STOP,hold_and_stop,1,234,0.2812719103601164,0.30628223453383085,242,1.0,0.0,0.0,0.0,0.0,0.0,,,1000,1500,0.4643728500000001,1,325,0,fallback_hold_and_stop,left_only_from_pair_reject,1,1,14,43,0,-944.0716587508826,611.3129295720591,83.55921376270665,484.7187618690768,crossed_often,,,,,,,-0.752983412910548,0.415839746475329,-0.7529834129105479,573,1,real,200,640,360,,35.5372428894043,,45.088768005371094,real,left,50,29,3577,3538,3538,3577,3538,3538,74463,0,26,142,179,55,55,centerline_fallback,0.0,0.0,-360.9381430490647,32,0,14,0,28,0,0,left,1,50,1,left,0.9737083333333332,0.5440833333333334,7,60,23,7,10,1,1,0,2.58945235737942,1,0,1,269.6097644061971,0,,left_only_from_pair_reject,335,,0.9737083333333332,0.5440833333333334,50,22,crossed_often,left,0,left,14
1774306437.6148314,pure_pursuit,HOLD_AND_STOP,hold_and_stop,1,234,0.2812719103601164,0.30628223453383085,242,1.0,0.0,0.0,0.0,0.0,0.0,,,1000,1500,0.4519416000000001,1,326,0,fallback_hold_and_stop,left_only_from_pair_reject,1,1,12,43,0,-944.5572503181896,611.3578941744748,83.06398116767087,484.8369606944157,crossed_often,,,,,,,-0.752983412910548,0.415839746475329,-0.7529834129105479,574,1,real,200,640,360,,46.515703201293945,,56.299686431884766,real,left,52,23,3579,3538,3538,3579,3538,3538,74463,0,26,142,179,55,55,centerline_fallback,0.0,0.0,-357.78788498551216,31,1,11,2,22,0,0,left,1,50,1,left,0.976,0.5386666666666666,7,60,23,7,10,1,1,0,1.7847070777441085,1,0,1,286.02672974897064,0,,left_only_from_pair_reject,336,,0.976,0.5386666666666666,52,17,crossed_often,left,0,left,15
1774306437.7221038,pure_pursuit,HOLD_AND_STOP,hold_and_stop,1,234,0.2812719103601164,0.30628223453383085,242,1.0,0.0,0.0,0.0,0.0,0.0,,,1000,1500,0.44573235000000005,1,327,0,fallback_hold_and_stop,left_only_from_pair_reject,1,1,11,43,0,-944.7686898922682,611.1854361059816,82.68884853515323,484.8243375242273,crossed_often,,,,,,,-0.752983412910548,0.415839746475329,-0.7529834129105479,575,1,real,200,640,360,,33.16187858581543,,46.51188850402832,real,left,49,23,3566,3514,3514,3566,3514,3514,74463,0,26,142,179,55,55,centerline_fallback,0.0,0.0,-354.6448303705416,27,0,11,0,22,0,0,left,1,49,1,left,0.9714166666666666,0.5417916666666667,7,60,23,7,10,1,1,0,1.3411355900357194,1,0,1,256.661332748286,0,,left_only_from_pair_reject,337,,0.9714166666666666,0.5417916666666667,49,21,crossed_often,left,0,left,16
1774306437.819318,pure_pursuit,HOLD_AND_STOP,hold_and_stop,1,234,0.2812719103601164,0.30628223453383085,242,1.0,0.0,0.0,0.0,0.0,0.0,,,1000,1500,0.4461531000000001,1,328,0,fallback_hold_and_stop,left_only_from_pair_reject,1,1,11,43,0,-945.3824810670997,610.8327434885379,82.25545424863185,484.90673749606526,crossed_often,,,,,,,-0.752983412910548,0.415839746475329,-0.7529834129105479,576,1,real,200,640,360,,27.753591537475586,,35.823822021484375,real,left,49,51,3553,3498,3498,3553,3498,3498,74463,0,26,142,179,55,55,centerline_fallback,0.0,0.0,-351.51035243627496,26,0,11,0,22,0,0,left,1,49,29,left,0.9714166666666666,0.5486666666666666,7,60,23,7,10,1,1,0,1.5474622520199888,1,0,1,287.4071423560402,0,,left_only_from_pair_reject,338,,0.9714166666666666,0.5486666666666666,49,38,crossed_often,left,0,left,17
1774306437.9062274,pure_pursuit,HOLD_AND_STOP,hold_and_stop,1,234,0.2812719103601164,0.30628223453383085,242,1.0,0.0,0.0,0.0,0.0,0.0,,,1000,1500,0.44988885000000006,1,329,0,fallback_hold_and_stop,left_only_from_pair_reject,1,1,12,43,0,-945.875582395917,611.0950301188474,81.87406066767757,485.0915480430081,crossed_often,,,,,,,-0.752983412910548,0.415839746475329,-0.7529834129105479,577,1,real,200,640,360,,36.75508499145508,,46.26107215881348,real,left,50,53,3483,3423,3423,3483,3423,3423,74463,0,26,142,179,55,55,centerline_fallback,0.0,0.0,-348.3847204911112,35,0,12,0,24,0,0,left,1,50,29,left,0.9737083333333332,0.5074166666666666,7,60,23,7,10,1,1,0,1.5124021222222004,1,0,1,275.0831071354066,0,,left_only_from_pair_reject,339,,0.9737083333333332,0.5074166666666666,50,41,crossed_often,left,0,left,18
1774306438.0046356,pure_pursuit,HOLD_AND_STOP,hold_and_stop,1,234,0.2812719103601164,0.30628223453383085,242,1.0,0.0,0.0,0.0,0.0,0.0,,,1000,1500,0.44629335000000014,1,330,0,fallback_hold_and_stop,left_only_from_pair_reject,1,1,11,43,0,-946.3440625040798,611.2528821887515,81.46990673449514,485.24115096228064,crossed_often,,,,,,,-0.752983412910548,0.415839746475329,-0.7529834129105479,578,1,real,200,640,360,,24.021625518798828,,30.701160430908203,real,left,50,51,3501,3454,3454,3501,3454,3454,74463,0,26,142,179,55,55,centerline_fallback,0.0,0.0,-345.26766973407575,26,0,11,0,22,0,0,left,1,50,29,left,0.9737083333333332,0.5486666666666666,7,60,23,7,9,1,1,0,1.514555209226919,1,0,1,284.87236592554876,0,,left_only_from_pair_reject,340,,0.9737083333333332,0.5486666666666666,50,40,crossed_often,left,0,left,19
1774306438.0860143,pure_pursuit,HOLD_AND_STOP,hold_and_stop,1,234,0.2812719103601164,0.30628223453383085,242,1.0,0.0,0.0,0.0,0.0,0.0,,,1000,1500,0.4398928500000001,1,331,0,fallback_hold_and_stop,left_only_from_pair_reject,1,1,10,43,0,-946.5443273132524,611.9603107571625,81.22925209846822,485.4406846075984,crossed_often,,,,,,,-0.752983412910548,0.415839746475329,-0.7529834129105479,579,1,real,200,640,360,,43.788909912109375,,50.88376998901367,real,left,50,49,3472,3425,3425,3472,3425,3425,74463,0,26,142,179,55,55,centerline_fallback,0.0,0.0,-342.1589133030543,27,0,10,0,20,0,0,left,1,50,29,left,0.9737083333333332,0.5440833333333334,7,60,23,7,9,1,1,0,1.456670798505092,1,0,1,281.39908344507734,0,,left_only_from_pair_reject,341,,0.9737083333333332,0.5440833333333334,50,39,crossed_often,left,0,left,20
1774306438.188549,pure_pursuit,HOLD_AND_STOP,hold_and_stop,1,234,0.2812719103601164,0.30628223453383085,242,1.0,0.0,0.0,0.0,0.0,0.0,,,1000,1500,0.44003310000000007,1,332,0,fallback_hold_and_stop,left_only_from_pair_reject,1,1,10,43,0,-946.9289282175686,612.3145856889711,80.95563906945785,485.6219321972142,crossed_often,,,,,,,-0.752983412910548,0.415839746475329,-0.7529834129105479,580,1,real,200,640,360,,33.18357467651367,,40.67230224609375,real,left,49,50,3522,3468,3468,3522,3468,3468,74463,0,26,142,179,55,55,centerline_fallback,0.0,0.0,-339.0585403091186,25,0,10,0,20,0,0,left,1,49,30,left,0.9714166666666666,0.5486666666666666,7,60,23,7,9,1,1,0,1.2356542817403147,1,0,1,277.96909061713217,0,,left_only_from_pair_reject,342,,0.9714166666666666,0.5486666666666666,49,39,crossed_often,left,0,left,21
1774306438.2796085,pure_pursuit,HOLD_AND_STOP,hold_and_stop,1,234,0.2812719103601164,0.30628223453383085,242,1.0,0.0,0.0,0.0,0.0,0.0,,,1000,1500,0.42779310000000004,1,333,0,fallback_hold_and_stop,left_only_from_pair_reject,1,1,8,43,0,-948.0225491284787,613.1157250976738,80.46412753947557,486.12814003885876,crossed_often,,,,,,,-0.752983412910548,0.415839746475329,-0.7529834129105479,581,1,real,200,640,360,,35.77303886413574,,45.77803611755371,real,left,49,49,3499,3449,3449,3499,3449,3449,74463,0,26,142,179,55,55,centerline_fallback,0.0,0.0,-335.9672740416428,24,0,8,0,16,0,0,left,1,49,33,left,0.9714166666666666,0.5486666666666666,7,60,23,7,9,1,1,0,2.476641824001164,1,0,1,283.09281808227473,0,,left_only_from_pair_reject,343,,0.9714166666666666,0.5486666666666666,49,40,crossed_often,left,0,left,22
1774306438.3761826,pure_pursuit,HOLD_AND_STOP,hold_and_stop,1,234,0.2812719103601164,0.30628223453383085,242,1.0,0.0,0.0,0.0,0.0,0.0,,,1000,1500,0.43933185000000013,1,334,0,fallback_hold_and_stop,left_only_from_pair_reject,1,1,10,43,0,-948.3337891566528,614.2807368711107,80.80044320876435,486.5457587792206,crossed_often,,,,,,,-0.752983412910548,0.415839746475329,-0.7529834129105479,582,1,real,200,640,360,,33.08725357055664,,42.6328182220459,real,left,49,52,3432,3398,3398,3432,3398,3398,74463,0,26,142,179,55,55,centerline_fallback,0.0,0.0,-332.88225162057194,28,0,10,0,20,0,0,left,1,49,32,left,0.9714166666666666,0.5372083333333333,7,60,23,7,9,1,1,0,1.5772057959476238,1,0,1,276.18172935992976,0,,left_only_from_pair_reject,344,,0.9714166666666666,0.5372083333333333,49,41,crossed_often,left,0,left,23
1774306438.4706833,pure_pursuit,HOLD_AND_STOP,hold_and_stop,1,234,0.2812719103601164,0.30628223453383085,242,1.0,0.0,0.0,0.0,0.0,0.0,,,1000,1500,0.44629335000000014,1,335,0,fallback_hold_and_stop,left_only_from_pair_reject,1,1,11,43,0,-949.0111790775708,614.322360885666,80.57539968017171,486.7668934996851,crossed_often,,,,,,,-0.752983412910548,0.415839746475329,-0.7529834129105479,583,1,real,200,640,360,,24.153709411621094,,33.844709396362305,real,left,50,54,3407,3371,3371,3407,3371,3371,74463,0,26,142,179,55,55,centerline_fallback,0.0,0.0,-329.81105406040604,29,0,11,0,22,0,0,left,1,50,32,left,0.9737083333333332,0.5486666666666666,7,60,23,7,9,1,1,0,0.8388122456848578,1,0,1,277.88215886165796,0,,left_only_from_pair_reject,345,,0.9737083333333332,0.5486666666666666,50,42,crossed_often,left,0,left,24
1774306438.5550883,pure_pursuit,HOLD_AND_STOP,hold_and_stop,1,234,0.2812719103601164,0.30628223453383085,242,1.0,0.0,0.0,0.0,0.0,0.0,,,1000,1500,0.4461531000000001,1,336,0,fallback_hold_and_stop,left_only_from_pair_reject,1,1,11,43,0,-948.8456601851371,615.3404522942119,80.59168900585671,486.94052947715863,crossed_often,,,,,,,-0.752983412910548,0.415839746475329,-0.7529834129105479,584,1,real,200,640,360,,24.996042251586914,,32.09686279296875,real,left,49,53,3364,3324,3324,3364,3324,3324,74463,0,26,142,179,55,55,centerline_fallback,0.0,0.0,-326.7502623021335,26,0,11,0,22,0,0,left,1,49,31,left,0.9714166666666666,0.5486666666666666,7,60,23,7,9,1,1,0,1.1131318755584891,1,0,1,276.59060091795857,0,,left_only_from_pair_reject,346,,0.9714166666666666,0.5486666666666666,49,43,crossed_often,left,0,left,25
1774306438.637805,pure_pursuit,HOLD_AND_STOP,hold_and_stop,1,234,0.2812719103601164,0.30628223453383085,242,1.0,0.0,0.0,0.0,0.0,0.0,,,1000,1500,0.42779310000000004,1,337,0,fallback_hold_and_stop,left_only_from_pair_reject,1,1,8,43,0,-948.9177133137881,616.2904324541472,80.63340347030845,487.1866624001612,crossed_often,,,,,,,-0.752983412910548,0.415839746475329,-0.7529834129105479,585,1,real,200,640,360,,36.01980209350586,,43.69640350341797,real,left,49,48,3340,3290,3290,3340,3290,3290,74463,0,26,142,179,55,55,centerline_fallback,0.0,0.0,-323.69888232265293,25,0,8,0,16,0,0,left,1,49,32,left,0.9714166666666666,0.5486666666666666,7,60,23,7,9,1,1,0,1.051356704210887,1,0,1,279.4746715597308,0,,left_only_from_pair_reject,347,,0.9714166666666666,0.5486666666666666,49,40,crossed_often,left,0,left,26
1774306438.7321167,pure_pursuit,HOLD_AND_STOP,hold_and_stop,1,234,0.2812719103601164,0.30628223453383085,242,1.0,0.0,0.0,0.0,0.0,0.0,,,1000,1500,0.4398928500000001,1,338,0,fallback_hold_and_stop,left_only_from_pair_reject,1,1,10,43,0,-949.1343745016145,616.43236226675,80.67635091385178,487.30133384647513,crossed_often,,,,,,,-0.752983412910548,0.415839746475329,-0.7529834129105479,586,1,real,200,640,360,,33.33163261413574,,38.98215293884277,real,left,48,52,3324,3276,3276,3324,3276,3276,74463,0,26,142,179,55,55,centerline_fallback,0.0,0.0,-320.65755121998893,25,0,10,0,20,0,0,left,1,48,32,left,0.969125,0.5486666666666666,7,60,23,7,9,1,1,0,0.3991692633272772,1,0,1,281.4623987501594,0,,left_only_from_pair_reject,348,,0.969125,0.5486666666666666,48,42,crossed_often,left,0,left,27
1774306438.8222694,pure_pursuit,HOLD_AND_STOP,hold_and_stop,1,234,0.2812719103601164,0.30628223453383085,242,1.0,0.0,0.0,0.0,0.0,0.0,,,1000,1500,0.4500291000000001,1,339,0,fallback_hold_and_stop,left_only_from_pair_reject,1,1,12,43,0,-949.1143891846026,616.4749113149653,80.77714142313076,487.3168519353724,crossed_often,,,,,,,-0.752983412910548,0.415839746475329,-0.7529834129105479,587,1,real,200,640,360,,22.516250610351562,,31.027555465698242,real,left,50,55,3328,3279,3279,3328,3279,3279,74463,0,26,142,179,55,55,centerline_fallback,0.0,0.0,-317.6283969050123,32,0,12,0,24,0,0,left,1,50,31,left,0.9737083333333332,0.5097083333333333,7,60,23,7,9,1,1,0,0.3604884060758811,1,0,1,275.4382121961036,0,,left_only_from_pair_reject,349,,0.9737083333333332,0.5097083333333333,50,43,crossed_often,left,0,left,28
1774306438.9043014,pure_pursuit,HOLD_AND_STOP,hold_and_stop,1,234,0.2812719103601164,0.30628223453383085,242,1.0,0.0,0.0,0.0,0.0,0.0,,,1000,1500,0.4279333500000001,1,340,0,fallback_hold_and_stop,left_only_from_pair_reject,1,1,8,43,0,-949.1440608506216,616.6124869133195,81.06112530843687,487.39514849914394,crossed_often,,,,,,,-0.752983412910548,0.415839746475329,-0.7529834129105479,588,1,real,200,640,360,,35.64763069152832,,45.15886306762695,real,left,50,47,3331,3297,3297,3331,3297,3297,74463,0,26,142,179,55,55,centerline_fallback,0.0,0.0,-314.61178927495473,26,0,8,0,16,0,0,left,1,50,31,left,0.9737083333333332,0.5486666666666666,7,60,23,7,9,1,1,0,1.0253279833593092,1,0,1,279.04181261872657,0,,left_only_from_pair_reject,350,,0.9737083333333332,0.5486666666666666,50,39,crossed_often,left,0,left,29
1774306439.0040026,pure_pursuit,HOLD_AND_STOP,hold_and_stop,1,234,0.2812719103601164,0.30628223453383085,242,1.0,0.0,0.0,0.0,0.0,0.0,,,1000,1500,0.44017335000000013,1,341,0,fallback_hold_and_stop,left_only_from_pair_reject,1,1,10,43,0,-949.1074994413977,616.7426726370213,81.26850979534525,487.43837359518005,crossed_often,,,,,,,-0.752983412910548,0.415839746475329,-0.7529834129105479,589,1,real,200,640,360,,44.615983963012695,,60.62150001525879,real,left,50,51,3327,3293,3293,3327,3293,3293,74463,0,26,142,179,55,55,centerline_fallback,0.0,0.0,-311.6096598490424,23,0,10,0,20,0,0,left,1,50,31,left,0.9737083333333332,0.5486666666666666,7,60,23,7,9,1,1,0,0.7415905272633253,1,0,1,278.9114251609235,0,,left_only_from_pair_reject,351,,0.9737083333333332,0.5486666666666666,50,41,crossed_often,left,0,left,30
1774306439.1151552,pure_pursuit,HOLD_AND_STOP,hold_and_stop,1,234,0.2812719103601164,0.30628223453383085,242,1.0,0.0,0.0,0.0,0.0,0.0,,,1000,1500,0.44003310000000007,1,342,0,fallback_hold_and_stop,left_only_from_pair_reject,1,1,10,43,0,-948.6159036321743,617.3516138092566,81.4374366059233,487.42337585637705,crossed_often,,,,,,,-0.752983412910548,0.415839746475329,-0.7529834129105479,590,1,real,200,640,360,,42.53244400024414,,56.5485954284668,real,left,49,51,3326,3280,3280,3326,3280,3280,74463,0,26,142,179,55,55,centerline_fallback,0.0,0.0,-308.6220367219818,28,0,10,0,20,0,0,left,1,49,31,left,0.9714166666666666,0.5486666666666666,7,60,23,7,9,1,1,0,0.6720562493418204,1,0,1,279.2034393124414,0,,left_only_from_pair_reject,352,,0.9714166666666666,0.5486666666666666,49,39,crossed_often,left,0,left,31
1774306439.2252731,pure_pursuit,HOLD_AND_STOP,hold_and_stop,1,234,0.2812719103601164,0.30628223453383085,242,1.0,0.0,0.0,0.0,0.0,0.0,,,1000,1500,0.4337728500000001,1,343,0,fallback_hold_and_stop,left_only_from_pair_reject,1,1,9,43,0,-948.2706303800489,617.7888389881648,81.53934433715413,487.412896986804,crossed_often,,,,,,,-0.752983412910548,0.415839746475329,-0.7529834129105479,591,1,real,200,640,360,,32.9289436340332,,43.94793510437012,real,left,48,50,3298,3254,3254,3298,3254,3254,74463,0,26,142,179,55,55,centerline_fallback,0.0,0.0,-305.6461433626592,22,0,9,0,18,0,0,left,1,48,32,left,0.969125,0.5486666666666666,7,60,23,7,9,1,1,0,0.4771570835756113,1,0,1,278.82211728123434,0,,left_only_from_pair_reject,353,,0.969125,0.5486666666666666,48,40,crossed_often,left,0,left,32
1774306439.3208144,pure_pursuit,HOLD_AND_STOP,hold_and_stop,1,234,0.2812719103601164,0.30628223453383085,242,1.0,0.0,0.0,0.0,0.0,0.0,,,1000,1500,0.44003310000000007,1,344,0,fallback_hold_and_stop,left_only_from_pair_reject,1,1,10,43,0,-948.5819783889172,617.8703121343915,81.54231653470325,487.54236069407995,crossed_often,,,,,,,-0.752983412910548,0.415839746475329,-0.7529834129105479,592,1,real,200,640,360,,32.70316123962402,,43.221235275268555,real,left,51,50,3276,3237,3237,3276,3237,3237,74463,0,26,142,179,55,55,centerline_fallback,0.0,0.0,-302.6816515712529,24,1,9,2,18,0,0,left,1,49,32,left,0.9714166666666666,0.5486666666666666,7,60,23,7,9,1,1,0,0.4043970517592077,1,0,1,278.9949073845101,0,,left_only_from_pair_reject,354,,0.9714166666666666,0.5486666666666666,51,40,crossed_often,left,0,left,33
1774306439.415071,pure_pursuit,HOLD_AND_STOP,hold_and_stop,1,234,0.2812719103601164,0.30628223453383085,242,1.0,0.0,0.0,0.0,0.0,0.0,,,1000,1500,0.46451310000000007,1,345,0,fallback_hold_and_stop,left_only_from_pair_reject,1,1,14,43,0,-948.994277156477,617.534835344545,81.25223725224873,487.5754951527595,crossed_often,,,,,,,-0.752983412910548,0.415839746475329,-0.7529834129105479,593,1,real,200,640,360,,20.632266998291016,,30.035734176635742,real,left,49,60,3240,3196,3196,3240,3196,3196,74463,0,26,142,179,55,55,centerline_fallback,0.0,0.0,-299.7290311278566,26,0,14,0,28,0,0,left,1,49,32,left,0.9714166666666666,0.5486666666666666,7,60,23,7,9,1,1,0,1.035367816948353,1,0,1,281.1794029030579,0,,left_only_from_pair_reject,355,,0.9714166666666666,0.5486666666666666,49,44,crossed_often,left,0,left,34
1774306439.496667,pure_pursuit,HOLD_AND_STOP,hold_and_stop,1,234,0.2812719103601164,0.30628223453383085,242,1.0,0.0,0.0,0.0,0.0,0.0,,,1000,1500,0.42779310000000004,1,346,0,fallback_hold_and_stop,left_only_from_pair_reject,1,1,8,43,0,-949.2093006299888,617.1367259024913,80.95118714012877,487.522934648946,crossed_often,,,,,,,-0.752983412910548,0.415839746475329,-0.7529834129105479,594,1,real,200,640,360,,47.583818435668945,,56.57172203063965,real,left,49,48,3196,3154,3154,3196,3154,3154,74463,0,26,142,179,55,55,centerline_fallback,0.0,0.0,-296.78569768612783,28,0,8,0,16,0,0,left,1,49,32,left,0.9714166666666666,0.5486666666666666,7,60,23,7,9,1,1,0,1.0751375297139067,1,0,1,277.8887656454988,0,,left_only_from_pair_reject,356,,0.9714166666666666,0.5486666666666666,49,39,crossed_often,left,0,left,35
1774306439.6042712,pure_pursuit,HOLD_AND_STOP,hold_and_stop,1,234,0.2812719103601164,0.30628223453383085,242,1.0,0.0,0.0,0.0,0.0,0.0,,,1000,1500,0.4461531000000001,1,347,0,fallback_hold_and_stop,left_only_from_pair_reject,1,1,11,43,0,-949.2093058333518,617.1370082802717,80.79037590360782,487.5023125328605,crossed_often,,,,,,,-0.752983412910548,0.415839746475329,-0.7529834129105479,595,1,real,200,640,360,,32.75918960571289,,42.19865798950195,real,left,49,53,3183,3143,3143,3183,3143,3143,74463,0,26,142,179,55,55,centerline_fallback,0.0,0.0,-293.85136964946196,28,0,11,0,22,0,0,left,1,49,31,left,0.9714166666666666,0.5486666666666666,7,60,23,7,9,1,1,0,0.5791428816129288,1,0,1,277.6415593799932,0,,left_only_from_pair_reject,357,,0.9714166666666666,0.5486666666666666,49,41,crossed_often,left,0,left,36
1774306439.6975815,pure_pursuit,HOLD_AND_STOP,hold_and_stop,1,234,0.2812719103601164,0.30628223453383085,242,1.0,0.0,0.0,0.0,0.0,0.0,,,1000,1500,0.43391310000000005,1,348,0,fallback_hold_and_stop,left_only_from_pair_reject,1,1,9,43,0,-949.0238809748008,617.3596869959276,80.71107847193039,487.47673157164286,crossed_often,,,,,,,-0.752983412910548,0.415839746475329,-0.7529834129105479,596,1,real,200,640,360,,34.01041030883789,,44.06142234802246,real,left,49,47,3108,3062,3062,3108,3062,3062,74463,0,26,142,179,55,55,centerline_fallback,0.0,0.0,-290.92633255835665,26,0,9,0,18,0,0,left,1,49,29,left,0.9714166666666666,0.5486666666666666,7,60,23,7,9,1,1,0,0.5311087329454424,1,0,1,278.1018026109487,0,,left_only_from_pair_reject,358,,0.9714166666666666,0.5486666666666666,49,38,crossed_often,left,0,left,37
1774306439.7926466,pure_pursuit,HOLD_AND_STOP,hold_and_stop,1,234,0.2812719103601164,0.30628223453383085,242,1.0,0.0,0.0,0.0,0.0,0.0,,,1000,1500,0.4461531000000001,1,349,0,fallback_hold_and_stop,left_only_from_pair_reject,1,1,11,43,0,-949.4008326199532,617.3850740164835,80.48087058972136,487.5868200850135,crossed_often,,,,,,,-0.752983412910548,0.415839746475329,-0.7529834129105479,597,1,real,200,640,360,,30.964136123657227,,40.490150451660156,real,left,49,51,3096,3059,3059,3096,3059,3059,74463,0,26,142,179,55,55,centerline_fallback,0.0,0.0,-288.0106554807478,28,0,11,0,22,0,0,left,1,49,29,left,0.9714166666666666,0.5486666666666666,7,60,23,7,9,1,1,0,0.8309612414268632,1,0,1,279.2379411007432,0,,left_only_from_pair_reject,359,,0.9714166666666666,0.5486666666666666,49,37,crossed_often,left,0,left,38
1774306439.8841014,pure_pursuit,HOLD_AND_STOP,hold_and_stop,1,234,0.2812719103601164,0.30628223453383085,242,1.0,0.0,0.0,0.0,0.0,0.0,,,1000,1500,0.4508706000000001,1,350,0,fallback_hold_and_stop,left_only_from_pair_reject,1,1,12,43,0,-949.1870324819452,617.9516863385969,80.64931701239404,487.66103108052283,crossed_often,,,,,,,-0.752983412910548,0.415839746475329,-0.7529834129105479,598,1,real,200,640,360,,34.03878211975098,,40.53664207458496,real,left,49,45,3080,3002,3002,3080,3002,3002,74463,0,26,142,179,55,55,centerline_fallback,0.0,0.0,-285.10395942128923,27,0,12,0,24,0,0,left,1,49,21,left,0.9714166666666666,0.52575,7,60,23,7,9,1,1,0,0.5999283721591913,1,0,1,277.54538775084706,0,,left_only_from_pair_reject,360,,0.9714166666666666,0.52575,49,31,crossed_often,left,0,left,39
1774306439.9752576,pure_pursuit,HOLD_AND_STOP,hold_and_stop,1,234,0.2812719103601164,0.30628223453383085,242,1.0,0.0,0.0,0.0,0.0,0.0,,,1000,1500,0.4510108500000001,1,351,0,fallback_hold_and_stop,left_only_from_pair_reject,1,1,12,43,0,-949.128172206616,618.592214533035,80.69569854638053,487.79143948845575,crossed_often,,,,,,,-0.752983412910548,0.415839746475329,-0.7529834129105479,599,1,real,200,640,360,,36.91387176513672,,44.00944709777832,real,left,48,45,3084,3019,3019,3084,3019,3019,74463,0,26,142,179,55,55,centerline_fallback,0.0,0.0,-282.20977145635237,27,0,12,0,24,0,0,left,1,48,21,left,0.969125,0.5303333333333333,7,60,23,7,9,1,1,0,0.6374135941821858,1,0,1,282.38476435559744,0,,left_only_from_pair_reject,361,,0.969125,0.5303333333333333,48,31,crossed_often,left,0,left,40
1774306440.0700252,pure_pursuit,HOLD_AND_STOP,hold_and_stop,1,234,0.2812719103601164,0.30628223453383085,242,1.0,0.0,0.0,0.0,0.0,0.0,,,1000,1500,0.45073035000000006,1,352,0,fallback_hold_and_stop,left_only_from_pair_reject,1,1,12,43,0,-949.0717888800283,618.9615181749725,80.59554723792884,487.84245818818687,crossed_often,,,,,,,-0.752983412910548,0.415839746475329,-0.7529834129105479,600,1,real,200,640,360,,34.99579429626465,,44.08621788024902,real,left,49,46,3055,2974,2974,3055,2974,2974,74463,0,26,142,179,55,55,centerline_fallback,0.0,0.0,-279.32612914261034,25,0,12,0,24,0,0,left,1,49,22,left,0.9714166666666666,0.5234583333333334,7,60,23,7,9,1,1,0,0.6691663887644623,1,0,1,276.22502475001977,0,,left_only_from_pair_reject,362,,0.9714166666666666,0.5234583333333334,49,34,crossed_often,left,0,left,41
1774306440.1651225,pure_pursuit,HOLD_AND_STOP,hold_and_stop,1,234,0.2812719103601164,0.30628223453383085,242,1.0,0.0,0.0,0.0,0.0,0.0,,,1000,1500,0.44447010000000015,1,353,0,fallback_hold_and_stop,left_only_from_pair_reject,1,1,11,43,0,-948.8740014833471,619.4359834582901,80.64839877996216,487.8867867482901,crossed_often,,,,,,,-0.752983412910548,0.415839746475329,-0.7529834129105479,601,1,real,200,640,360,,31.995773315429688,,40.700435638427734,real,left,48,44,3023,2963,2963,3023,2963,2963,74463,0,26,142,179,55,55,centerline_fallback,0.0,0.0,-276.4517243741966,22,0,11,0,22,0,0,left,1,48,22,left,0.969125,0.5234583333333334,7,60,23,7,9,1,1,0,0.4751001855508387,1,0,1,277.4667352757399,0,,left_only_from_pair_reject,363,,0.969125,0.5234583333333334,48,33,crossed_often,left,0,left,42
1774306440.2562983,pure_pursuit,HOLD_AND_STOP,hold_and_stop,1,234,0.2812719103601164,0.30628223453383085,242,1.0,0.0,0.0,0.0,0.0,0.0,,,1000,1500,0.43835010000000013,1,354,0,fallback_hold_and_stop,left_only_from_pair_reject,1,1,10,43,0,-948.6391122492728,620.1004932222564,80.64405470441218,487.9539144822054,crossed_often,,,,,,,-0.752983412910548,0.415839746475329,-0.7529834129105479,602,1,real,200,640,360,,34.00135040283203,,41.00799560546875,real,left,48,42,3018,2964,2964,3018,2964,2964,74463,0,26,142,179,55,55,centerline_fallback,0.0,0.0,-273.5880807327849,27,0,10,0,20,0,0,left,1,48,22,left,0.969125,0.5234583333333334,7,60,23,7,9,1,1,0,0.7901192320580217,1,0,1,280.30505240761636,0,,left_only_from_pair_reject,364,,0.969125,0.5234583333333334,48,33,crossed_often,left,0,left,43
1774306440.3484328,pure_pursuit,HOLD_AND_STOP,hold_and_stop,1,234,0.2812719103601164,0.30628223453383085,242,1.0,0.0,0.0,0.0,0.0,0.0,,,1000,1500,0.4567101000000002,1,355,0,fallback_hold_and_stop,left_only_from_pair_reject,1,1,13,43,0,-948.5875772612808,620.1761649037587,80.55234578320798,487.9411466236685,crossed_often,,,,,,,-0.752983412910548,0.415839746475329,-0.7529834129105479,603,1,real,200,640,360,,24.916410446166992,,34.623146057128906,real,left,48,48,3028,2971,2971,3028,2971,2971,74463,0,26,142,179,55,55,centerline_fallback,0.0,0.0,-270.73357479042966,29,0,13,0,26,0,0,left,1,48,22,left,0.969125,0.5234583333333334,7,60,23,7,9,1,1,0,0.3828301141577588,1,0,1,281.5085095905601,0,,left_only_from_pair_reject,365,,0.969125,0.5234583333333334,48,32,crossed_often,left,0,left,44
1774306440.4335654,pure_pursuit,HOLD_AND_STOP,hold_and_stop,1,234,0.2812719103601164,0.30628223453383085,242,1.0,0.0,0.0,0.0,0.0,0.0,,,1000,1500,0.43820985000000007,1,356,0,fallback_hold_and_stop,left_only_from_pair_reject,1,1,10,43,0,-949.6416990735252,619.2115940866215,79.9593072548984,488.020303571532,crossed_often,,,,,,,-0.752983412910548,0.415839746475329,-0.7529834129105479,604,1,real,200,640,360,,29.4034481048584,,35.38155555725098,real,left,50,40,2999,2945,2945,2999,2945,2945,74463,0,26,142,179,55,55,centerline_fallback,0.0,0.0,-267.88954150390794,23,1,9,2,18,0,0,left,1,48,22,left,0.969125,0.5211666666666667,7,60,23,7,9,1,1,0,2.1148671867079276,1,0,1,276.1354251813677,0,,left_only_from_pair_reject,366,,0.969125,0.5211666666666667,49,33,crossed_often,left,0,left,45
1774306440.5198736,pure_pursuit,HOLD_AND_STOP,hold_and_stop,1,234,0.2812719103601164,0.30628223453383085,242,1.0,0.0,0.0,0.0,0.0,0.0,,,1000,1500,0.4742286000000001,1,357,0,fallback_hold_and_stop,left_only_from_pair_reject,1,1,16,43,0,-950.7936974762977,617.583370002384,79.18643801447833,487.9605460653037,crossed_often,,,,,,,-0.752983412910548,0.415839746475329,-0.7529834129105479,605,1,real,200,640,360,,21.511316299438477,,29.022216796875,real,left,49,52,2995,2938,2938,2995,2938,2938,74463,0,26,142,179,55,55,centerline_fallback,0.0,0.0,-265.0537959866632,30,1,15,2,30,0,0,left,1,47,22,left,0.9576666666666667,0.5211666666666667,7,60,23,7,9,1,1,0,2.7556101899326504,1,0,1,281.2946358393127,0,,left_only_from_pair_reject,367,,0.9576666666666667,0.5211666666666667,48,32,crossed_often,left,0,left,46
1774306440.599417,pure_pursuit,HOLD_AND_STOP,hold_and_stop,1,234,0.2812719103601164,0.30628223453383085,242,1.0,0.0,0.0,0.0,0.0,0.0,,,1000,1500,0.44376885000000005,1,358,0,fallback_hold_and_stop,left_only_from_pair_reject,1,1,11,43,0,-950.840033409288,617.6346816977982,78.75975432205152,487.9341047604833,crossed_often,,,,,,,-0.752983412910548,0.415839746475329,-0.7529834129105479,606,1,real,200,640,360,,18.996715545654297,,25.014400482177734,real,left,48,44,3006,2942,2942,3006,2942,2942,74463,0,26,142,179,55,55,centerline_fallback,0.0,0.0,-262.2260291919869,26,0,11,0,22,0,0,left,1,48,22,left,0.9599583333333332,0.5211666666666667,7,60,23,7,9,1,1,0,1.5432975457979845,1,0,1,277.30791727162335,0,,left_only_from_pair_reject,368,,0.9599583333333332,0.5211666666666667,48,31,crossed_often,left,0,left,47
1774306440.6754754,pure_pursuit,HOLD_AND_STOP,hold_and_stop,1,234,0.2812719103601164,0.30628223453383085,242,1.0,0.0,0.0,0.0,0.0,0.0,,,1000,1500,0.45107715000000015,1,359,0,fallback_hold_and_stop,left_only_from_pair_reject,1,1,13,43,0,-951.6778869181535,616.5519141006097,77.67458890371985,487.84686247090355,crossed_often,,,,,,,-0.752983412910548,0.415839746475329,-0.7529834129105479,607,1,real,200,640,360,,23.000478744506836,,29.041767120361328,real,left,48,27,2999,2929,2929,2999,2929,2929,74463,0,26,142,179,55,55,centerline_fallback,0.0,0.0,-259.404039343986,29,0,13,0,26,0,0,left,1,48,1,left,0.8839583333333334,0.5165833333333333,7,60,23,7,9,1,1,0,3.8765287654303733,1,0,1,243.19356898083547,0,,left_only_from_pair_reject,369,,0.8839583333333334,0.5165833333333333,48,20,crossed_often,left,0,left,48
1774306440.755179,pure_pursuit,HOLD_AND_STOP,hold_and_stop,1,234,0.2812719103601164,0.30628223453383085,242,1.0,0.0,0.0,0.0,0.0,0.0,,,1000,1500,0.4436286000000001,1,360,0,fallback_hold_and_stop,left_only_from_pair_reject,1,1,11,43,0,-951.8256349954322,616.9163170378149,77.3095659104688,487.9355888452407,crossed_often,,,,,,,-0.752983412910548,0.415839746475329,-0.7529834129105479,608,1,real,200,640,360,,34.90281105041504,,41.61953926086426,real,left,48,43,2956,2920,2920,2956,2920,2920,74463,0,26,142,179,55,55,centerline_fallback,0.0,0.0,-256.5829802756961,26,0,11,0,22,0,0,left,1,48,21,left,0.9599583333333332,0.518875,7,60,23,7,9,1,1,0,1.5101697155680778,1,0,1,279.5554080752496,0,,left_only_from_pair_reject,370,,0.9599583333333332,0.518875,48,31,crossed_often,left,0,left,49
1774306440.8483171,pure_pursuit,HOLD_AND_STOP,hold_and_stop,1,234,0.2812719103601164,0.30628223453383085,242,1.0,0.0,0.0,0.0,0.0,0.0,,,1000,1500,0.4553076000000001,1,361,0,fallback_hold_and_stop,left_only_from_pair_reject,1,1,13,43,0,-952.3226171645949,615.7569719836297,76.5655375888485,487.7534674736249,crossed_often,,,,,,,-0.752983412910548,0.415839746475329,-0.7529834129105479,609,1,real,200,640,360,,20.09105682373047,,27.583599090576172,real,left,46,27,2910,2870,2870,2910,2870,2870,74463,0,26,142,179,55,55,centerline_fallback,0.0,0.0,-253.76784262815355,26,0,13,0,26,0,0,left,1,46,1,left,0.9530833333333333,0.5165833333333333,7,60,23,7,9,1,1,0,2.6566119303237485,1,0,1,273.2646910357108,0,,left_only_from_pair_reject,371,,0.9530833333333333,0.5165833333333333,46,20,crossed_often,left,0,left,50
1774306440.9274278,pure_pursuit,HOLD_AND_STOP,hold_and_stop,1,234,0.2812719103601164,0.30628223453383085,242,1.0,0.0,0.0,0.0,0.0,0.0,,,1000,1500,0.44179260000000015,1,362,0,fallback_hold_and_stop,left_only_from_pair_reject,1,1,11,43,0,-952.0538252674303,616.2991245334383,76.00122829439367,487.7096451903008,crossed_often,,,,,,,-0.752983412910548,0.415839746475329,-0.7529834129105479,610,1,real,200,640,360,,32.50527381896973,,41.51797294616699,real,left,49,23,2902,2859,2859,2902,2859,2859,74463,0,26,142,179,55,55,centerline_fallback,0.0,0.0,-250.95876037568067,22,0,11,0,22,0,0,left,1,49,1,left,0.9622499999999998,0.48658333333333337,7,60,23,7,9,1,1,0,2.383933296213783,1,0,1,274.6732857889179,0,,left_only_from_pair_reject,372,,0.9622499999999998,0.48658333333333337,49,15,crossed_often,left,0,left,51
1774306441.0194607,pure_pursuit,HOLD_AND_STOP,hold_and_stop,1,234,0.2812719103601164,0.30628223453383085,242,1.0,0.0,0.0,0.0,0.0,0.0,,,1000,1500,0.4416523500000001,1,363,0,fallback_hold_and_stop,left_only_from_pair_reject,1,1,11,43,0,-952.3384578650575,616.4597864505465,75.46112799350928,487.7786667014049,crossed_often,,,,,,,-0.752983412910548,0.415839746475329,-0.7529834129105479,611,1,real,200,640,360,,35.982370376586914,,45.9902286529541,real,left,48,23,2912,2880,2880,2912,2880,2880,74463,0,26,142,179,55,55,centerline_fallback,0.0,0.0,-248.15216656804577,24,0,11,0,22,0,0,left,1,48,1,left,0.9599583333333332,0.48658333333333337,7,60,23,7,9,1,1,0,1.990718400943352,1,0,1,275.67573683476064,0,,left_only_from_pair_reject,373,,0.9599583333333332,0.48658333333333337,48,15,crossed_often,left,0,left,52
1774306441.116961,pure_pursuit,HOLD_AND_STOP,hold_and_stop,1,234,0.2812719103601164,0.30628223453383085,242,1.0,0.0,0.0,0.0,0.0,0.0,,,1000,1500,0.44896065000000007,1,364,0,fallback_hold_and_stop,left_only_from_pair_reject,1,1,13,43,0,-955.5247401027696,612.9302273133261,73.55341054093186,487.8630504214574,crossed_often,,,,,,,-0.752983412910548,0.415839746475329,-0.7529834129105479,612,1,real,200,640,360,,24.88851547241211,,35.89367866516113,real,left,46,27,2867,2821,2821,2867,2821,2821,74463,0,26,142,179,55,55,centerline_fallback,0.0,0.0,-245.35083619614363,25,0,13,0,26,0,0,left,1,46,1,left,0.8770833333333332,0.48887500000000006,7,60,23,7,9,1,1,0,6.80238180775529,1,0,1,276.2602997377741,0,,left_only_from_pair_reject,374,,0.8770833333333332,0.48887500000000006,46,15,crossed_often,left,0,left,53
1774306441.2038562,pure_pursuit,HOLD_AND_STOP,hold_and_stop,1,234,0.2812719103601164,0.30628223453383085,242,1.0,0.0,0.0,0.0,0.0,0.0,,,1000,1500,0.43140390000000006,1,365,0,fallback_hold_and_stop,left_only_from_pair_reject,1,1,10,43,0,-957.2942695831342,610.6281904110024,72.09751493421182,487.7820471265855,crossed_often,,,,,,,-0.752983412910548,0.415839746475329,-0.7529834129105479,613,1,real,200,640,360,,37.52541542053223,,45.03345489501953,real,left,46,21,2852,2810,2810,2852,2810,2810,74463,0,26,142,179,55,55,centerline_fallback,0.0,0.0,-242.54987594651055,26,0,10,0,20,0,0,left,1,46,1,left,0.8770833333333332,0.502,7,60,23,7,9,1,1,0,5.195270698682335,1,0,1,262.7298474161447,0,,left_only_from_pair_reject,375,,0.8770833333333332,0.502,46,17,crossed_often,left,0,left,54
1774306441.3004093,pure_pursuit,HOLD_AND_STOP,hold_and_stop,1,234,0.2812719103601164,0.30628223453383085,242,1.0,0.0,0.0,0.0,0.0,0.0,,,1000,1500,0.4366314000000001,1,366,0,fallback_hold_and_stop,left_only_from_pair_reject,1,1,11,43,0,-961.1033892781888,606.631147427418,69.94017288709502,487.95122979508665,crossed_often,,,,,,,-0.752983412910548,0.415839746475329,-0.7529834129105479,614,1,real,200,640,360,,35.552978515625,,41.57567024230957,real,left,45,23,2830,2810,2810,2830,2810,2810,74463,0,26,142,179,55,55,centerline_fallback,0.0,0.0,-239.7503703456323,21,0,11,0,22,0,0,left,1,45,1,left,0.8656250000000001,0.498875,7,60,23,7,9,1,1,0,7.69167797024164,1,0,1,277.7252954732528,0,,left_only_from_pair_reject,376,,0.8656250000000001,0.498875,45,16,crossed_often,left,0,left,55
1774306441.3927932,pure_pursuit,HOLD_AND_STOP,hold_and_stop,1,234,0.2812719103601164,0.30628223453383085,242,1.0,0.0,0.0,0.0,0.0,0.0,,,1000,1500,0.4357389000000001,1,367,0,fallback_hold_and_stop,left_only_from_pair_reject,1,1,11,43,0,-963.7958902579495,603.842148659661,68.24726974509161,488.05825638341594,crossed_often,,,,,,,-0.752983412910548,0.415839746475329,-0.7529834129105479,615,1,real,200,640,360,,35.451650619506836,,42.45734214782715,real,left,45,23,2823,2790,2790,2823,2790,2790,74463,0,26,142,179,55,55,centerline_fallback,0.0,0.0,-236.94971492007718,22,0,11,0,22,0,0,left,1,45,1,left,0.8656250000000001,0.4842916666666667,7,60,23,7,9,1,1,0,6.038210588150579,1,0,1,270.3101961003252,0,,left_only_from_pair_reject,377,,0.8656250000000001,0.4842916666666667,45,15,crossed_often,left,0,left,56
1774306441.4858634,pure_pursuit,HOLD_AND_STOP,hold_and_stop,1,234,0.2812719103601164,0.30628223453383085,242,1.0,0.0,0.0,0.0,0.0,0.0,,,1000,1500,0.4462296000000001,1,368,0,fallback_hold_and_stop,left_only_from_pair_reject,1,1,12,43,0,-965.3638792328773,602.0179052224224,67.0808785606732,488.0522315860679,crossed_often,,,,,,,-0.752983412910548,0.415839746475329,-0.7529834129105479,616,1,real,200,640,360,,19.006967544555664,,25.376319885253906,real,left,47,23,2815,2771,2771,2815,2771,2771,74463,0,26,142,179,55,55,centerline_fallback,0.0,0.0,-234.14967189409575,28,1,11,2,22,0,0,left,1,45,1,left,0.9416249999999999,0.47970833333333335,7,60,23,7,9,1,1,0,4.161703184997303,1,0,1,276.6087317536729,0,,left_only_from_pair_reject,378,,0.9416249999999999,0.47970833333333335,45,15,crossed_often,left,0,left,57
1774306441.5626628,pure_pursuit,HOLD_AND_STOP,hold_and_stop,1,234,0.2812719103601164,0.30628223453383085,242,1.0,0.0,0.0,0.0,0.0,0.0,,,1000,1500,0.4368456000000001,1,369,0,fallback_hold_and_stop,left_only_from_pair_reject,1,1,10,43,0,-967.0592344450342,599.925748306482,66.11184187530498,488.0567856759274,crossed_often,,,,,,,-0.752983412910548,0.415839746475329,-0.7529834129105479,617,1,real,200,640,360,,36.99088096618652,,44.08383369445801,real,left,45,21,2928,2887,2887,2928,2887,2887,74463,0,26,142,179,55,55,centerline_fallback,0.0,0.0,-231.35403493407745,26,0,10,0,20,0,0,left,1,45,1,left,0.9416249999999999,0.5263749999999999,7,60,23,7,9,1,1,0,3.4538982505768834,1,0,1,279.335276988996,0,,left_only_from_pair_reject,379,,0.9416249999999999,0.5263749999999999,45,16,crossed_often,left,0,left,58
1774306441.6575248,pure_pursuit,HOLD_AND_STOP,hold_and_stop,1,234,0.2812719103601164,0.30628223453383085,242,1.0,0.0,0.0,0.0,0.0,0.0,,,1000,1500,0.4486648500000001,1,370,0,fallback_hold_and_stop,left_only_from_pair_reject,1,1,12,43,0,-968.2555078070438,598.2054985856437,65.36943319363579,487.99761370296096,crossed_often,,,,,,,-0.752983412910548,0.415839746475329,-0.7529834129105479,618,1,real,200,640,360,,34.93046760559082,,40.9388542175293,real,left,45,25,2954,2904,2904,2954,2904,2904,74463,0,26,142,179,55,55,centerline_fallback,0.0,0.0,-228.56742204896253,27,0,12,0,24,0,0,left,1,45,1,left,0.9416249999999999,0.5195,7,60,23,7,9,1,1,0,2.646081655385615,1,0,1,278.76589344530043,0,,left_only_from_pair_reject,380,,0.9416249999999999,0.5195,45,16,crossed_often,left,0,left,59
1774306441.7496033,pure_pursuit,HOLD_AND_STOP,hold_and_stop,1,234,0.2812719103601164,0.30628223453383085,242,1.0,0.0,0.0,0.0,0.0,0.0,,,1000,1500,0.43614435000000007,1,371,0,fallback_hold_and_stop,left_only_from_pair_reject,1,1,10,43,0,-968.8418501277492,597.276865599765,64.86440678591688,487.931038930772,crossed_often,,,,,,,-0.752983412910548,0.415839746475329,-0.7529834129105479,619,1,real,200,640,360,,35.27641296386719,,44.40641403198242,real,left,45,21,2984,2904,2904,2984,2904,2904,74463,0,26,142,179,55,55,centerline_fallback,0.0,0.0,-225.7913764600324,25,0,10,0,20,0,0,left,1,45,1,left,0.9416249999999999,0.5149166666666667,7,60,23,7,9,1,1,0,1.8017690994507585,1,0,1,290.3530650549188,0,,left_only_from_pair_reject,381,,0.9416249999999999,0.5149166666666667,45,16,crossed_often,left,0,left,60
1774306441.844748,pure_pursuit,HOLD_AND_STOP,hold_and_stop,1,234,0.2812719103601164,0.30628223453383085,242,1.0,0.0,0.0,0.0,0.0,0.0,,,1000,1500,0.4578984000000001,1,372,0,fallback_hold_and_stop,left_only_from_pair_reject,1,1,13,43,0,-969.6835531293746,596.2301391194753,64.2315502601678,487.9121005837319,crossed_often,,,,,,,-0.752983412910548,0.415839746475329,-0.7529834129105479,620,1,real,200,640,360,,34.00063514709473,,41.36061668395996,real,left,45,27,2958,2930,2930,2958,2930,2930,74463,0,26,142,179,55,55,centerline_fallback,0.0,0.0,-223.0257115658805,29,0,13,0,26,0,0,left,1,45,1,left,0.965625,0.5463749999999999,7,60,23,7,9,1,1,0,2.257862765420662,1,0,1,280.1235224609403,0,,left_only_from_pair_reject,382,,0.965625,0.5463749999999999,45,19,crossed_often,left,0,left,61
1774306441.937111,pure_pursuit,HOLD_AND_STOP,hold_and_stop,1,234,0.2812719103601164,0.30628223453383085,242,1.0,0.0,0.0,0.0,0.0,0.0,,,1000,1500,0.44443440000000006,1,373,0,fallback_hold_and_stop,left_only_from_pair_reject,1,1,11,43,0,-970.9544152239075,595.156997417212,63.47201284777936,488.0234911270552,crossed_often,,,,,,,-0.752983412910548,0.415839746475329,-0.7529834129105479,621,1,real,200,640,360,,35.53462028503418,,42.04583168029785,real,left,45,23,2978,2960,2960,2978,2960,2960,74463,0,26,142,179,55,55,centerline_fallback,0.0,0.0,-220.26876359062132,30,0,11,0,22,0,0,left,1,45,1,left,0.965625,0.5263749999999999,7,60,23,7,9,1,1,0,2.7095349316276933,1,0,1,279.6269377481267,0,,left_only_from_pair_reject,383,,0.965625,0.5263749999999999,45,16,crossed_often,left,0,left,62
1774306442.0301633,pure_pursuit,HOLD_AND_STOP,hold_and_stop,1,234,0.2812719103601164,0.30628223453383085,242,1.0,0.0,0.0,0.0,0.0,0.0,,,1000,1500,0.4511664000000001,1,374,0,fallback_hold_and_stop,left_only_from_pair_reject,1,1,12,43,0,-972.9175376064377,593.3902167038542,62.593855835342325,488.20988071648054,crossed_often,,,,,,,-0.752983412910548,0.415839746475329,-0.7529834129105479,622,1,real,200,640,360,,21.40951156616211,,26.921749114990234,real,left,45,26,2938,2902,2902,2938,2902,2902,74463,0,26,142,179,55,55,centerline_fallback,0.0,0.0,-217.51877632647518,27,0,12,0,24,0,0,left,1,45,2,left,0.965625,0.5363749999999999,7,60,23,7,9,1,1,0,3.1288616437814394,1,0,1,278.85516892136224,0,,left_only_from_pair_reject,384,,0.965625,0.5363749999999999,45,17,crossed_often,left,0,left,63
1774306442.107626,pure_pursuit,HOLD_AND_STOP,hold_and_stop,1,234,0.2812719103601164,0.30628223453383085,242,1.0,0.0,0.0,0.0,0.0,0.0,,,1000,1500,0.4640184000000001,1,375,0,fallback_hold_and_stop,left_only_from_pair_reject,1,1,14,43,0,-973.741503798782,592.8306950626436,62.29226049075587,488.3379681420472,crossed_often,,,,,,,-0.752983412910548,0.415839746475329,-0.7529834129105479,623,1,real,200,640,360,,37.51182556152344,,46.52810096740723,real,left,45,29,2948,2927,2927,2948,2927,2927,74463,0,26,142,179,55,55,centerline_fallback,0.0,0.0,-214.77728980422893,27,0,14,0,28,0,0,left,1,45,1,left,0.965625,0.5463749999999999,7,60,23,7,9,1,1,0,1.0741951973358723,1,0,1,332.6524857547261,0,,left_only_from_pair_reject,385,,0.965625,0.5463749999999999,45,18,crossed_often,left,0,left,64
1774306442.205159,pure_pursuit,HOLD_AND_STOP,hold_and_stop,1,234,0.2812719103601164,0.30628223453383085,242,1.0,0.0,0.0,0.0,0.0,0.0,,,1000,1500,0.4491136500000001,1,376,0,fallback_hold_and_stop,left_only_from_pair_reject,1,1,12,43,0,-974.2825923112532,592.5810497217811,62.164131782994225,488.4577812522167,crossed_often,,,,,,,-0.752983412910548,0.415839746475329,-0.7529834129105479,624,1,real,200,640,360,,35.455942153930664,,42.97804832458496,real,left,45,25,2992,2984,2984,2992,2984,2984,74463,0,26,142,179,55,55,centerline_fallback,0.0,0.0,-212.04771623868743,29,0,12,0,24,0,0,left,1,45,1,left,0.965625,0.5028333333333334,7,60,23,7,9,1,1,0,0.5095091616771242,1,0,1,317.7466536489804,0,,left_only_from_pair_reject,386,,0.965625,0.5028333333333334,45,19,crossed_often,left,0,left,65
1774306442.2986352,pure_pursuit,HOLD_AND_STOP,hold_and_stop,1,234,0.2812719103601164,0.30628223453383085,242,1.0,0.0,0.0,0.0,0.0,0.0,,,1000,1500,0.4576179000000001,1,377,0,fallback_hold_and_stop,left_only_from_pair_reject,1,1,13,43,0,-976.0651968087955,591.0021264327872,61.77202697931251,488.68688682377405,crossed_often,,,,,,,-0.752983412910548,0.415839746475329,-0.7529834129105479,625,1,real,200,640,360,,20.51711082458496,,26.53193473815918,real,left,45,27,2999,2973,2973,2999,2973,2973,74463,0,26,142,179,55,55,centerline_fallback,0.0,0.0,-209.33115334611512,29,0,13,0,26,0,0,left,1,45,1,left,0.965625,0.5417916666666667,7,60,23,7,9,1,1,0,2.063238376409588,1,0,1,291.44240399920733,0,,left_only_from_pair_reject,387,,0.965625,0.5417916666666667,45,20,crossed_often,left,0,left,66
1774306442.3766975,pure_pursuit,HOLD_AND_STOP,hold_and_stop,1,234,0.2812719103601164,0.30628223453383085,242,1.0,0.0,0.0,0.0,0.0,0.0,,,1000,1500,0.42315465000000013,1,378,0,fallback_hold_and_stop,left_only_from_pair_reject,1,1,8,43,0,-977.1507588273146,589.8279476586166,61.6689336787643,488.7971374967916,crossed_often,,,,,,,-0.752983412910548,0.415839746475329,-0.7529834129105479,626,1,real,200,640,360,,20.999670028686523,,28.511524200439453,real,left,45,17,3026,3008,3008,3026,3008,3008,74463,0,26,142,179,55,55,centerline_fallback,0.0,0.0,-206.6297613298894,25,0,8,0,16,0,0,left,1,45,1,left,0.965625,0.4786666666666667,7,60,23,7,9,1,1,0,1.5895237999156402,1,0,1,277.15491605923637,0,,left_only_from_pair_reject,388,,0.965625,0.4786666666666667,45,11,crossed_often,left,0,left,67
1774306442.4562314,pure_pursuit,HOLD_AND_STOP,hold_and_stop,1,234,0.2812719103601164,0.30628223453383085,242,1.0,0.0,0.0,0.0,0.0,0.0,,,1000,1500,0.44443440000000006,1,379,0,fallback_hold_and_stop,left_only_from_pair_reject,1,1,11,43,0,-978.4015514098837,588.7937240606338,61.55054056750422,488.99613367127415,crossed_often,,,,,,,-0.752983412910548,0.415839746475329,-0.7529834129105479,627,1,real,200,640,360,,36.014556884765625,,44.005393981933594,real,left,45,23,3027,3010,3010,3027,3010,3010,74463,0,26,142,179,55,55,centerline_fallback,0.0,0.0,-203.94564911574935,23,0,11,0,22,0,0,left,1,45,1,left,0.965625,0.5263749999999999,7,60,23,7,9,1,1,0,1.587744731922065,1,0,1,321.58365503665397,0,,left_only_from_pair_reject,389,,0.965625,0.5263749999999999,45,16,crossed_often,left,0,left,68
1774306442.55171,pure_pursuit,HOLD_AND_STOP,hold_and_stop,1,234,0.2812719103601164,0.30628223453383085,242,1.0,0.0,0.0,0.0,0.0,0.0,,,1000,1500,0.4316716500000001,1,380,0,fallback_hold_and_stop,left_only_from_pair_reject,1,1,9,43,0,-979.4887225234235,588.0670387735339,61.571626402381774,489.2245212823995,crossed_often,,,,,,,-0.752983412910548,0.415839746475329,-0.7529834129105479,628,1,real,200,640,360,,35.082340240478516,,41.05663299560547,real,left,46,19,3029,3012,3012,3029,3012,3012,74463,0,26,142,179,55,55,centerline_fallback,0.0,0.0,-201.2777482014412,25,0,9,0,18,0,0,left,1,46,1,left,0.9770833333333333,0.506375,7,60,23,7,9,1,1,0,1.5064644410754804,1,0,1,277.8539941079396,0,,left_only_from_pair_reject,390,,0.9770833333333333,0.506375,46,14,crossed_often,left,0,left,69
1774306442.6445494,pure_pursuit,HOLD_AND_STOP,hold_and_stop,1,234,0.2812719103601164,0.30628223453383085,242,1.0,0.0,0.0,0.0,0.0,0.0,,,1000,1500,0.4456074000000001,1,381,0,fallback_hold_and_stop,left_only_from_pair_reject,1,1,11,43,0,-980.349007021659,587.3698782949334,61.551542537424744,489.373326300836,crossed_often,,,,,,,-0.752983412910548,0.415839746475329,-0.7529834129105479,629,1,real,200,640,360,,35.99715232849121,,47.60479927062988,real,left,46,23,3024,3015,3015,3024,3015,3015,74463,0,26,142,179,55,55,centerline_fallback,0.0,0.0,-198.62663314609128,24,0,11,0,22,0,0,left,1,46,1,left,0.9770833333333333,0.5340833333333334,7,60,23,7,9,1,1,0,1.1979675079405576,1,0,1,287.08024485276457,0,,left_only_from_pair_reject,391,,0.9770833333333333,0.5340833333333334,46,17,crossed_often,left,0,left,70
1774306442.7436814,pure_pursuit,HOLD_AND_STOP,hold_and_stop,1,234,0.2812719103601164,0.30628223453383085,242,1.0,0.0,0.0,0.0,0.0,0.0,,,1000,1500,0.4515871500000001,1,382,0,fallback_hold_and_stop,left_only_from_pair_reject,1,1,12,43,0,-981.1679894003304,586.5983228392055,61.367436972355115,489.46903087549686,crossed_often,,,,,,,-0.752983412910548,0.415839746475329,-0.7529834129105479,630,1,real,200,640,360,,33.00046920776367,,39.51144218444824,real,left,46,25,3002,2995,2995,3002,2995,2995,74463,0,26,142,179,55,55,centerline_fallback,0.0,0.0,-195.99081884229406,25,0,12,0,24,0,0,left,1,46,1,left,0.9770833333333333,0.5317916666666667,7,60,23,7,9,1,1,0,0.975728352534784,1,0,1,295.6963608338238,0,,left_only_from_pair_reject,392,,0.9770833333333333,0.5317916666666667,46,17,crossed_often,left,0,left,71
1774306442.8337686,pure_pursuit,HOLD_AND_STOP,hold_and_stop,1,234,0.2812719103601164,0.30628223453383085,242,1.0,0.0,0.0,0.0,0.0,0.0,,,1000,1500,0.4380339000000001,1,383,0,fallback_hold_and_stop,left_only_from_pair_reject,1,1,10,43,0,-982.2185346937638,585.594984405733,61.09608579663556,489.5797827535553,crossed_often,,,,,,,-0.752983412910548,0.415839746475329,-0.7529834129105479,631,1,real,200,640,360,,35.552263259887695,,42.63448715209961,real,left,45,21,2986,2970,2970,2986,2970,2970,74463,0,26,142,179,55,55,centerline_fallback,0.0,0.0,-193.36741065170412,24,0,10,0,20,0,0,left,1,45,1,left,0.965625,0.5217916666666667,7,60,23,7,9,1,1,0,1.2570153236974002,1,0,1,279.68342451799094,0,,left_only_from_pair_reject,393,,0.965625,0.5217916666666667,45,16,crossed_often,left,0,left,72
1774306442.927507,pure_pursuit,HOLD_AND_STOP,hold_and_stop,1,234,0.2812719103601164,0.30628223453383085,242,1.0,0.0,0.0,0.0,0.0,0.0,,,1000,1500,0.43068990000000007,1,384,0,fallback_hold_and_stop,left_only_from_pair_reject,1,1,9,43,0,-983.8232640690313,584.2011804233458,60.4003794844567,489.73849562745966,crossed_often,,,,,,,-0.752983412910548,0.415839746475329,-0.7529834129105479,632,1,real,200,640,360,,33.67304801940918,,40.09604454040527,real,left,45,19,2980,2969,2969,2980,2969,2969,74463,0,26,142,179,55,55,centerline_fallback,0.0,0.0,-190.75602503043123,23,0,9,0,18,0,0,left,1,45,1,left,0.965625,0.5017916666666667,7,60,23,7,9,1,1,0,2.4784469797077286,1,0,1,292.16931849696147,0,,left_only_from_pair_reject,394,,0.965625,0.5017916666666667,45,14,crossed_often,left,0,left,73
1774306443.0190272,pure_pursuit,HOLD_AND_STOP,hold_and_stop,1,234,0.2812719103601164,0.30628223453383085,242,1.0,0.0,0.0,0.0,0.0,0.0,,,1000,1500,0.4513576500000001,1,385,0,fallback_hold_and_stop,left_only_from_pair_reject,1,1,12,43,0,-985.1067714791884,583.0582101625508,59.80483321644544,489.8543957344146,crossed_often,,,,,,,-0.752983412910548,0.415839746475329,-0.7529834129105479,633,1,real,200,640,360,,19.56319808959961,,27.568817138671875,real,left,45,25,2952,2940,2940,2952,2940,2940,74463,0,26,142,179,55,55,centerline_fallback,0.0,0.0,-188.1515134160306,24,0,12,0,24,0,0,left,1,45,1,left,0.965625,0.5395,7,60,23,7,9,1,1,0,2.1221700469830296,1,0,1,290.5486633696865,0,,left_only_from_pair_reject,395,,0.965625,0.5395,45,21,crossed_often,left,0,left,74
1774306443.0976899,pure_pursuit,HOLD_AND_STOP,hold_and_stop,1,234,0.2812719103601164,0.30628223453383085,242,1.0,0.0,0.0,0.0,0.0,0.0,,,1000,1500,0.46345740000000013,1,386,0,fallback_hold_and_stop,left_only_from_pair_reject,1,1,14,43,0,-986.2843802820099,582.2197456227204,59.26476781529168,490.0103034353872,crossed_often,,,,,,,-0.752983412910548,0.415839746475329,-0.7529834129105479,634,1,real,200,640,360,,34.00230407714844,,40.51709175109863,real,left,45,30,2957,2949,2949,2957,2949,2949,74463,0,26,142,179,55,55,centerline_fallback,0.0,0.0,-185.55410407855135,27,0,14,0,28,0,0,left,1,45,2,left,0.965625,0.5372083333333333,7,60,23,7,9,1,1,0,1.9251920122128092,1,0,1,341.2922557714874,0,,left_only_from_pair_reject,396,,0.965625,0.5372083333333333,45,20,crossed_often,left,0,left,75
1774306443.1893418,pure_pursuit,HOLD_AND_STOP,hold_and_stop,1,234,0.2812719103601164,0.30628223453383085,242,1.0,0.0,0.0,0.0,0.0,0.0,,,1000,1500,0.45149790000000006,1,387,0,fallback_hold_and_stop,left_only_from_pair_reject,1,1,12,43,0,-987.651779396834,580.977637593136,58.65196811178068,490.1311107796307,crossed_often,,,,,,,-0.752983412910548,0.415839746475329,-0.7529834129105479,635,1,real,200,640,360,,33.997535705566406,,41.01204872131348,real,left,45,26,2959,2951,2951,2959,2951,2951,74463,0,26,142,179,55,55,centerline_fallback,0.0,0.0,-182.963270445532,27,0,12,0,24,0,0,left,1,45,2,left,0.965625,0.5417916666666667,7,60,23,7,9,1,1,0,2.1832134259259286,1,0,1,281.3634551189881,0,,left_only_from_pair_reject,397,,0.965625,0.5417916666666667,45,20,crossed_often,left,0,left,76
1774306443.281275,pure_pursuit,HOLD_AND_STOP,hold_and_stop,1,234,0.2812719103601164,0.30628223453383085,242,1.0,0.0,0.0,0.0,0.0,0.0,,,1000,1500,0.45149790000000006,1,388,0,fallback_hold_and_stop,left_only_from_pair_reject,1,1,12,43,0,-989.5017256981969,579.3315853079032,57.9275296137945,490.31566338112424,crossed_often,,,,,,,-0.752983412910548,0.415839746475329,-0.7529834129105479,636,1,real,200,640,360,,20.007610321044922,,25.69413185119629,real,left,45,26,2953,2939,2939,2953,2939,2939,74463,0,26,142,179,55,55,centerline_fallback,0.0,0.0,-180.37969356415155,24,0,12,0,24,0,0,left,1,45,2,left,0.965625,0.5417916666666667,7,60,23,7,9,1,1,0,2.5793569080292555,1,0,1,312.13609592190943,0,,left_only_from_pair_reject,398,,0.965625,0.5417916666666667,45,20,crossed_often,left,0,left,77
1774306443.358363,pure_pursuit,HOLD_AND_STOP,hold_and_stop,1,234,0.2812719103601164,0.30628223453383085,242,1.0,0.0,0.0,0.0,0.0,0.0,,,1000,1500,0.44376885000000005,1,389,0,fallback_hold_and_stop,left_only_from_pair_reject,1,1,11,43,0,-992.9121450024027,577.1976167269361,56.68075902768955,490.8669061590318,crossed_often,,,,,,,-0.752983412910548,0.415839746475329,-0.7529834129105479,637,1,real,200,640,360,,18.872737884521484,,28.00607681274414,real,left,45,24,2967,2953,2953,2967,2953,2953,74463,0,26,142,179,55,55,centerline_fallback,0.0,0.0,-177.803716117985,25,0,11,0,22,0,0,left,1,45,2,left,0.9416249999999999,0.5395,7,60,23,7,9,1,1,0,4.440834924035716,1,0,1,302.1070676815065,0,,left_only_from_pair_reject,399,,0.9416249999999999,0.5395,45,20,crossed_often,left,0,left,78
1774306443.4368784,pure_pursuit,HOLD_AND_STOP,hold_and_stop,1,234,0.2812719103601164,0.30628223453383085,242,1.0,0.0,0.0,0.0,0.0,0.0,,,1000,1500,0.43030485000000007,1,390,0,fallback_hold_and_stop,left_only_from_pair_reject,1,1,9,43,0,-995.3445989174184,576.2708961891998,56.518977942375315,491.4699935455083,crossed_often,,,,,,,-0.752983412910548,0.415839746475329,-0.7529834129105479,638,1,real,200,640,360,,19.513607025146484,,26.518821716308594,real,left,44,19,2966,2952,2952,2966,2952,2952,74463,0,26,142,179,55,55,centerline_fallback,0.0,0.0,-175.23033848446178,24,0,9,0,18,0,0,left,1,44,1,left,0.9393333333333334,0.5217916666666667,7,60,23,7,9,1,1,0,2.655234967170654,1,0,1,245.39702865566025,0,,left_only_from_pair_reject,400,,0.9393333333333334,0.5217916666666667,44,16,crossed_often,left,0,left,79
1774306443.5143888,pure_pursuit,HOLD_AND_STOP,hold_and_stop,1,234,0.2812719103601164,0.30628223453383085,242,1.0,0.0,0.0,0.0,0.0,0.0,,,1000,1500,0.43792935000000005,1,391,0,fallback_hold_and_stop,left_only_from_pair_reject,1,1,10,43,0,-997.3002896760456,575.1558018541015,55.889805722664406,491.8132876169769,crossed_often,,,,,,,-0.752983412910548,0.415839746475329,-0.7529834129105479,639,1,real,200,640,360,,34.53421592712402,,43.526649475097656,real,left,45,22,2978,2973,2973,2978,2973,2973,74463,0,26,142,179,55,55,centerline_fallback,0.0,0.0,-172.67250670224465,23,0,10,0,20,0,0,left,1,45,2,left,0.9416249999999999,0.5440833333333334,7,60,23,7,9,1,1,0,2.239810684791698,1,0,1,279.207436805141,0,,left_only_from_pair_reject,401,,0.9416249999999999,0.5440833333333334,45,19,crossed_often,left,0,left,80
1774306443.6085978,pure_pursuit,HOLD_AND_STOP,hold_and_stop,1,234,0.2812719103601164,0.30628223453383085,242,1.0,0.0,0.0,0.0,0.0,0.0,,,1000,1500,0.4436286000000001,1,392,0,fallback_hold_and_stop,left_only_from_pair_reject,1,1,11,43,0,-998.7093146253037,574.4178072848318,55.43306905584796,492.0762882664775,crossed_often,,,,,,,-0.752983412910548,0.415839746475329,-0.7529834129105479,640,1,real,200,640,360,,32.738447189331055,,41.07093811035156,real,left,49,20,2971,2961,2961,2971,2961,2961,74463,0,26,142,179,55,55,centerline_fallback,0.0,0.0,-170.1216065263008,27,2,9,4,18,0,0,left,1,45,2,left,0.9416249999999999,0.5372083333333333,7,60,23,7,9,1,1,0,1.6262887956815362,1,0,1,279.35893470912487,0,,left_only_from_pair_reject,402,,0.9416249999999999,0.5372083333333333,48,18,crossed_often,left,0,left,81
1774306443.7010176,pure_pursuit,HOLD_AND_STOP,hold_and_stop,1,234,0.2812719103601164,0.30628223453383085,242,1.0,0.0,0.0,0.0,0.0,0.0,,,1000,1500,0.4500291000000001,1,393,0,fallback_hold_and_stop,left_only_from_pair_reject,1,1,12,43,0,-1000.7930905501314,573.4183066914114,54.98992409397676,492.5123916020228,crossed_often,,,,,,,-0.752983412910548,0.415839746475329,-0.7529834129105479,641,1,real,200,640,360,,18.912792205810547,,25.183916091918945,real,left,45,26,2977,2966,2966,2977,2966,2966,74463,0,26,142,179,55,55,centerline_fallback,0.0,0.0,-167.57816413451843,27,0,12,0,24,0,0,left,1,45,2,left,0.9416249999999999,0.5417916666666667,7,60,23,7,9,1,1,0,2.022664127542075,1,0,1,279.9302714976303,0,,left_only_from_pair_reject,403,,0.9416249999999999,0.5417916666666667,45,22,crossed_often,left,0,left,82
1774306443.7777183,pure_pursuit,HOLD_AND_STOP,hold_and_stop,1,234,0.2812719103601164,0.30628223453383085,242,1.0,0.0,0.0,0.0,0.0,0.0,,,1000,1500,0.4439091000000001,1,394,0,fallback_hold_and_stop,left_only_from_pair_reject,1,1,11,43,0,-1001.3133915427925,574.0872878056202,55.14530123881171,492.8715135166687,crossed_often,,,,,,,-0.752983412910548,0.415839746475329,-0.7529834129105479,642,1,real,200,640,360,,33.0042839050293,,39.50977325439453,real,left,44,24,2984,2978,2978,2984,2978,2978,74463,0,26,142,179,55,55,centerline_fallback,0.0,0.0,-165.0444929709484,25,0,11,0,22,0,0,left,1,44,2,left,0.9393333333333334,0.5440833333333334,7,60,23,7,9,1,1,0,1.234132907935302,1,0,1,280.4615910081721,0,,left_only_from_pair_reject,404,,0.9393333333333334,0.5440833333333334,44,19,crossed_often,left,0,left,83
1774306443.8688018,pure_pursuit,HOLD_AND_STOP,hold_and_stop,1,234,0.2812719103601164,0.30628223453383085,242,1.0,0.0,0.0,0.0,0.0,0.0,,,1000,1500,0.4501693500000001,1,395,0,fallback_hold_and_stop,left_only_from_pair_reject,1,1,12,43,0,-1002.5218482803878,574.0739596817319,54.68449336430867,493.2396997867373,crossed_often,,,,,,,-0.752983412910548,0.415839746475329,-0.7529834129105479,643,1,real,200,640,360,,33.010244369506836,,45.08852958679199,real,left,45,26,2977,2970,2970,2977,2970,2970,74463,0,26,142,179,55,55,centerline_fallback,0.0,0.0,-162.52132344640552,26,0,12,0,24,0,0,left,1,45,2,left,0.9416249999999999,0.5440833333333334,7,60,23,7,9,1,1,0,1.6446423037993085,1,0,1,281.4887018675457,0,,left_only_from_pair_reject,405,,0.9416249999999999,0.5440833333333334,45,20,crossed_often,left,0,left,84
1774306443.965845,pure_pursuit,HOLD_AND_STOP,hold_and_stop,1,234,0.2812719103601164,0.30628223453383085,242,1.0,0.0,0.0,0.0,0.0,0.0,,,1000,1500,0.4496083500000001,1,396,0,fallback_hold_and_stop,left_only_from_pair_reject,1,1,12,43,0,-1001.6725345150729,575.703624795149,55.15031119437232,493.3877559407109,crossed_often,,,,,,,-0.752983412910548,0.415839746475329,-0.7529834129105479,644,1,real,200,640,360,,30.104637145996094,,35.007476806640625,real,left,44,26,2973,2967,2967,2973,2967,2967,74463,0,26,142,179,55,55,centerline_fallback,0.0,0.0,-160.00149061516538,29,0,12,0,24,0,0,left,1,44,2,left,0.9393333333333334,0.5372083333333333,7,60,23,7,9,1,1,0,1.7147891379865874,1,0,1,282.06395634127864,0,,left_only_from_pair_reject,406,,0.9393333333333334,0.5372083333333333,44,23,crossed_often,left,0,left,85
1774306444.052365,pure_pursuit,HOLD_AND_STOP,hold_and_stop,1,234,0.2812719103601164,0.30628223453383085,242,1.0,0.0,0.0,0.0,0.0,0.0,,,1000,1500,0.44376885000000005,1,397,0,fallback_hold_and_stop,left_only_from_pair_reject,1,1,11,43,0,-1002.0942543957976,576.1938591210412,54.917395669929846,493.62843362626865,crossed_often,,,,,,,-0.752983412910548,0.415839746475329,-0.7529834129105479,645,1,real,200,640,360,,22.007226943969727,,28.528451919555664,real,left,45,24,2951,2946,2946,2951,2946,2946,74463,0,26,142,179,55,55,centerline_fallback,0.0,0.0,-157.49127612936948,26,0,11,0,22,0,0,left,1,45,2,left,0.9416249999999999,0.5395,7,60,23,7,9,1,1,0,1.3306729050429567,1,0,1,281.77090853173644,0,,left_only_from_pair_reject,407,,0.9416249999999999,0.5395,45,18,crossed_often,left,0,left,86
1774306444.1319046,pure_pursuit,HOLD_AND_STOP,hold_and_stop,1,234,0.2812719103601164,0.30628223453383085,242,1.0,0.0,0.0,0.0,0.0,0.0,,,1000,1500,0.43708785000000006,1,398,0,fallback_hold_and_stop,left_only_from_pair_reject,1,1,10,43,0,-1001.5682132447846,577.5295550969664,55.11695079867845,493.7902701108268,crossed_often,,,,,,,-0.752983412910548,0.415839746475329,-0.7529834129105479,646,1,real,200,640,360,,34.51347351074219,,42.02461242675781,real,left,45,22,2942,2902,2902,2942,2902,2902,74463,0,26,142,179,55,55,centerline_fallback,0.0,0.0,-154.9849907898965,21,0,10,0,20,0,0,left,1,45,2,left,0.9416249999999999,0.5303333333333333,7,60,23,7,9,1,1,0,1.3874288662162917,1,0,1,552.5008233468856,0,,left_only_from_pair_reject,408,,0.9416249999999999,0.5303333333333333,45,18,crossed_often,left,0,left,87
1774306444.224458,pure_pursuit,HOLD_AND_STOP,hold_and_stop,1,234,0.2812719103601164,0.30628223453383085,242,1.0,0.0,0.0,0.0,0.0,0.0,,,1000,1500,0.44156310000000015,1,399,0,fallback_hold_and_stop,left_only_from_pair_reject,1,1,11,43,0,-1000.9503350180673,578.8943992796669,55.365137511655796,493.93280576140756,crossed_often,,,,,,,-0.752983412910548,0.415839746475329,-0.7529834129105479,647,1,real,200,640,360,,36.516666412353516,,42.03176498413086,real,left,45,24,2901,2878,2878,2901,2878,2878,74463,0,26,142,179,55,55,centerline_fallback,0.0,0.0,-152.48522879528275,23,0,11,0,22,0,0,left,1,45,2,left,0.9416249999999999,0.5034583333333333,7,60,23,7,9,1,1,0,1.4031756910753577,1,0,1,282.3987736235344,0,,left_only_from_pair_reject,409,,0.9416249999999999,0.5034583333333333,45,16,crossed_often,left,0,left,88
1774306444.3175042,pure_pursuit,HOLD_AND_STOP,hold_and_stop,1,234,0.2812719103601164,0.30628223453383085,242,1.0,0.0,0.0,0.0,0.0,0.0,,,1000,1500,0.4297948500000002,1,400,0,fallback_hold_and_stop,left_only_from_pair_reject,1,1,9,43,0,-1000.2340945597155,580.217763926294,55.6719352992941,494.03507835433663,crossed_often,,,,,,,-0.752983412910548,0.415839746475329,-0.7529834129105479,648,1,real,200,640,360,,38.5584831237793,,46.057701110839844,real,left,45,20,2855,2838,2838,2855,2838,2838,74463,0,26,142,179,55,55,centerline_fallback,0.0,0.0,-149.99254757928435,22,0,9,0,18,0,0,left,1,45,2,left,0.9416249999999999,0.5111666666666667,7,60,23,7,9,1,1,0,1.3628729097352736,1,0,1,279.2827406855671,0,,left_only_from_pair_reject,410,,0.9416249999999999,0.5111666666666667,45,17,crossed_often,left,0,left,89
1774306444.4146528,pure_pursuit,HOLD_AND_STOP,hold_and_stop,1,234,0.2812719103601164,0.30628223453383085,242,1.0,0.0,0.0,0.0,0.0,0.0,,,1000,1500,0.4357746000000001,1,401,0,fallback_hold_and_stop,left_only_from_pair_reject,1,1,10,43,0,-997.9383622847495,583.5976796152046,56.665277699079255,494.12625222664906,crossed_often,,,,,,,-0.752983412910548,0.415839746475329,-0.7529834129105479,649,1,real,200,640,360,,20.007848739624023,,27.024507522583008,real,left,44,22,2861,2842,2842,2861,2842,2842,74463,0,26,142,179,55,55,centerline_fallback,0.0,0.0,-147.50802362846633,21,0,10,0,20,0,0,left,1,44,2,left,0.9393333333333334,0.5111666666666667,7,60,23,7,9,1,1,0,3.671285968348988,1,0,1,279.0515677466757,0,,left_only_from_pair_reject,411,,0.9393333333333334,0.5111666666666667,44,17,crossed_often,left,0,left,90
1774306444.492197,pure_pursuit,HOLD_AND_STOP,hold_and_stop,1,234,0.2812719103601164,0.30628223453383085,242,1.0,0.0,0.0,0.0,0.0,0.0,,,1000,1500,0.45009540000000015,1,402,0,fallback_hold_and_stop,left_only_from_pair_reject,1,1,12,43,0,-995.6397988237319,586.5499372704669,57.553927097867955,494.10672108334904,crossed_often,,,,,,,-0.752983412910548,0.415839746475329,-0.7529834129105479,650,1,real,200,640,360,,35.04180908203125,,43.03455352783203,real,left,44,26,2870,2852,2852,2870,2852,2852,74463,0,26,142,179,55,55,centerline_fallback,0.0,0.0,-145.03290436580184,24,0,12,0,24,0,0,left,1,44,2,left,0.9633333333333334,0.5211666666666667,7,60,23,7,9,1,1,0,3.3369740515257567,1,0,1,279.3220968956133,0,,left_only_from_pair_reject,412,,0.9633333333333334,0.5211666666666667,44,18,crossed_often,left,0,left,91
1774306444.5857856,pure_pursuit,HOLD_AND_STOP,hold_and_stop,1,234,0.2812719103601164,0.30628223453383085,242,1.0,0.0,0.0,0.0,0.0,0.0,,,1000,1500,0.44261115000000006,1,403,0,fallback_hold_and_stop,left_only_from_pair_reject,1,1,11,43,0,-993.0387145972708,589.7829562237965,58.47915021737085,494.03155183034994,crossed_often,,,,,,,-0.752983412910548,0.415839746475329,-0.7529834129105479,651,1,real,200,640,360,,22.085189819335938,,27.533531188964844,real,left,44,24,2901,2869,2869,2901,2869,2869,74463,0,26,142,179,55,55,centerline_fallback,0.0,0.0,-142.56706259147333,24,0,11,0,22,0,0,left,1,44,2,left,0.9633333333333334,0.498875,7,60,23,7,9,1,1,0,3.6012010020137106,1,0,1,279.7898605523204,0,,left_only_from_pair_reject,413,,0.9633333333333334,0.498875,44,16,crossed_often,left,0,left,92
1774306444.664424,pure_pursuit,HOLD_AND_STOP,hold_and_stop,1,234,0.2812719103601164,0.30628223453383085,242,1.0,0.0,0.0,0.0,0.0,0.0,,,1000,1500,0.44995515000000014,1,404,0,fallback_hold_and_stop,left_only_from_pair_reject,1,1,12,43,0,-991.4031315512472,591.9492499594528,59.064528435747434,494.0100655229054,crossed_often,,,,,,,-0.752983412910548,0.415839746475329,-0.7529834129105479,652,1,real,200,640,360,,37.35470771789551,,49.668073654174805,real,left,44,26,2905,2881,2881,2905,2881,2881,74463,0,26,142,179,55,55,centerline_fallback,0.0,0.0,-140.10978330559138,23,0,12,0,24,0,0,left,1,44,2,left,0.9633333333333334,0.518875,7,60,23,7,9,1,1,0,2.3291853857038407,1,0,1,280.1412029488496,0,,left_only_from_pair_reject,414,,0.9633333333333334,0.518875,44,18,crossed_often,left,0,left,93
1774306444.7656474,pure_pursuit,HOLD_AND_STOP,hold_and_stop,1,234,0.2812719103601164,0.30628223453383085,242,1.0,0.0,0.0,0.0,0.0,0.0,,,1000,1500,0.4487821500000001,1,405,0,fallback_hold_and_stop,left_only_from_pair_reject,1,1,12,43,0,-988.6131767530056,595.3515642736768,60.06902581978482,493.91062783410314,crossed_often,,,,,,,-0.752983412910548,0.415839746475329,-0.7529834129105479,653,1,real,200,640,360,,25.97522735595703,,34.05308723449707,real,left,44,26,2914,2891,2891,2914,2891,2891,74463,0,26,142,179,55,55,centerline_fallback,0.0,0.0,-137.66084443463868,25,0,12,0,24,0,0,left,1,44,2,left,0.9633333333333334,0.4997083333333333,7,60,23,7,9,1,1,0,3.815962092747889,1,0,1,270.09549853531854,0,,left_only_from_pair_reject,415,,0.9633333333333334,0.4997083333333333,44,17,crossed_often,left,0,left,94
1774306444.8508265,pure_pursuit,HOLD_AND_STOP,hold_and_stop,1,234,0.2812719103601164,0.30628223453383085,242,1.0,0.0,0.0,0.0,0.0,0.0,,,1000,1500,0.4340431500000001,1,406,0,fallback_hold_and_stop,left_only_from_pair_reject,1,1,10,43,0,-983.6697777243228,600.970572278096,61.987171111314716,493.6657485156062,crossed_often,,,,,,,-0.752983412910548,0.415839746475329,-0.7529834129105479,654,1,real,200,640,360,,39.549827575683594,,47.53398895263672,real,left,49,18,2934,2910,2910,2934,2910,2910,74463,0,26,142,179,55,55,centerline_fallback,0.0,0.0,-135.22086127184713,24,2,8,4,16,0,0,left,1,45,2,left,0.965625,0.45658333333333334,7,60,23,7,9,1,1,0,6.836393068092618,1,0,1,279.2865288191551,0,,left_only_from_pair_reject,416,,0.965625,0.45658333333333334,48,12,crossed_often,left,0,left,95
1774306444.9488885,pure_pursuit,HOLD_AND_STOP,hold_and_stop,1,234,0.2812719103601164,0.30628223453383085,242,1.0,0.0,0.0,0.0,0.0,0.0,,,1000,1500,0.4220836500000001,1,407,0,fallback_hold_and_stop,left_only_from_pair_reject,1,1,8,43,0,-980.1118286607286,604.6883025113361,63.30155137363046,493.4106524565877,crossed_often,,,,,,,-0.752983412910548,0.415839746475329,-0.7529834129105479,655,1,real,200,640,360,,37.02831268310547,,44.8455810546875,real,left,46,18,2958,2937,2937,2958,2937,2937,74463,0,26,142,179,55,55,centerline_fallback,0.0,0.0,-132.7937390707033,22,0,8,0,16,0,0,left,1,46,2,left,0.9702083333333333,0.45658333333333334,7,60,23,7,9,1,1,0,4.68880187382504,1,0,1,280.5933703470583,0,,left_only_from_pair_reject,417,,0.9702083333333333,0.45658333333333334,46,12,crossed_often,left,0,left,96
1774306445.0442493,pure_pursuit,HOLD_AND_STOP,hold_and_stop,1,234,0.2812719103601164,0.30628223453383085,242,1.0,0.0,0.0,0.0,0.0,0.0,,,1000,1500,0.4548868500000001,1,408,0,fallback_hold_and_stop,left_only_from_pair_reject,1,1,13,43,0,-978.545565589523,606.6313916444815,64.15313223742517,493.4037822079743,crossed_often,,,,,,,-0.752983412910548,0.415839746475329,-0.7529834129105479,656,1,real,200,640,360,,32.00244903564453,,42.5114631652832,real,left,45,28,2939,2919,2919,2939,2919,2919,74463,0,26,142,179,55,55,centerline_fallback,0.0,0.0,-130.37837945206766,27,0,13,0,26,0,0,left,1,45,2,left,0.9416249999999999,0.5211666666666667,7,60,23,7,9,1,1,0,3.034575627220559,1,0,1,282.61712161741605,0,,left_only_from_pair_reject,418,,0.9416249999999999,0.5211666666666667,45,20,crossed_often,left,0,left,97
1774306445.1377203,pure_pursuit,HOLD_AND_STOP,hold_and_stop,1,234,0.2812719103601164,0.30628223453383085,242,1.0,0.0,0.0,0.0,0.0,0.0,,,1000,1500,0.43449960000000004,1,409,0,fallback_hold_and_stop,left_only_from_pair_reject,1,1,10,43,0,-973.9443319322124,610.5745064905425,65.67055993224618,492.8592958296807,crossed_often,,,,,,,-0.752983412910548,0.415839746475329,-0.7529834129105479,657,1,real,200,640,360,,33.51998329162598,,44.04115676879883,real,left,48,22,2972,2948,2948,2972,2948,2948,74463,0,26,142,179,55,55,centerline_fallback,0.0,0.0,-127.97636170843347,25,0,10,0,20,0,0,left,1,48,2,left,0.9507916666666667,0.47887500000000005,7,60,23,7,9,1,1,0,5.449726292634929,1,0,1,280.46913218566203,0,,left_only_from_pair_reject,419,,0.9507916666666667,0.47887500000000005,48,14,crossed_often,left,0,left,98
1774306445.2327883,pure_pursuit,HOLD_AND_STOP,hold_and_stop,1,234,0.2812719103601164,0.30628223453383085,242,1.0,0.0,0.0,0.0,0.0,0.0,,,1000,1500,0.43393860000000006,1,410,0,fallback_hold_and_stop,left_only_from_pair_reject,1,1,10,43,0,-971.5632308622769,612.833616662929,66.36992976828327,492.61778150826063,crossed_often,,,,,,,-0.752983412910548,0.415839746475329,-0.7529834129105479,658,1,real,200,640,360,,25.585174560546875,,33.684492111206055,real,left,47,22,2965,2939,2939,2965,2939,2939,74463,0,26,142,179,55,55,centerline_fallback,0.0,0.0,-125.58695651031607,27,0,10,0,20,0,0,left,1,47,2,left,0.9416249999999999,0.47887500000000005,7,60,23,7,9,1,1,0,2.8158628527460148,1,0,1,280.9707064668897,0,,left_only_from_pair_reject,420,,0.9416249999999999,0.47887500000000005,47,14,crossed_often,left,0,left,99
1774306445.318154,pure_pursuit,HOLD_AND_STOP,hold_and_stop,1,234,0.2812719103601164,0.30628223453383085,242,1.0,0.0,0.0,0.0,0.0,0.0,,,1000,1500,0.44320785000000007,1,411,0,fallback_hold_and_stop,left_only_from_pair_reject,1,1,11,43,0,-969.6749902496371,614.8038774221806,66.97624609085763,492.4744734045529,crossed_often,,,,,,,-0.752983412910548,0.415839746475329,-0.7529834129105479,659,1,real,200,640,360,,39.517879486083984,,48.52700233459473,real,left,48,24,3004,2990,2990,3004,2990,2990,74463,0,26,142,179,55,55,centerline_fallback,0.0,0.0,-123.20547140951393,24,0,11,0,22,0,0,left,1,48,2,left,0.9507916666666667,0.5211666666666667,7,60,23,7,9,1,1,0,2.3545546312569723,1,0,1,280.8308959404233,0,,left_only_from_pair_reject,421,,0.9507916666666667,0.5211666666666667,48,19,crossed_often,left,0,left,100
1774306445.417189,pure_pursuit,HOLD_AND_STOP,hold_and_stop,1,234,0.2812719103601164,0.30628223453383085,242,1.0,0.0,0.0,0.0,0.0,0.0,,,1000,1500,0.43554510000000013,1,412,0,fallback_hold_and_stop,left_only_from_pair_reject,1,1,10,43,0,-968.5409057112405,616.0594240372568,67.4560905858835,492.41986109631875,crossed_often,,,,,,,-0.752983412910548,0.415839746475329,-0.7529834129105479,660,1,real,200,640,360,,33.52165222167969,,42.52791404724121,real,left,48,22,3018,3010,3010,3018,3010,3010,74463,0,26,142,179,55,55,centerline_fallback,0.0,0.0,-120.83201749660805,31,0,10,0,20,0,0,left,1,48,2,left,0.9507916666666667,0.4959583333333334,7,60,23,7,9,1,1,0,1.7083590418268453,1,0,1,275.6545302719858,0,,left_only_from_pair_reject,422,,0.9507916666666667,0.4959583333333334,48,20,crossed_often,left,0,left,101
1774306445.5111508,pure_pursuit,HOLD_AND_STOP,hold_and_stop,1,234,0.2812719103601164,0.30628223453383085,242,1.0,0.0,0.0,0.0,0.0,0.0,,,1000,1500,0.4493278500000001,1,413,0,fallback_hold_and_stop,left_only_from_pair_reject,1,1,12,43,0,-969.3371941193199,616.1007592156764,67.50933370129428,492.7181292886043,crossed_often,,,,,,,-0.752983412910548,0.415839746475329,-0.7529834129105479,661,1,real,200,640,360,,32.52100944519043,,44.03519630432129,real,left,48,24,3041,3025,3025,3041,3025,3025,74463,0,26,142,179,55,55,centerline_fallback,0.0,0.0,-118.46819979387357,24,1,11,2,22,0,0,left,1,46,2,left,0.9462083333333333,0.52575,7,60,23,7,9,1,1,0,1.03314831654087,1,0,1,287.41107139382365,0,,left_only_from_pair_reject,423,,0.9462083333333333,0.52575,46,19,crossed_often,left,0,left,102
1774306445.606209,pure_pursuit,HOLD_AND_STOP,hold_and_stop,1,234,0.2812719103601164,0.30628223453383085,242,1.0,0.0,0.0,0.0,0.0,0.0,,,1000,1500,0.4349203500000001,1,414,0,fallback_hold_and_stop,left_only_from_pair_reject,1,1,10,43,0,-967.8994238796015,617.4786480205909,68.10188931040021,492.5982303628192,crossed_often,,,,,,,-0.752983412910548,0.415839746475329,-0.7529834129105479,662,1,real,200,640,360,,31.525373458862305,,41.58759117126465,real,left,48,21,3071,3066,3066,3071,3066,3066,74463,0,26,142,179,55,55,centerline_fallback,0.0,0.0,-116.11384869827168,26,0,10,0,20,0,0,left,1,48,1,left,0.9507916666666667,0.48575,7,60,23,7,9,1,1,0,2.1101451991038647,1,0,1,281.5004412378505,0,,left_only_from_pair_reject,424,,0.9507916666666667,0.48575,48,14,crossed_often,left,0,left,103
1774306445.6990845,pure_pursuit,HOLD_AND_STOP,hold_and_stop,1,234,0.2812719103601164,0.30628223453383085,242,1.0,0.0,0.0,0.0,0.0,0.0,,,1000,1500,0.44960835000000016,1,415,0,fallback_hold_and_stop,left_only_from_pair_reject,1,1,12,43,0,-966.3591239397288,618.4780960733603,68.65367933417969,492.35059752692314,crossed_often,,,,,,,-0.752983412910548,0.415839746475329,-0.7529834129105479,663,1,real,200,640,360,,28.006315231323242,,35.523414611816406,real,left,48,25,3057,3049,3049,3057,3049,3049,74463,0,26,142,179,55,55,centerline_fallback,0.0,0.0,-113.76986522650728,24,0,12,0,24,0,0,left,1,48,1,left,0.9507916666666667,0.52575,7,60,23,7,9,1,1,0,1.9652839728750133,1,0,1,283.7595974726924,0,,left_only_from_pair_reject,425,,0.9507916666666667,0.52575,48,19,crossed_often,left,0,left,104
1774306445.7856653,pure_pursuit,HOLD_AND_STOP,hold_and_stop,1,234,0.2812719103601164,0.30628223453383085,242,1.0,0.0,0.0,0.0,0.0,0.0,,,1000,1500,0.4554478500000001,1,416,0,fallback_hold_and_stop,left_only_from_pair_reject,1,1,13,43,0,-966.5193424874303,618.1134073036856,68.72871981522113,492.3332665641289,crossed_often,,,,,,,-0.752983412910548,0.415839746475329,-0.7529834129105479,664,1,real,200,640,360,,19.39702033996582,,28.46813201904297,real,left,47,27,3028,3020,3020,3028,3020,3020,74463,0,26,142,179,55,55,centerline_fallback,0.0,0.0,-111.43682401986663,26,0,13,0,26,0,0,left,1,47,1,left,0.9484999999999999,0.5234583333333334,7,60,23,7,9,1,1,0,0.6289238429916589,1,0,1,277.5617648879563,0,,left_only_from_pair_reject,426,,0.9484999999999999,0.5234583333333334,47,19,crossed_often,left,0,left,105
1774306445.865371,pure_pursuit,HOLD_AND_STOP,hold_and_stop,1,234,0.2812719103601164,0.30628223453383085,242,1.0,0.0,0.0,0.0,0.0,0.0,,,1000,1500,0.43544310000000014,1,417,0,fallback_hold_and_stop,left_only_from_pair_reject,1,1,10,43,0,-965.9844913225812,618.2284456957866,68.87739848980347,492.1888109317731,crossed_often,,,,,,,-0.752983412910548,0.415839746475329,-0.7529834129105479,665,1,real,200,640,360,,35.98380088806152,,49.14975166320801,real,left,48,21,3012,3008,3008,3012,3008,3008,74463,0,26,142,179,55,55,centerline_fallback,0.0,0.0,-109.11400807949616,23,0,10,0,20,0,0,left,1,48,1,left,0.9507916666666667,0.4942916666666667,7,60,23,7,9,1,1,0,0.5296710482029279,1,0,1,281.381682670097,0,,left_only_from_pair_reject,427,,0.9507916666666667,0.4942916666666667,48,16,crossed_often,left,0,left,106
1774306445.9654834,pure_pursuit,HOLD_AND_STOP,hold_and_stop,1,234,0.2812719103601164,0.30628223453383085,242,1.0,0.0,0.0,0.0,0.0,0.0,,,1000,1500,0.4264543500000001,1,418,0,fallback_hold_and_stop,left_only_from_pair_reject,1,1,9,43,0,-966.0027337845373,617.9080602893233,68.86759554247807,492.1207347361867,crossed_often,,,,,,,-0.752983412910548,0.415839746475329,-0.7529834129105479,666,1,real,200,640,360,,30.99536895751953,,39.51406478881836,real,left,47,19,2992,2984,2984,2992,2984,2984,74463,0,26,142,179,55,55,centerline_fallback,0.0,0.0,-106.7996669658051,23,0,9,0,18,0,0,left,1,47,1,left,0.9416249999999999,0.45658333333333334,7,60,23,7,9,1,1,0,0.3429696192982405,1,0,1,281.5909333785183,0,,left_only_from_pair_reject,428,,0.9416249999999999,0.45658333333333334,47,12,crossed_often,left,0,left,107
1774306446.056192,pure_pursuit,HOLD_AND_STOP,hold_and_stop,1,234,0.2812719103601164,0.30628223453383085,242,1.0,0.0,0.0,0.0,0.0,0.0,,,1000,1500,0.4276273500000001,1,419,0,fallback_hold_and_stop,left_only_from_pair_reject,1,1,9,43,0,-965.3316945205753,617.8119536821306,68.84880486267933,491.8587436363342,crossed_often,,,,,,,-0.752983412910548,0.415839746475329,-0.7529834129105479,667,1,real,200,640,360,,31.998157501220703,,39.008140563964844,real,left,48,20,3015,3013,3013,3015,3013,3013,74463,0,26,142,179,55,55,centerline_fallback,0.0,0.0,-104.49342185913036,24,0,9,0,18,0,0,left,1,48,2,left,0.9507916666666667,0.46658333333333335,7,60,23,7,9,1,1,0,0.8475614696592663,1,0,1,281.3047364357202,0,,left_only_from_pair_reject,429,,0.9507916666666667,0.46658333333333335,48,13,crossed_often,left,0,left,108
1774306446.145952,pure_pursuit,HOLD_AND_STOP,hold_and_stop,1,234,0.2812719103601164,0.30628223453383085,242,1.0,0.0,0.0,0.0,0.0,0.0,,,1000,1500,0.4426468500000001,1,420,0,fallback_hold_and_stop,left_only_from_pair_reject,1,1,11,43,0,-964.5876236817567,618.2231133101013,69.05149049548318,491.71475526555554,crossed_often,,,,,,,-0.752983412910548,0.415839746475329,-0.7529834129105479,668,1,real,200,640,360,,33.96248817443848,,43.69974136352539,real,left,48,23,3089,3089,3089,3089,3089,3089,74463,0,26,142,179,55,55,centerline_fallback,0.0,0.0,-102.19323395558223,29,0,11,0,22,0,0,left,1,48,1,left,0.9507916666666667,0.512,7,60,23,7,9,1,1,0,0.7456528826366039,1,0,1,306.0931467795025,0,,left_only_from_pair_reject,430,,0.9507916666666667,0.512,48,19,crossed_often,left,0,left,109
1774306446.2407012,pure_pursuit,HOLD_AND_STOP,hold_and_stop,1,234,0.2812719103601164,0.30628223453383085,242,1.0,0.0,0.0,0.0,0.0,0.0,,,1000,1500,0.4436286000000001,1,421,0,fallback_hold_and_stop,left_only_from_pair_reject,1,1,11,43,0,-963.8363714380899,618.5838380761711,69.38118194221308,491.57260238730527,crossed_often,,,,,,,-0.752983412910548,0.415839746475329,-0.7529834129105479,669,1,real,200,640,360,,34.58070755004883,,43.1516170501709,real,left,48,23,3118,3116,3116,3118,3116,3116,74463,0,26,142,179,55,55,centerline_fallback,0.0,0.0,-99.90071820047982,25,0,11,0,22,0,0,left,1,48,1,left,0.9507916666666667,0.5280416666666666,7,60,23,7,9,1,1,0,1.1757693714911446,1,0,1,283.8869866768149,0,,left_only_from_pair_reject,431,,0.9507916666666667,0.5280416666666666,48,18,crossed_often,left,0,left,110
1774306446.3346362,pure_pursuit,HOLD_AND_STOP,hold_and_stop,1,234,0.2812719103601164,0.30628223453383085,242,1.0,0.0,0.0,0.0,0.0,0.0,,,1000,1500,0.4157392500000001,1,422,0,fallback_hold_and_stop,left_only_from_pair_reject,1,1,7,43,0,-962.7433609559516,619.5870816136932,70.0482492216732,491.4988134102713,crossed_often,,,,,,,-0.752983412910548,0.415839746475329,-0.7529834129105479,670,1,real,200,640,360,,28.2289981842041,,37.74380683898926,real,left,48,15,3141,3135,3135,3141,3135,3135,74463,0,26,142,179,55,55,centerline_fallback,0.0,0.0,-97.61819207226301,23,0,7,0,14,0,0,left,1,48,1,left,0.9227916666666668,0.5003333333333333,7,60,23,7,9,1,1,0,2.3795203885058864,1,0,1,284.3699460651698,0,,left_only_from_pair_reject,432,,0.9227916666666668,0.5003333333333333,48,15,crossed_often,left,0,left,111
1774306446.4237916,pure_pursuit,HOLD_AND_STOP,hold_and_stop,1,234,0.2812719103601164,0.30628223453383085,242,1.0,0.0,0.0,0.0,0.0,0.0,,,1000,1500,0.4476142500000001,1,423,0,fallback_hold_and_stop,left_only_from_pair_reject,1,1,12,43,0,-960.924481926479,620.6251259233294,70.55303544854009,491.15597544165524,crossed_often,,,,,,,-0.752983412910548,0.415839746475329,-0.7529834129105479,671,1,real,200,640,360,,30.589580535888672,,39.87002372741699,real,left,47,25,3111,3106,3106,3111,3106,3106,74463,0,26,142,179,55,55,centerline_fallback,0.0,0.0,-95.34825603106441,27,0,12,0,24,0,0,left,1,47,1,left,0.913625,0.5303333333333333,7,60,23,7,9,1,1,0,1.8449118379118483,1,0,1,285.7205334086469,0,,left_only_from_pair_reject,433,,0.913625,0.5303333333333333,47,19,crossed_often,left,0,left,112
1774306446.5143158,pure_pursuit,HOLD_AND_STOP,hold_and_stop,1,234,0.2812719103601164,0.30628223453383085,242,1.0,0.0,0.0,0.0,0.0,0.0,,,1000,1500,0.41142465000000006,1,424,0,fallback_hold_and_stop,left_only_from_pair_reject,1,1,8,43,0,-966.2631245631858,614.0909126954463,67.34551434948132,491.1491017782416,crossed_often,,,,,,,-0.752983412910548,0.415839746475329,-0.7529834129105479,672,1,real,200,640,360,,33.13088417053223,,42.139291763305664,real,left,42,18,2880,2871,2871,2880,2871,2871,74463,0,26,142,179,55,55,centerline_fallback,0.0,0.0,-93.08681492126522,27,0,8,0,16,0,0,left,1,42,2,left,0.756875,0.49575,7,60,23,7,9,1,1,0,11.434931289014635,1,0,1,282.3832793707671,0,,left_only_from_pair_reject,434,,0.756875,0.49575,42,15,crossed_often,left,0,left,113
1774306446.6070368,pure_pursuit,HOLD_AND_STOP,hold_and_stop,1,234,0.2812719103601164,0.30628223453383085,242,1.0,0.0,0.0,0.0,0.0,0.0,,,1000,1500,0.4097289000000001,1,425,0,fallback_hold_and_stop,left_only_from_pair_reject,1,1,8,43,0,-971.5886596434591,607.6624774873486,63.87683873153495,491.1325381595458,crossed_often,,,,,,,-0.752983412910548,0.415839746475329,-0.7529834129105479,673,1,real,200,640,360,,25.50959587097168,,34.515380859375,real,left,43,18,2832,2829,2829,2832,2829,2829,74463,0,26,142,179,55,55,centerline_fallback,0.0,0.0,-90.80951541959325,27,0,8,0,16,0,0,left,1,43,2,left,0.7591666666666665,0.46575,8,60,23,8,9,1,1,0,12.370034521258056,1,0,1,282.0475805931568,0,,left_only_from_pair_reject,435,,0.7591666666666665,0.46575,43,12,crossed_often,left,0,left,114
1774306446.6932664,pure_pursuit,HOLD_AND_STOP,hold_and_stop,1,234,0.2812719103601164,0.30628223453383085,242,1.0,0.0,0.0,0.0,0.0,0.0,,,1000,1500,0.43002690000000005,1,426,0,fallback_hold_and_stop,left_only_from_pair_reject,1,1,11,43,0,-976.6970764667755,601.1836228797482,60.46624801094215,491.03810016172764,crossed_often,,,,,,,-0.752983412910548,0.415839746475329,-0.7529834129105479,674,1,real,200,640,360,,33.188581466674805,,42.2055721282959,real,left,43,24,2764,2757,2757,2764,2757,2757,74463,0,26,142,179,55,55,centerline_fallback,0.0,0.0,-88.51223700167623,28,0,11,0,22,0,0,left,1,43,2,left,0.7545833333333334,0.502,8,60,23,8,10,1,1,0,12.16277826180459,1,0,1,313.6282059704648,0,,left_only_from_pair_reject,436,,0.7545833333333334,0.502,43,17,crossed_often,left,0,left,115
1774306446.7868536,pure_pursuit,HOLD_AND_STOP,hold_and_stop,1,234,0.2812719103601164,0.30628223453383085,242,1.0,0.0,0.0,0.0,0.0,0.0,,,1000,1500,0.4246591500000001,1,427,0,fallback_hold_and_stop,left_only_from_pair_reject,1,1,10,43,0,-980.304149866276,597.2880566641593,57.959711352422936,491.11438681630625,crossed_often,,,,,,,-0.752983412910548,0.415839746475329,-0.7529834129105479,675,1,real,200,640,360,,32.190561294555664,,42.71554946899414,real,left,42,22,2777,2771,2771,2777,2771,2771,74463,0,26,142,179,55,55,centerline_fallback,0.0,0.0,-86.19540057482598,24,0,10,0,20,0,0,left,1,42,2,left,0.7522916666666666,0.5165833333333333,8,60,23,8,10,1,1,0,8.942565069580436,1,0,1,286.0136344517538,0,,left_only_from_pair_reject,437,,0.7522916666666666,0.5165833333333333,42,21,crossed_often,left,0,left,116
1774306446.8805134,pure_pursuit,HOLD_AND_STOP,hold_and_stop,1,234,0.2812719103601164,0.30628223453383085,242,1.0,0.0,0.0,0.0,0.0,0.0,,,1000,1500,0.4186437000000001,1,428,0,fallback_hold_and_stop,left_only_from_pair_reject,1,1,9,43,0,-984.1341081497633,592.4114109491582,55.02116559235544,490.993050014133,crossed_often,,,,,,,-0.752983412910548,0.415839746475329,-0.7529834129105479,676,1,real,200,640,360,,32.96947479248047,,41.513681411743164,real,left,43,21,2741,2734,2734,2741,2734,2734,74463,0,26,142,179,55,55,centerline_fallback,0.0,0.0,-83.86385247337034,26,0,9,0,18,0,0,left,1,43,3,left,0.774,0.4965833333333333,7,60,23,7,10,1,1,0,10.484177776750414,1,0,1,277.71048524267655,0,,left_only_from_pair_reject,438,,0.774,0.4965833333333333,43,16,crossed_often,left,0,left,117
1774306446.9727998,pure_pursuit,HOLD_AND_STOP,hold_and_stop,1,234,0.2812719103601164,0.30628223453383085,242,1.0,0.0,0.0,0.0,0.0,0.0,,,1000,1500,0.42228765,1,429,0,fallback_hold_and_stop,left_only_from_pair_reject,1,1,9,43,0,-984.593258011871,590.6491905788669,53.532911381263936,490.5651425303055,crossed_often,,,,,,,-0.752983412910548,0.415839746475329,-0.7529834129105479,677,1,real,200,640,360,,35.00199317932129,,42.51551628112793,real,left,42,21,2691,2676,2676,2691,2676,2676,74463,0,26,142,179,55,55,centerline_fallback,0.0,0.0,-81.51599925041833,32,0,9,0,18,0,0,left,1,42,3,left,0.8404166666666666,0.4897083333333333,7,60,24,7,10,1,1,0,5.318030139687924,1,0,1,279.9281222685318,0,,left_only_from_pair_reject,439,,0.8404166666666666,0.4897083333333333,42,16,crossed_often,left,0,left,118
1774306447.066783,pure_pursuit,HOLD_AND_STOP,hold_and_stop,1,234,0.2812719103601164,0.30628223453383085,242,1.0,0.0,0.0,0.0,0.0,0.0,,,1000,1500,0.4235652000000001,1,430,0,fallback_hold_and_stop,left_only_from_pair_reject,1,1,9,43,0,-987.1821597633852,587.2004051271736,51.46361359577046,490.4385438290709,crossed_often,,,,,,,-0.752983412910548,0.415839746475329,-0.7529834129105479,678,1,real,200,640,360,,38.18798065185547,,50.75407028198242,real,left,43,20,2653,2644,2644,2653,2644,2644,74463,0,26,142,179,55,55,centerline_fallback,0.0,0.0,-79.15793041251695,25,0,9,0,18,0,0,left,1,43,2,left,0.869,0.48200000000000004,7,60,24,7,10,1,1,0,7.383215668300311,1,0,1,278.28964317524384,0,,left_only_from_pair_reject,440,,0.869,0.48200000000000004,43,15,crossed_often,left,0,left,119
1774306447.1686666,pure_pursuit,HOLD_AND_STOP,hold_and_stop,1,234,0.2812719103601164,0.30628223453383085,242,1.0,0.0,0.0,0.0,0.0,0.0,,,1000,1500,0.4312407000000001,1,431,0,fallback_hold_and_stop,left_only_from_pair_reject,1,1,10,43,0,-988.33254854208,585.0625906865262,50.276011725951335,490.2110319230497,crossed_often,,,,,,,-0.752983412910548,0.415839746475329,-0.7529834129105479,679,1,real,200,640,360,,40.27986526489258,,47.310590744018555,real,left,43,22,2645,2635,2635,2645,2635,2635,74463,0,26,142,179,55,55,centerline_fallback,0.0,0.0,-76.7914217152096,26,0,10,0,20,0,0,left,1,43,2,left,0.869,0.5074166666666666,7,60,24,7,10,1,1,0,4.238005745703469,1,0,1,313.41721976535405,0,,left_only_from_pair_reject,441,,0.869,0.5074166666666666,43,18,crossed_often,left,0,left,120
1774306447.2665677,pure_pursuit,HOLD_AND_STOP,hold_and_stop,1,234,0.2812719103601164,0.30628223453383085,242,1.0,0.0,0.0,0.0,0.0,0.0,,,1000,1500,0.4413999000000001,1,432,0,fallback_hold_and_stop,left_only_from_pair_reject,1,1,11,43,0,-987.9447233383598,585.084552000062,49.80284132803299,490.01627226606956,crossed_often,,,,,,,-0.752983412910548,0.415839746475329,-0.7529834129105479,680,1,real,200,640,360,,35.01248359680176,,43.02549362182617,real,left,43,24,2621,2607,2607,2621,2607,2607,74463,0,26,142,179,55,55,centerline_fallback,0.0,0.0,-74.42537993498803,33,0,11,0,22,0,0,left,1,43,2,left,0.9450000000000001,0.4974166666666667,7,60,24,7,10,1,1,0,1.892256820623712,1,0,1,281.16279473074184,0,,left_only_from_pair_reject,442,,0.9450000000000001,0.4974166666666667,43,17,crossed_often,left,0,left,121
1774306447.360839,pure_pursuit,HOLD_AND_STOP,hold_and_stop,1,234,0.2812719103601164,0.30628223453383085,242,1.0,0.0,0.0,0.0,0.0,0.0,,,1000,1500,0.4349484000000001,1,433,0,fallback_hold_and_stop,left_only_from_pair_reject,1,1,10,43,0,-989.9499350678677,583.2048891593215,48.70895446281406,490.1634457022865,crossed_often,,,,,,,-0.752983412910548,0.415839746475329,-0.7529834129105479,681,1,real,200,640,360,,36.00001335144043,,43.012142181396484,real,left,43,22,2596,2594,2594,2596,2594,2594,74463,0,26,142,179,55,55,centerline_fallback,0.0,0.0,-72.06123251614397,25,0,10,0,20,0,0,left,1,43,2,left,0.9450000000000001,0.492,7,60,24,7,9,1,1,0,3.9003639775817294,1,0,1,279.9739510186883,0,,left_only_from_pair_reject,443,,0.9450000000000001,0.492,43,16,crossed_often,left,0,left,122
1774306447.4548857,pure_pursuit,HOLD_AND_STOP,hold_and_stop,1,234,0.2812719103601164,0.30628223453383085,242,1.0,0.0,0.0,0.0,0.0,0.0,,,1000,1500,0.4326024000000001,1,434,0,fallback_hold_and_stop,left_only_from_pair_reject,1,1,10,43,0,-991.4096241629369,581.529377285868,47.80735002161919,490.18783725995235,crossed_often,,,,,,,-0.752983412910548,0.415839746475329,-0.7529834129105479,682,1,real,200,640,360,,35.00056266784668,,42.516469955444336,real,left,43,22,2553,2507,2507,2553,2507,2507,74463,0,26,142,179,55,55,centerline_fallback,0.0,0.0,-69.70131578153584,25,0,10,0,20,0,0,left,1,43,2,left,0.9450000000000001,0.45366666666666666,7,60,24,7,9,1,1,0,3.2150124941317126,1,0,1,274.4863423170318,0,,left_only_from_pair_reject,444,,0.9450000000000001,0.45366666666666666,43,14,crossed_often,left,0,left,123
1774306447.5488741,pure_pursuit,HOLD_AND_STOP,hold_and_stop,1,234,0.2812719103601164,0.30628223453383085,242,1.0,0.0,0.0,0.0,0.0,0.0,,,1000,1500,0.4257301500000001,1,435,0,fallback_hold_and_stop,left_only_from_pair_reject,1,1,9,43,0,-991.7335266251562,580.3814478273893,47.37963649442465,489.9887935810355,crossed_often,,,,,,,-0.752983412910548,0.415839746475329,-0.7529834129105479,683,1,real,200,640,360,,22.9341983795166,,33.159732818603516,real,left,43,21,2524,2463,2463,2524,2463,2463,74463,0,26,142,179,55,55,centerline_fallback,0.0,0.0,-67.3475589361843,25,0,9,0,18,0,0,left,1,43,3,left,0.9450000000000001,0.4413750000000001,7,60,24,7,9,1,1,0,1.5252329073082072,1,0,1,272.5645801381091,0,,left_only_from_pair_reject,445,,0.9450000000000001,0.4413750000000001,43,13,crossed_often,left,0,left,124
1774306447.633067,pure_pursuit,HOLD_AND_STOP,hold_and_stop,1,234,0.2812719103601164,0.30628223453383085,242,1.0,0.0,0.0,0.0,0.0,0.0,,,1000,1500,0.4655101500000001,1,436,0,fallback_hold_and_stop,left_only_from_pair_reject,1,1,15,43,0,-991.6142029924325,579.6853539758474,47.2459969531027,489.77218696852293,crossed_often,,,,,,,-0.752983412910548,0.415839746475329,-0.7529834129105479,684,1,real,200,640,360,,28.685808181762695,,36.24248504638672,real,left,43,33,2552,2486,2486,2552,2486,2486,74463,0,26,142,179,55,55,centerline_fallback,0.0,0.0,-65.00613937018878,30,0,15,0,30,0,0,left,1,43,3,left,0.9450000000000001,0.491375,7,60,24,7,9,1,1,0,0.7710090724916052,1,0,1,267.853985970881,0,,left_only_from_pair_reject,446,,0.9450000000000001,0.491375,43,21,crossed_often,left,0,left,125
1774306447.7199626,pure_pursuit,HOLD_AND_STOP,hold_and_stop,1,234,0.2812719103601164,0.30628223453383085,242,1.0,0.0,0.0,0.0,0.0,0.0,,,1000,1500,0.43170990000000015,1,437,0,fallback_hold_and_stop,left_only_from_pair_reject,1,1,10,43,0,-991.0565778230861,579.3264187873401,47.260326762715586,489.4947292632547,crossed_often,,,,,,,-0.752983412910548,0.415839746475329,-0.7529834129105479,685,1,real,200,640,360,,33.9055061340332,,43.90406608581543,real,left,43,23,2546,2479,2479,2546,2479,2479,74463,0,26,142,179,55,55,centerline_fallback,0.0,0.0,-62.67906959173851,24,0,10,0,20,0,0,left,1,43,3,left,0.9450000000000001,0.4390833333333334,7,60,24,7,9,1,1,0,0.8615648676268667,1,0,1,276.9570373607417,0,,left_only_from_pair_reject,447,,0.9450000000000001,0.4390833333333334,43,13,crossed_often,left,0,left,126
1774306447.8150907,pure_pursuit,HOLD_AND_STOP,hold_and_stop,1,234,0.2812719103601164,0.30628223453383085,242,1.0,0.0,0.0,0.0,0.0,0.0,,,1000,1500,0.43232190000000004,1,438,0,fallback_hold_and_stop,left_only_from_pair_reject,1,1,10,43,0,-990.8550977401775,578.7915232897316,47.236795029083574,489.2996121628555,crossed_often,,,,,,,-0.752983412910548,0.415839746475329,-0.7529834129105479,686,1,real,200,640,360,,92.34261512756348,,101.87077522277832,real,left,43,23,2531,2452,2452,2531,2452,2452,74463,0,26,142,179,55,55,centerline_fallback,0.0,0.0,-60.36687896342613,25,0,10,0,20,0,0,left,1,43,3,left,0.9450000000000001,0.44908333333333333,7,60,24,7,9,1,1,0,0.7039113572905559,1,0,1,255.44544694736655,0,,left_only_from_pair_reject,448,,0.9450000000000001,0.44908333333333333,43,14,crossed_often,left,0,left,127
1774306447.968691,pure_pursuit,HOLD_AND_STOP,hold_and_stop,1,234,0.2812719103601164,0.30628223453383085,242,1.0,0.0,0.0,0.0,0.0,0.0,,,1000,1500,0.4329339000000001,1,439,0,fallback_hold_and_stop,left_only_from_pair_reject,1,1,10,43,0,-993.9543127037745,577.4211228374024,46.46325304993914,489.99431715149916,crossed_often,,,,,,,-0.752983412910548,0.415839746475329,-0.7529834129105479,687,1,real,200,640,360,,32.44662284851074,,42.18459129333496,real,left,43,23,2531,2450,2450,2531,2450,2450,74463,0,26,142,179,55,55,centerline_fallback,0.0,0.0,-58.07158598696992,23,0,10,0,20,0,0,left,1,43,3,left,0.9450000000000001,0.45908333333333334,7,60,24,7,9,1,1,0,2.9301610731183128,1,0,1,271.3807911581211,0,,left_only_from_pair_reject,449,,0.9450000000000001,0.45908333333333334,43,15,crossed_often,left,0,left,128
1774306448.0619352,pure_pursuit,HOLD_AND_STOP,hold_and_stop,1,234,0.2812719103601164,0.30628223453383085,242,1.0,0.0,0.0,0.0,0.0,0.0,,,1000,1500,0.43985715000000014,1,440,0,fallback_hold_and_stop,left_only_from_pair_reject,1,1,11,43,0,-988.1947887921651,580.2849727258357,48.10853752859504,488.8024252941781,crossed_often,,,,,,,-0.752983412910548,0.415839746475329,-0.7529834129105479,688,1,real,200,640,360,,38.617610931396484,,49.02911186218262,real,left,42,25,2483,2437,2437,2483,2437,2437,74463,0,26,142,179,55,55,centerline_fallback,0.0,0.0,-55.78797850548196,25,0,11,0,22,0,0,left,1,42,3,left,0.9404166666666667,0.47679166666666667,7,60,24,7,9,1,1,0,5.862911487463265,1,0,1,269.98761921796694,0,,left_only_from_pair_reject,450,,0.9404166666666667,0.47679166666666667,42,17,crossed_often,left,0,left,129
1774306448.1617482,pure_pursuit,HOLD_AND_STOP,hold_and_stop,1,234,0.2812719103601164,0.30628223453383085,242,1.0,0.0,0.0,0.0,0.0,0.0,,,1000,1500,0.42488865000000003,1,441,0,fallback_hold_and_stop,left_only_from_pair_reject,1,1,9,43,0,-990.7135023798928,578.9082356681308,47.36972463677583,489.29287982900365,crossed_often,,,,,,,-0.752983412910548,0.415839746475329,-0.7529834129105479,689,1,real,200,640,360,,38.89298439025879,,50.64821243286133,real,left,42,21,2484,2427,2427,2484,2427,2427,74463,0,26,142,179,55,55,centerline_fallback,0.0,0.0,-53.52439666274441,24,0,9,0,18,0,0,left,1,42,3,left,0.9381249999999999,0.43450000000000005,7,60,24,7,9,1,1,0,2.630035845090914,1,0,1,271.2134330022356,0,,left_only_from_pair_reject,451,,0.9381249999999999,0.43450000000000005,42,13,crossed_often,left,0,left,130
1774306448.2632294,pure_pursuit,HOLD_AND_STOP,hold_and_stop,1,234,0.2812719103601164,0.30628223453383085,242,1.0,0.0,0.0,0.0,0.0,0.0,,,1000,1500,0.4189089000000001,1,442,0,fallback_hold_and_stop,left_only_from_pair_reject,1,1,8,43,0,-991.2308819995836,578.4626467111354,47.10102330905191,489.34172310455995,crossed_often,,,,,,,-0.752983412910548,0.415839746475329,-0.7529834129105479,690,1,real,200,640,360,,31.994104385375977,,42.00625419616699,real,left,42,19,2451,2406,2406,2451,2406,2406,74463,0,26,142,179,55,55,centerline_fallback,0.0,0.0,-51.274141251078646,25,0,8,0,16,0,0,left,1,42,3,left,0.9381249999999999,0.4367916666666667,7,60,24,7,9,1,1,0,0.9580490440170693,1,0,1,252.91584749979666,0,,left_only_from_pair_reject,452,,0.9381249999999999,0.4367916666666667,42,13,crossed_often,left,0,left,131
1774306448.3562496,pure_pursuit,HOLD_AND_STOP,hold_and_stop,1,234,0.2812719103601164,0.30628223453383085,242,1.0,0.0,0.0,0.0,0.0,0.0,,,1000,1500,0.4400484000000001,1,443,0,fallback_hold_and_stop,left_only_from_pair_reject,1,1,11,43,0,-987.1395325024633,580.6893835408395,48.174340259829734,488.5263918587937,crossed_often,,,,,,,-0.752983412910548,0.415839746475329,-0.7529834129105479,691,1,real,200,640,360,,32.93490409851074,,42.97208786010742,real,left,41,25,2441,2385,2385,2441,2385,2385,74463,0,26,142,179,55,55,centerline_fallback,0.0,0.0,-49.03861027622341,28,0,11,0,22,0,0,left,1,41,3,left,0.9335416666666667,0.4867916666666667,7,60,24,7,9,1,1,0,4.040117851423137,1,0,1,278.8661220407929,0,,left_only_from_pair_reject,453,,0.9335416666666667,0.4867916666666667,41,18,crossed_often,left,0,left,132
1774306448.4508188,pure_pursuit,HOLD_AND_STOP,hold_and_stop,1,234,0.2812719103601164,0.30628223453383085,242,1.0,0.0,0.0,0.0,0.0,0.0,,,1000,1500,0.42775740000000007,1,444,0,fallback_hold_and_stop,left_only_from_pair_reject,1,1,10,43,0,-983.5766998830305,582.4754068269901,49.08146492229892,487.77950886600127,crossed_often,,,,,,,-0.752983412910548,0.415839746475329,-0.7529834129105479,692,1,real,200,640,360,,32.506465911865234,,43.82681846618652,real,left,43,23,2397,2369,2369,2397,2369,2369,74463,0,26,142,179,55,55,centerline_fallback,0.0,0.0,-46.819186032475585,28,0,10,0,20,0,0,left,1,43,3,left,0.845,0.47450000000000003,7,60,24,7,9,1,1,0,3.444457860696836,1,0,1,273.44351221809046,0,,left_only_from_pair_reject,454,,0.845,0.47450000000000003,43,17,crossed_often,left,0,left,133
1774306448.545435,pure_pursuit,HOLD_AND_STOP,hold_and_stop,1,234,0.2812719103601164,0.30628223453383085,242,1.0,0.0,0.0,0.0,0.0,0.0,,,1000,1500,0.44469960000000014,1,445,0,fallback_hold_and_stop,left_only_from_pair_reject,1,1,12,43,0,-979.6143549276928,584.1950588692137,50.050721930016685,486.88468689667286,crossed_often,,,,,,,-0.752983412910548,0.415839746475329,-0.7529834129105479,693,1,real,200,640,360,,29.048442840576172,,41.38326644897461,real,left,42,27,2410,2376,2376,2410,2376,2376,74463,0,26,142,179,55,55,centerline_fallback,0.0,0.0,-44.616193539391816,26,0,12,0,24,0,0,left,1,42,3,left,0.9141249999999999,0.48220833333333335,7,60,24,7,9,1,1,0,3.7195697049124283,1,0,1,270.7757778430083,0,,left_only_from_pair_reject,455,,0.9141249999999999,0.48220833333333335,42,21,crossed_often,left,0,left,134
1774306448.6372864,pure_pursuit,HOLD_AND_STOP,hold_and_stop,1,234,0.2812719103601164,0.30628223453383085,242,1.0,0.0,0.0,0.0,0.0,0.0,,,1000,1500,0.4444191000000001,1,446,0,fallback_hold_and_stop,left_only_from_pair_reject,1,1,12,43,0,-976.7233945639723,585.3086548753669,50.82195365616388,486.208808047493,crossed_often,,,,,,,-0.752983412910548,0.415839746475329,-0.7529834129105479,694,1,real,200,640,360,,28.17821502685547,,39.781808853149414,real,left,41,27,2405,2362,2362,2405,2362,2362,74463,0,26,142,179,55,55,centerline_fallback,0.0,0.0,-42.43067813322679,26,0,12,0,24,0,0,left,1,41,3,left,0.9095416666666667,0.48220833333333335,7,60,24,7,10,1,1,0,2.7735270638591487,1,0,1,273.01518659325643,0,,left_only_from_pair_reject,456,,0.9095416666666667,0.48220833333333335,41,18,crossed_often,left,0,left,135
1774306448.7281764,pure_pursuit,HOLD_AND_STOP,hold_and_stop,1,234,0.2812719103601164,0.30628223453383085,242,1.0,0.0,0.0,0.0,0.0,0.0,,,1000,1500,0.4309551000000001,1,447,0,fallback_hold_and_stop,left_only_from_pair_reject,1,1,10,43,0,-975.9375965642716,585.9142141901201,51.3701282457978,486.1373751223156,crossed_often,,,,,,,-0.752983412910548,0.415839746475329,-0.7529834129105479,695,1,real,200,640,360,,29.897212982177734,,40.560245513916016,real,left,41,23,2417,2370,2370,2417,2370,2370,74463,0,26,142,179,55,55,hold_counter,0.0,0.0,-40.26488643780621,24,0,10,0,20,0,0,left,1,41,3,left,0.9095416666666667,0.46220833333333333,7,60,24,7,10,1,1,0,1.9566582512945445,1,0,1,275.91339150991445,0,,left_only_from_pair_reject,457,,0.9095416666666667,0.46220833333333333,41,16,crossed_often,left,0,left,136
1774306448.819914,pure_pursuit,HOLD_AND_STOP,hold_and_stop,1,234,0.2812719103601164,0.30628223453383085,242,1.0,0.0,0.0,0.0,0.0,0.0,,,1000,1500,0.43181190000000014,1,448,0,fallback_hold_and_stop,left_only_from_pair_reject,1,1,11,43,0,-974.0054591984472,586.8165168797278,51.994133023018925,485.73572703158334,crossed_often,,,,,,,-0.752983412910548,0.415839746475329,-0.7529834129105479,696,1,real,200,640,360,,31.47578239440918,,40.4965877532959,real,left,43,22,2399,2352,2352,2399,2352,2352,74463,0,26,142,179,55,55,hold_counter,0.0,0.0,-38.119090226547,28,1,10,2,20,0,0,left,1,41,2,left,0.8335416666666666,0.4522083333333333,7,60,24,7,10,1,1,0,2.222629374746774,1,0,1,276.39841585872256,0,,left_only_from_pair_reject,458,,0.8335416666666666,0.4522083333333333,42,15,crossed_often,left,0,left,137
1774306448.9111512,pure_pursuit,HOLD_AND_STOP,hold_and_stop,1,234,0.2812719103601164,0.30628223453383085,242,1.0,0.0,0.0,0.0,0.0,0.0,,,1000,1500,0.43181190000000014,1,449,0,fallback_hold_and_stop,left_only_from_pair_reject,1,1,11,43,0,-976.7020153951269,586.3525776307569,51.71537213767779,486.5527813094104,crossed_often,,,,,,,-0.752983412910548,0.415839746475329,-0.7529834129105479,697,1,real,200,640,360,,46.12994194030762,,57.36708641052246,real,left,41,24,2405,2356,2356,2405,2356,2356,74463,0,26,142,179,55,55,hold_counter,0.0,0.0,-35.99193677834566,25,0,11,0,22,0,0,left,1,41,2,left,0.8335416666666666,0.4522083333333333,7,60,24,7,10,1,1,0,2.5567622339835108,1,0,1,232.02642060198667,0,,left_only_from_pair_reject,459,,0.8335416666666666,0.4522083333333333,41,15,crossed_often,left,0,left,138
1774306449.0195527,pure_pursuit,HOLD_AND_STOP,hold_and_stop,1,234,0.2812719103601164,0.30628223453383085,242,1.0,0.0,0.0,0.0,0.0,0.0,,,1000,1500,0.3618399000000001,1,450,0,fallback_hold_and_stop,left_only_from_pair_reject,1,1,0,43,0,-976.8855720686988,586.3601600624995,51.74645460031755,486.62373741126606,crossed_often,,,,,,,-0.752983412910548,0.415839746475329,-0.7529834129105479,698,1,real,200,640,360,,36.277055740356445,,46.7221736907959,real,straight,41,26,2395,2344,2344,2395,2344,2344,53898,0,26,142,179,55,55,none,0.0,0.0,-33.88042701770351,25,0,0,0,0,0,1,straight,1,41,26,left,0.8335416666666666,0.408875,7,60,24,7,10,1,1,0,0.2819734744669039,1,0,1,253.33655505305325,0,,left_only_from_pair_reject,460,,0.8335416666666666,0.408875,41,26,crossed_often,left,0,left,139
1774306449.116946,pure_pursuit,HOLD_AND_STOP,hold_and_stop,1,234,0.2812719103601164,0.30628223453383085,242,1.0,0.0,0.0,0.0,0.0,0.0,,,1000,1500,0.37233060000000007,1,451,0,fallback_hold_and_stop,left_only_from_pair_reject,1,1,1,43,0,-974.7676399527054,587.4136186693667,52.32258503145284,486.18406727337623,crossed_often,,,,,,,-0.752983412910548,0.415839746475329,-0.7529834129105479,699,1,real,200,640,360,,31.803131103515625,,43.313026428222656,real,straight,42,26,2395,2330,2330,2395,2330,2330,53898,0,26,142,179,55,55,none,0.0,0.0,-31.786505627200995,28,1,0,2,0,0,3,straight,1,40,26,left,0.9049583333333333,0.408875,7,60,24,7,10,1,1,0,2.092839791680804,1,0,1,249.15447966866097,0,,left_only_from_pair_reject,461,,0.9049583333333333,0.408875,40,26,crossed_often,left,0,left,140
1774306449.212141,pure_pursuit,HOLD_AND_STOP,hold_and_stop,1,234,0.2812719103601164,0.30628223453383085,242,1.0,0.0,0.0,0.0,0.0,0.0,,,1000,1500,0.3867406500000001,1,452,0,fallback_hold_and_stop,left_only_from_pair_reject,1,1,4,43,0,-970.2099996163171,589.1716468121401,53.38560900622312,485.10086411559456,crossed_often,,,,,,,-0.752983412910548,0.415839746475329,-0.7529834129105479,700,1,real,200,640,360,,42.80495643615723,,52.38604545593262,real,straight,50,26,2368,2349,2349,2369,2349,2349,53898,0,26,142,179,55,55,none,0.0,0.0,-29.7100979817059,30,4,0,8,0,0,0,straight,1,42,26,left,0.8404166666666666,0.408875,7,60,24,7,10,1,1,0,4.183925982492726,1,0,1,247.42001786114204,0,,left_only_from_pair_reject,462,,0.8404166666666666,0.408875,44,26,crossed_often,left,0,left,141
1774306449.315667,pure_pursuit,HOLD_AND_STOP,hold_and_stop,1,234,0.2812719103601164,0.30628223453383085,242,1.0,0.0,0.0,0.0,0.0,0.0,,,1000,1500,0.3605470500000001,1,453,0,fallback_hold_and_stop,left_only_from_pair_reject,1,1,0,43,0,-962.5141012322691,590.92341941976,55.37529962641834,483.0220833142757,crossed_often,,,,,,,-0.752983412910548,0.415839746475329,-0.7529834129105479,701,1,real,200,640,360,,32.09257125854492,,41.0158634185791,real,straight,42,26,2375,2349,2349,2376,2349,2349,53898,0,26,142,179,55,55,none,0.0,0.0,-27.652285909210548,22,0,0,0,0,0,0,straight,1,42,26,left,0.8124166666666667,0.408875,7,60,24,7,10,1,1,0,7.158149556867479,1,0,1,250.42240356813366,0,,left_only_from_pair_reject,463,,0.8124166666666667,0.408875,42,26,crossed_often,left,0,left,142
1774306449.4082034,pure_pursuit,HOLD_AND_STOP,hold_and_stop,1,234,0.2812719103601164,0.30628223453383085,242,1.0,0.0,0.0,0.0,0.0,0.0,,,1000,1500,0.36012630000000007,1,454,0,fallback_hold_and_stop,left_only_from_pair_reject,1,1,0,43,0,-961.4944190268617,591.0805486650364,55.60625457409282,482.72554466794384,crossed_often,,,,,,,-0.752983412910548,0.415839746475329,-0.7529834129105479,702,1,real,200,640,360,,31.325340270996094,,38.848876953125,real,straight,41,26,2367,2325,2325,2367,2325,2325,53898,0,26,142,179,55,55,none,0.0,0.0,-25.625452766831614,23,0,0,0,0,0,0,straight,1,41,26,left,0.8055416666666667,0.408875,7,60,24,7,10,1,1,0,0.9073883500401,1,0,1,251.2361006401685,0,,left_only_from_pair_reject,464,,0.8055416666666667,0.408875,41,26,crossed_often,left,0,left,143
1774306449.498719,pure_pursuit,HOLD_AND_STOP,hold_and_stop,1,234,0.2812719103601164,0.30628223453383085,242,1.0,0.0,0.0,0.0,0.0,0.0,,,1000,1500,0.3850270500000001,1,455,0,fallback_hold_and_stop,left_only_from_pair_reject,1,1,4,43,0,-951.6422720238572,595.2435447858508,58.4630038025158,480.54516148992263,crossed_often,,,,,,,-0.752983412910548,0.415839746475329,-0.7529834129105479,703,1,real,200,640,360,,35.144805908203125,,46.75030708312988,real,straight,50,26,2345,2320,2320,2349,2320,2320,53898,0,26,142,179,55,55,none,0.0,0.0,-23.617453154397083,28,4,0,8,0,0,0,straight,1,42,26,left,0.8124166666666667,0.408875,7,60,23,7,10,1,1,0,10.17149231424482,1,0,1,244.20631204774966,0,,left_only_from_pair_reject,465,,0.8124166666666667,0.408875,44,26,crossed_often,left,0,left,144
1774306449.5966413,pure_pursuit,HOLD_AND_STOP,hold_and_stop,1,234,0.2812719103601164,0.30628223453383085,242,1.0,0.0,0.0,0.0,0.0,0.0,,,1000,1500,0.3668073000000001,1,456,0,fallback_hold_and_stop,left_only_from_pair_reject,1,1,1,43,0,-951.6520487332685,594.5398099595888,58.48224245577913,480.3899564572389,crossed_often,,,,,,,-0.752983412910548,0.415839746475329,-0.7529834129105479,704,1,real,200,640,360,,46.2648868560791,,55.88817596435547,real,straight,44,26,2360,2324,2324,2361,2324,2324,53898,0,26,142,179,55,55,none,0.0,0.0,-21.632744198443618,25,1,0,2,0,0,0,straight,1,42,26,left,0.8147083333333335,0.408875,7,60,23,7,10,1,1,0,0.8383761616692326,1,0,1,241.31407227227433,0,,left_only_from_pair_reject,466,,0.8147083333333335,0.408875,44,26,crossed_often,left,0,left,145
1774306449.7032042,pure_pursuit,HOLD_AND_STOP,hold_and_stop,1,234,0.2812719103601164,0.30628223453383085,242,1.0,0.0,0.0,0.0,0.0,0.0,,,1000,1500,0.36082755000000016,1,457,0,fallback_hold_and_stop,left_only_from_pair_reject,1,1,0,43,0,-941.9968236550211,596.2524343829616,60.94271786236286,477.671852903204,crossed_often,,,,,,,-0.752983412910548,0.415839746475329,-0.7529834129105479,705,1,real,200,640,360,,33.236026763916016,,41.49055480957031,real,straight,43,26,2410,2377,2377,2412,2377,2377,53898,0,26,142,179,55,55,none,0.0,0.0,-19.67032858821267,30,0,0,0,0,0,0,straight,1,43,26,left,0.8170000000000001,0.408875,7,60,23,7,10,1,1,0,8.916255920981795,1,0,1,259.16804582016107,0,,left_only_from_pair_reject,467,,0.8170000000000001,0.408875,43,26,crossed_often,left,0,left,146
1774306449.7959692,pure_pursuit,HOLD_AND_STOP,hold_and_stop,1,234,0.2812719103601164,0.30628223453383085,242,1.0,0.0,0.0,0.0,0.0,0.0,,,1000,1500,0.4338468000000001,1,458,0,fallback_hold_and_stop,left_only_from_pair_reject,1,1,12,43,0,-950.9504530013785,591.1505362129216,58.3100944113922,479.3452198304939,crossed_often,,,,,,,-0.752983412910548,0.415839746475329,-0.7529834129105479,706,1,real,200,640,360,,33.60867500305176,,42.63186454772949,real,straight,64,28,2452,2370,2370,2465,2370,2370,53898,0,26,142,179,55,55,none,0.0,0.0,-17.745000273042507,28,11,1,22,2,0,0,straight,1,42,26,left,0.8101250000000001,0.408875,7,60,23,7,10,1,1,0,9.384286104667444,1,0,1,262.4693523963366,0,,left_only_from_pair_reject,468,,0.8101250000000001,0.408875,48,26,crossed_often,left,0,left,147
1774306449.8899608,pure_pursuit,HOLD_AND_STOP,hold_and_stop,1,234,0.2812719103601164,0.30628223453383085,242,1.0,0.0,0.0,0.0,0.0,0.0,,,1000,1500,0.3670878000000001,1,459,0,fallback_hold_and_stop,left_only_from_pair_reject,1,1,1,43,0,-947.2594745153015,593.2611971838103,60.016728287544794,478.73429141973656,crossed_often,,,,,,,-0.752983412910548,0.415839746475329,-0.7529834129105479,707,1,real,200,640,360,,48.40970039367676,,58.32695960998535,real,straight,44,28,2546,2460,2460,2561,2460,2460,53898,0,26,142,179,55,55,none,0.0,0.0,-15.846163806373738,31,1,0,2,0,0,0,straight,1,42,28,left,0.8124166666666667,0.41575,7,60,23,7,10,1,1,0,6.086149535932725,1,0,1,291.2945261004036,0,,left_only_from_pair_reject,469,,0.8124166666666667,0.41575,43,28,crossed_often,left,0,left,148
1774306449.9994946,pure_pursuit,HOLD_AND_STOP,hold_and_stop,1,234,0.2812719103601164,0.30628223453383085,242,1.0,0.0,0.0,0.0,0.0,0.0,,,1000,1500,0.3622300500000001,1,460,0,fallback_hold_and_stop,left_only_from_pair_reject,1,1,0,43,0,-942.3868367497655,593.2531137648651,61.24769991599271,477.1609628450121,crossed_often,,,,,,,-0.752983412910548,0.415839746475329,-0.7529834129105479,708,1,real,200,640,360,,47.74808883666992,,60.260772705078125,real,straight,44,33,2590,2555,2555,2612,2555,2555,53898,0,26,142,179,55,55,none,0.0,0.0,-13.96892749979989,30,0,0,0,0,0,0,straight,1,44,33,left,0.8192916666666668,0.4295,8,60,23,8,10,1,1,0,4.800992313946647,1,0,1,287.29752871192704,0,,left_only_from_pair_reject,470,,0.8192916666666668,0.4295,44,33,crossed_often,left,0,left,149
1774306450.1112576,pure_pursuit,HOLD_AND_STOP,hold_and_stop,1,234,0.2812719103601164,0.30628223453383085,242,1.0,0.0,0.0,0.0,0.0,0.0,,,1000,1500,0.3751713000000001,1,461,0,fallback_hold_and_stop,left_only_from_pair_reject,1,1,2,43,0,-937.9859427840411,595.9506265929098,62.99771140156593,476.4392491204163,crossed_often,,,,,,,-0.752983412910548,0.415839746475329,-0.7529834129105479,709,1,real,200,640,360,,34.55662727355957,,46.44441604614258,real,straight,43,38,2602,2587,2587,2621,2587,2587,53898,0,26,142,179,55,55,none,0.0,0.0,-12.127231373128353,30,0,2,0,4,0,0,straight,1,43,34,left,0.8170000000000001,0.44325000000000003,8,60,23,8,10,1,1,0,6.2365243961488614,1,0,1,291.17604997739494,0,,left_only_from_pair_reject,471,,0.8170000000000001,0.44325000000000003,43,37,crossed_often,left,0,left,150
1774306450.2084394,pure_pursuit,HOLD_AND_STOP,hold_and_stop,1,234,0.2812719103601164,0.30628223453383085,242,1.0,0.0,0.0,0.0,0.0,0.0,,,1000,1500,0.4174503000000001,1,462,0,fallback_hold_and_stop,left_only_from_pair_reject,1,1,9,43,0,-929.8630635280933,599.4218834958438,65.26082352470308,474.6440898656394,crossed_often,,,,,,,-0.752983412910548,0.415839746475329,-0.7529834129105479,710,1,real,200,640,360,,47.81150817871094,,59.83614921569824,real,straight,62,34,2596,2569,2569,2615,2569,2569,53898,0,26,142,179,55,55,none,0.0,0.0,-10.304497101347806,34,9,0,18,0,0,0,straight,1,44,34,left,0.8192916666666668,0.4317916666666667,8,60,23,8,10,1,1,0,8.062822246980108,1,0,1,287.90734545985634,0,,left_only_from_pair_reject,472,,0.8192916666666668,0.4317916666666667,50,34,crossed_often,left,0,left,151
1774306450.3192868,pure_pursuit,HOLD_AND_STOP,hold_and_stop,1,234,0.2812719103601164,0.30628223453383085,242,1.0,0.0,0.0,0.0,0.0,0.0,,,1000,1500,0.4170295500000001,1,463,0,fallback_hold_and_stop,left_only_from_pair_reject,1,1,9,43,0,-937.432639659332,595.6681799669898,63.75550086752889,476.27336288182926,crossed_often,,,,,,,-0.752983412910548,0.415839746475329,-0.7529834129105479,711,1,real,200,640,360,,39.50238227844238,,50.95624923706055,real,straight,61,32,2613,2576,2576,2629,2576,2576,53898,0,26,142,179,55,55,none,0.0,0.0,-8.50031365992379,26,9,0,18,0,0,0,straight,1,43,32,left,0.8170000000000001,0.42720833333333336,8,60,23,8,10,1,1,0,7.218943655682849,1,0,1,296.0411284137578,0,,left_only_from_pair_reject,473,,0.8170000000000001,0.42720833333333336,47,32,crossed_often,left,0,left,152
1774306450.4213517,pure_pursuit,HOLD_AND_STOP,hold_and_stop,1,234,0.2812719103601164,0.30628223453383085,242,1.0,0.0,0.0,0.0,0.0,0.0,,,1000,1500,0.40523580000000003,1,464,0,fallback_hold_and_stop,left_only_from_pair_reject,1,1,8,43,0,-940.111028755438,595.171131123034,63.66531523569045,477.09697982422995,crossed_often,,,,,,,-0.752983412910548,0.415839746475329,-0.7529834129105479,712,1,real,200,640,360,,44.87466812133789,,56.7631721496582,real,straight,59,33,2615,2579,2579,2627,2579,2579,53898,0,26,142,179,55,55,none,0.0,0.0,-6.730867848716315,27,8,0,16,0,0,0,straight,1,43,33,left,0.7220000000000001,0.4295,8,60,23,8,10,1,1,0,2.845004466587681,1,0,1,286.2813083600405,0,,left_only_from_pair_reject,474,,0.7220000000000001,0.4295,46,33,crossed_often,left,0,left,153
1774306450.5291505,pure_pursuit,HOLD_AND_STOP,hold_and_stop,1,234,0.2812719103601164,0.30628223453383085,242,1.0,0.0,0.0,0.0,0.0,0.0,,,1000,1500,0.42328980000000005,1,465,0,fallback_hold_and_stop,left_only_from_pair_reject,1,1,10,43,0,-948.7261736702527,591.4608945013389,62.11061677796552,479.1093746802431,crossed_often,,,,,,,-0.752983412910548,0.415839746475329,-0.7529834129105479,713,1,real,200,640,360,,30.570268630981445,,42.59991645812988,real,straight,63,33,2626,2580,2580,2638,2580,2580,53898,0,26,142,179,55,55,none,0.0,0.0,-4.984563731060888,33,10,0,20,0,0,0,straight,1,43,33,left,0.8170000000000001,0.4295,8,60,23,8,10,1,1,0,8.06671657069223,1,0,1,287.60413219830974,0,,left_only_from_pair_reject,475,,0.8170000000000001,0.4295,49,33,crossed_often,left,0,left,154
1774306450.6229517,pure_pursuit,HOLD_AND_STOP,hold_and_stop,1,234,0.2812719103601164,0.30628223453383085,242,1.0,0.0,0.0,0.0,0.0,0.0,,,1000,1500,0.3620898000000001,1,466,0,fallback_hold_and_stop,left_only_from_pair_reject,1,1,0,43,0,-937.3640407217581,596.2815556645934,65.52859560555866,476.611838007576,crossed_often,,,,,,,-0.752983412910548,0.415839746475329,-0.7529834129105479,714,1,real,200,640,360,,32.106637954711914,,40.990591049194336,real,straight,43,33,2650,2609,2609,2664,2609,2609,53898,0,26,142,179,55,55,none,0.0,0.0,-3.2796601617936574,32,0,0,0,0,0,0,straight,1,43,33,left,0.8170000000000001,0.4295,8,60,23,8,10,1,1,0,12.171957681691659,1,0,1,287.7059894253081,0,,left_only_from_pair_reject,476,,0.8170000000000001,0.4295,43,33,crossed_often,left,0,left,155
1774306450.7148132,pure_pursuit,HOLD_AND_STOP,hold_and_stop,1,234,0.2812719103601164,0.30628223453383085,242,1.0,0.0,0.0,0.0,0.0,0.0,,,1000,1500,0.41149605000000006,1,467,0,fallback_hold_and_stop,left_only_from_pair_reject,1,1,9,43,0,-944.2672743923067,591.8971746497558,64.00730629197761,477.86798979674626,crossed_often,,,,,,,-0.752983412910548,0.415839746475329,-0.7529834129105479,715,1,real,200,640,360,,47.32108116149902,,57.69658088684082,real,straight,61,34,2631,2578,2578,2644,2578,2578,53898,0,26,142,179,55,55,none,0.0,0.0,-1.586079884237364,31,9,0,18,0,0,0,straight,1,43,34,left,0.7220000000000001,0.4317916666666667,8,60,23,8,10,1,1,0,6.984144342005709,1,0,1,286.9827246365005,0,,left_only_from_pair_reject,477,,0.7220000000000001,0.4317916666666667,50,34,crossed_often,left,0,left,156
1774306450.8236666,pure_pursuit,HOLD_AND_STOP,hold_and_stop,1,234,0.2812719103601164,0.30628223453383085,242,1.0,0.0,0.0,0.0,0.0,0.0,,,1000,1500,0.3683500500000001,1,468,0,fallback_hold_and_stop,left_only_from_pair_reject,1,1,1,43,0,-929.2077411354014,598.7259317445859,68.20423344482305,474.61789905982516,crossed_often,,,,,,,-0.752983412910548,0.415839746475329,-0.7529834129105479,716,1,real,200,640,360,,46.01097106933594,,55.56344985961914,real,straight,45,34,2627,2575,2575,2646,2575,2575,53898,0,26,142,179,55,55,none,0.0,0.0,0.05272761757413491,28,1,0,2,0,0,0,straight,1,43,34,left,0.8170000000000001,0.4317916666666667,8,60,23,8,10,1,1,0,14.983659370672244,1,0,1,285.33695670000066,0,,left_only_from_pair_reject,478,,0.8170000000000001,0.4317916666666667,43,34,crossed_often,left,0,left,157
1774306450.9300988,pure_pursuit,HOLD_AND_STOP,hold_and_stop,1,234,0.2812719103601164,0.30628223453383085,242,1.0,0.0,0.0,0.0,0.0,0.0,,,1000,1500,0.3683500500000001,1,469,0,fallback_hold_and_stop,left_only_from_pair_reject,1,1,1,43,0,-928.1512839207024,598.7859574400293,68.65390490151603,474.31383671368286,crossed_often,,,,,,,-0.752983412910548,0.415839746475329,-0.7529834129105479,717,1,real,200,640,360,,35.971879959106445,,44.90351676940918,real,straight,45,34,2641,2586,2586,2663,2586,2586,53898,0,26,142,179,55,55,none,0.0,0.0,1.6980138891838124,28,1,0,2,0,0,0,straight,1,43,34,left,0.8170000000000001,0.4317916666666667,8,60,23,8,10,1,1,0,1.6051538443384463,1,0,1,287.1067388111182,0,,left_only_from_pair_reject,479,,0.8170000000000001,0.4317916666666667,44,34,crossed_often,left,0,left,158
1774306451.0264118,pure_pursuit,HOLD_AND_STOP,hold_and_stop,1,234,0.2812719103601164,0.30628223453383085,242,1.0,0.0,0.0,0.0,0.0,0.0,,,1000,1500,0.4651735500000001,1,470,0,fallback_hold_and_stop,left_only_from_pair_reject,1,1,18,43,0,-930.3456135391493,596.2696438243562,68.20780227294942,474.4595064736428,crossed_often,,,,,,,-0.752983412910548,0.415839746475329,-0.7529834129105479,718,1,real,200,640,360,,47.83987998962402,,56.49900436401367,real,straight,79,26,2594,2485,2485,2628,2485,2485,53898,0,26,142,179,55,55,none,0.0,0.0,3.316106276558628,36,18,0,36,0,0,0,straight,1,43,26,left,0.7220000000000001,0.408875,8,60,23,8,10,1,1,0,2.9838661440939784,1,0,1,273.824927906335,0,,left_only_from_pair_reject,480,,0.7220000000000001,0.408875,54,26,crossed_often,left,0,left,159
1774306451.1339815,pure_pursuit,HOLD_AND_STOP,hold_and_stop,1,234,0.2812719103601164,0.30628223453383085,242,1.0,0.0,0.0,0.0,0.0,0.0,,,1000,1500,0.36113355000000014,1,471,0,fallback_hold_and_stop,left_only_from_pair_reject,1,1,1,43,0,-918.8898659388548,601.2735107924576,71.46427550365787,471.9571641288255,crossed_often,,,,,,,-0.752983412910548,0.415839746475329,-0.7529834129105479,719,1,real,200,640,360,,48.79164695739746,,59.3414306640625,real,straight,45,26,2553,2482,2482,2587,2482,2482,53898,0,26,142,179,55,55,none,0.0,0.0,4.887228106979649,33,1,0,2,0,0,0,straight,1,43,26,left,0.7220000000000001,0.408875,8,60,23,8,10,1,1,0,11.592898828469485,1,0,1,276.1523571353527,0,,left_only_from_pair_reject,481,,0.7220000000000001,0.408875,43,26,crossed_often,left,0,left,160
1774306451.2445242,pure_pursuit,HOLD_AND_STOP,hold_and_stop,1,234,0.2812719103601164,0.30628223453383085,242,1.0,0.0,0.0,0.0,0.0,0.0,,,1000,1500,0.4590535500000001,1,472,0,fallback_hold_and_stop,left_only_from_pair_reject,1,1,17,43,0,-924.1701351981485,600.2300866684656,70.38105141967348,473.4511488578755,crossed_often,,,,,,,-0.752983412910548,0.415839746475329,-0.7529834129105479,720,1,real,200,640,360,,45.57609558105469,,54.67700958251953,real,straight,77,26,2538,2490,2490,2581,2490,2490,53898,0,26,142,179,55,55,none,0.0,0.0,6.456061277729617,33,17,0,34,0,0,0,straight,1,43,26,left,0.7220000000000001,0.408875,8,60,23,8,10,1,1,0,4.639100599037115,1,0,1,270.29138883146493,0,,left_only_from_pair_reject,482,,0.7220000000000001,0.408875,52,26,crossed_often,left,0,left,161
1774306451.3509526,pure_pursuit,HOLD_AND_STOP,hold_and_stop,1,234,0.2812719103601164,0.30628223453383085,242,1.0,0.0,0.0,0.0,0.0,0.0,,,1000,1500,0.38247705000000004,1,473,0,fallback_hold_and_stop,left_only_from_pair_reject,1,1,4,43,0,-906.3201060675196,606.410716655493,75.20950608785832,469.16009650102063,crossed_often,,,,,,,-0.752983412910548,0.415839746475329,-0.7529834129105479,721,1,real,200,640,360,,30.07793426513672,,40.85946083068848,real,straight,43,34,2510,2462,2462,2564,2462,2462,53898,0,26,142,179,55,55,none,0.0,0.0,8.006459221870728,32,0,4,0,8,0,0,straight,1,43,26,left,0.7020000000000001,0.477625,8,60,23,8,10,1,1,0,17.220387416159998,1,0,1,272.8008544545474,0,,left_only_from_pair_reject,483,,0.7020000000000001,0.477625,43,31,crossed_often,left,0,left,162
1774306451.4425154,pure_pursuit,HOLD_AND_STOP,hold_and_stop,1,234,0.2812719103601164,0.30628223453383085,242,1.0,0.0,0.0,0.0,0.0,0.0,,,1000,1500,0.3537895500000001,1,474,0,fallback_hold_and_stop,left_only_from_pair_reject,1,1,0,43,0,-892.9967067857954,609.5939574910125,78.72224894953398,465.62398177540535,crossed_often,,,,,,,-0.752983412910548,0.415839746475329,-0.7529834129105479,722,1,real,200,640,360,,34.030914306640625,,43.021202087402344,real,straight,43,26,2493,2447,2447,2555,2447,2447,53898,0,26,142,179,55,55,none,0.0,0.0,9.547815627362212,28,0,0,0,0,0,0,straight,1,43,26,left,0.7020000000000001,0.408875,8,60,23,8,10,1,1,0,12.553454296409319,1,0,1,266.13743198084734,0,,left_only_from_pair_reject,484,,0.7020000000000001,0.408875,43,26,crossed_often,left,0,left,163
1774306451.5373816,pure_pursuit,HOLD_AND_STOP,hold_and_stop,1,234,0.2812719103601164,0.30628223453383085,242,1.0,0.0,0.0,0.0,0.0,0.0,,,1000,1500,0.3653028000000001,1,475,0,fallback_hold_and_stop,left_only_from_pair_reject,1,1,1,43,0,-881.0350118184191,614.120349172126,81.94082661420273,462.85078755069947,crossed_often,,,,,,,-0.752983412910548,0.415839746475329,-0.7529834129105479,723,1,real,200,640,360,,34.40690040588379,,47.43623733520508,real,straight,44,26,2511,2409,2409,2575,2409,2409,53898,0,26,142,179,55,55,none,0.0,0.0,11.060674220314183,35,1,0,2,0,0,0,straight,1,42,26,left,0.7901250000000001,0.408875,8,60,23,8,10,1,1,0,11.527196243710279,1,0,1,266.7956867307294,0,,left_only_from_pair_reject,485,,0.7901250000000001,0.408875,42,26,crossed_often,left,0,left,164
1774306451.636016,pure_pursuit,HOLD_AND_STOP,hold_and_stop,1,234,0.2812719103601164,0.30628223453383085,242,1.0,0.0,0.0,0.0,0.0,0.0,,,1000,1500,0.36544305000000005,1,476,0,fallback_hold_and_stop,left_only_from_pair_reject,1,1,1,43,0,-868.0777286821088,618.5523433563308,85.34464752182427,459.73570398357697,crossed_often,,,,,,,-0.752983412910548,0.415839746475329,-0.7529834129105479,724,1,real,200,640,360,,36.905527114868164,,48.5076904296875,real,straight,45,26,2518,2450,2450,2581,2457,2457,53898,0,26,142,179,55,55,none,0.0,0.0,12.562832612946323,32,1,0,2,0,0,0,straight,1,43,26,left,0.7924166666666667,0.408875,8,60,23,8,10,1,1,0,12.257933950114536,1,0,1,267.7282964303315,0,,left_only_from_pair_reject,486,,0.7924166666666667,0.408875,43,26,crossed_often,left,0,left,165
1774306451.7359357,pure_pursuit,HOLD_AND_STOP,hold_and_stop,1,234,0.2812719103601164,0.30628223453383085,242,1.0,0.0,0.0,0.0,0.0,0.0,,,1000,1500,0.45710280000000003,1,477,0,fallback_hold_and_stop,left_only_from_pair_reject,1,1,16,43,0,-876.9865011813367,614.463067571423,83.36882031538556,461.6759791567096,crossed_often,,,,,,,-0.752983412910548,0.415839746475329,-0.7529834129105479,725,1,real,200,640,360,,38.604021072387695,,50.01997947692871,real,straight,74,26,2571,2481,2481,2644,2489,2489,53898,0,26,142,179,55,55,none,0.0,0.0,14.049550187803192,37,16,0,32,0,0,0,straight,1,42,26,left,0.7901250000000001,0.408875,8,60,23,8,10,1,1,0,8.341061396331677,1,0,1,274.71597942396505,0,,left_only_from_pair_reject,487,,0.7901250000000001,0.408875,50,26,crossed_often,left,0,left,166
1774306451.8370235,pure_pursuit,HOLD_AND_STOP,hold_and_stop,1,234,0.2812719103601164,0.30628223453383085,242,1.0,0.0,0.0,0.0,0.0,0.0,,,1000,1500,0.36544305000000005,1,478,0,fallback_hold_and_stop,left_only_from_pair_reject,1,1,1,43,0,-863.3736479186118,619.5142511092826,87.36033547004924,458.5449884120195,crossed_often,,,,,,,-0.752983412910548,0.415839746475329,-0.7529834129105479,726,1,real,200,640,360,,41.86558723449707,,52.64019966125488,real,straight,45,26,2544,2466,2466,2620,2478,2478,53898,0,26,142,179,55,55,none,0.0,0.0,15.50217628954394,31,1,0,2,0,0,0,straight,1,43,26,left,0.7924166666666667,0.408875,8,60,23,8,10,1,1,0,14.21529015862821,1,0,1,269.1911941728953,0,,left_only_from_pair_reject,488,,0.7924166666666667,0.408875,43,26,crossed_often,left,0,left,167
1774306451.9403174,pure_pursuit,HOLD_AND_STOP,hold_and_stop,1,234,0.2812719103601164,0.30628223453383085,242,1.0,0.0,0.0,0.0,0.0,0.0,,,1000,1500,0.3594633000000001,1,479,0,fallback_hold_and_stop,left_only_from_pair_reject,1,1,0,43,0,-849.5304231183687,624.1887844999662,91.61925652324751,455.28378318814566,crossed_often,,,,,,,-0.752983412910548,0.415839746475329,-0.7529834129105479,727,1,real,200,640,360,,45.439958572387695,,56.86235427856445,real,straight,44,26,2591,2494,2494,2674,2511,2511,53898,0,26,142,179,55,55,none,0.0,0.0,16.941788267178964,32,0,0,0,0,0,0,straight,1,44,26,left,0.7947083333333335,0.408875,7,60,23,7,10,1,1,0,15.17286960748188,1,0,1,267.27487090444725,0,,left_only_from_pair_reject,489,,0.7947083333333335,0.408875,44,26,crossed_often,left,0,left,168
1774306452.0482197,pure_pursuit,HOLD_AND_STOP,hold_and_stop,1,234,0.2812719103601164,0.30628223453383085,242,1.0,0.0,0.0,0.0,0.0,0.0,,,1000,1500,0.40842330000000004,1,480,0,fallback_hold_and_stop,left_only_from_pair_reject,1,1,8,43,0,-849.7193365350943,622.6684878955052,91.90342935655387,455.02376637559297,crossed_often,,,,,,,-0.752983412910548,0.415839746475329,-0.7529834129105479,728,1,real,200,640,360,,32.99856185913086,,43.41626167297363,real,straight,60,26,2560,2458,2458,2658,2482,2482,53898,0,26,142,179,55,55,none,0.0,0.0,18.358774566029922,33,8,0,16,0,0,0,straight,1,44,26,left,0.7947083333333335,0.408875,7,60,23,7,9,1,1,0,2.392866703016772,1,0,1,266.2854740288661,0,,left_only_from_pair_reject,490,,0.7947083333333335,0.408875,49,26,crossed_often,left,0,left,169
1774306452.1429393,pure_pursuit,HOLD_AND_STOP,hold_and_stop,1,234,0.2812719103601164,0.30628223453383085,242,1.0,0.0,0.0,0.0,0.0,0.0,,,1000,1500,0.36586380000000013,1,481,0,fallback_hold_and_stop,left_only_from_pair_reject,1,1,1,43,0,-833.4551443472603,627.1009454613893,96.47086326473041,450.8982322692276,crossed_often,,,,,,,-0.752983412910548,0.415839746475329,-0.7529834129105479,729,1,real,200,640,360,,38.368940353393555,,52.47783660888672,real,straight,46,28,2579,2470,2470,2696,2501,2501,53898,0,26,142,179,55,55,none,0.0,0.0,19.74009540996991,34,0,1,0,2,0,0,straight,1,46,26,left,0.7992916666666667,0.408875,7,60,23,7,10,1,1,0,16.268834389362848,1,0,1,272.60126336506846,0,,left_only_from_pair_reject,491,,0.7992916666666667,0.408875,46,26,crossed_often,left,0,left,170
1774306452.2466583,pure_pursuit,HOLD_AND_STOP,hold_and_stop,1,234,0.2812719103601164,0.30628223453383085,242,1.0,0.0,0.0,0.0,0.0,0.0,,,1000,1500,0.38161005000000014,1,482,0,fallback_hold_and_stop,left_only_from_pair_reject,1,1,3,43,0,-818.8003305317693,631.2001423645286,100.51192414612754,447.2057692929342,crossed_often,,,,,,,-0.752983412910548,0.415839746475329,-0.7529834129105479,730,1,real,200,640,360,,53.62701416015625,,68.04299354553223,real,straight,46,30,2539,2439,2439,2688,2476,2476,53898,0,26,142,179,55,55,none,0.0,0.0,21.091429063796426,33,1,2,2,4,0,0,straight,1,44,26,left,0.7947083333333335,0.47075,7,60,22,7,10,1,1,0,14.392273430911676,1,0,1,272.5480871217212,0,,left_only_from_pair_reject,492,,0.7947083333333335,0.47075,44,29,crossed_often,left,0,left,171
1774306452.3663402,pure_pursuit,HOLD_AND_STOP,hold_and_stop,1,234,0.2812719103601164,0.30628223453383085,242,1.0,0.0,0.0,0.0,0.0,0.0,,,1000,1500,0.3655833000000001,1,483,0,fallback_hold_and_stop,left_only_from_pair_reject,1,1,1,43,0,-808.8770762343623,633.4595372859482,103.34743073589038,444.59746105509,crossed_often,,,,,,,-0.752983412910548,0.415839746475329,-0.7529834129105479,731,1,real,200,640,360,,44.14510726928711,,59.15498733520508,real,straight,47,26,2550,2440,2440,2721,2466,2466,53898,0,26,142,179,55,55,none,0.0,0.0,22.415848303313936,32,1,0,2,0,0,0,straight,1,45,26,left,0.7947083333333335,0.408875,7,60,22,7,10,1,1,0,10.102349564273682,1,0,1,269.40579085579543,0,,left_only_from_pair_reject,493,,0.7947083333333335,0.408875,47,26,crossed_often,left,0,left,172
1774306452.476543,pure_pursuit,HOLD_AND_STOP,hold_and_stop,1,234,0.2812719103601164,0.30628223453383085,242,1.0,0.0,0.0,0.0,0.0,0.0,,,1000,1500,0.4693428,1,484,0,fallback_hold_and_stop,left_only_from_pair_reject,1,1,18,43,0,-810.2413837983429,631.6530558184184,103.16906979949563,444.6217263334354,crossed_often,,,,,,,-0.752983412910548,0.415839746475329,-0.7529834129105479,732,1,real,200,640,360,,35.25853157043457,,48.49123954772949,real,straight,79,26,2553,2493,2493,2748,2526,2526,53898,0,26,142,179,55,55,none,0.0,0.0,23.711692438371927,37,18,0,36,0,0,0,straight,1,43,26,left,0.7901250000000001,0.408875,8,60,22,8,10,1,1,0,2.19264372487113,1,0,1,269.40579085579543,0,,left_only_from_pair_reject,494,,0.7901250000000001,0.408875,52,26,crossed_often,left,0,left,173
1774306452.577051,pure_pursuit,HOLD_AND_STOP,hold_and_stop,1,234,0.2812719103601164,0.30628223453383085,242,1.0,0.0,0.0,0.0,0.0,0.0,,,1000,1500,0.3655833000000001,1,485,0,fallback_hold_and_stop,left_only_from_pair_reject,1,1,1,43,0,-795.9888743979745,634.8336916634496,107.16541670997938,440.85398423297835,crossed_often,,,,,,,-0.752983412910548,0.415839746475329,-0.7529834129105479,733,1,real,200,640,360,,50.79221725463867,,63.47846984863281,real,straight,47,26,2534,2442,2442,2740,2497,2497,53898,0,26,142,179,55,55,none,0.0,0.0,24.978617000439073,37,1,0,2,0,0,0,straight,1,45,26,left,0.7947083333333335,0.408875,8,60,22,8,10,1,1,0,14.237206331445943,1,0,1,267.12273343350483,0,,left_only_from_pair_reject,495,,0.7947083333333335,0.408875,46,26,crossed_often,left,0,left,174
1774306452.6922061,pure_pursuit,HOLD_AND_STOP,hold_and_stop,1,234,0.2812719103601164,0.30628223453383085,242,1.0,0.0,0.0,0.0,0.0,0.0,,,1000,1500,0.3636937500000001,1,486,0,fallback_hold_and_stop,left_only_from_pair_reject,1,1,0,43,0,-780.0303491214663,637.4117646591693,111.41618095138723,436.3814103745793,crossed_often,,,,,,,-0.752983412910548,0.415839746475329,-0.7529834129105479,734,1,real,200,640,360,,34.514427185058594,,47.957420349121094,real,straight,42,26,2510,2399,2399,2718,2440,2440,53898,0,26,142,179,55,55,none,0.0,0.0,26.208930483355402,33,0,0,0,0,0,0,straight,1,42,26,left,0.8638333333333333,0.408875,8,60,22,8,10,1,1,0,15.170196209082887,1,0,1,272.1382637628736,0,,left_only_from_pair_reject,496,,0.8638333333333333,0.408875,42,26,crossed_often,left,0,left,175
1774306452.7912374,pure_pursuit,HOLD_AND_STOP,hold_and_stop,1,234,0.2812719103601164,0.30628223453383085,242,1.0,0.0,0.0,0.0,0.0,0.0,,,1000,1500,0.37593375000000007,1,487,0,fallback_hold_and_stop,left_only_from_pair_reject,1,1,2,43,0,-772.0539733490929,638.7753106773503,113.83660097587226,434.1974993719872,crossed_often,,,,,,,-0.752983412910548,0.415839746475329,-0.7529834129105479,735,1,real,200,640,360,,38.13958168029785,,50.40931701660156,real,straight,48,26,2527,2429,2429,2763,2474,2474,53898,0,26,142,179,55,55,none,0.0,0.0,27.393534100972687,35,2,0,4,0,0,0,straight,1,44,26,left,0.8638333333333333,0.408875,8,60,22,8,10,1,1,0,8.627457311300043,1,0,1,268.14261893791416,0,,left_only_from_pair_reject,497,,0.8638333333333333,0.408875,46,26,crossed_often,left,0,left,176
1774306452.8922255,pure_pursuit,HOLD_AND_STOP,hold_and_stop,1,234,0.2812719103601164,0.30628223453383085,242,1.0,0.0,0.0,0.0,0.0,0.0,,,1000,1500,0.3817732500000001,1,488,0,fallback_hold_and_stop,left_only_from_pair_reject,1,1,3,43,0,-758.9251904952304,640.8834257565173,117.28909506684239,430.5169168096281,crossed_often,,,,,,,-0.752983412910548,0.415839746475329,-0.7529834129105479,736,1,real,200,640,360,,38.02657127380371,,52.442312240600586,real,straight,48,26,2479,2390,2390,2715,2460,2460,53898,0,26,142,179,55,55,none,0.0,0.0,28.546756738860182,34,3,0,6,0,0,0,straight,1,42,26,left,0.85925,0.408875,8,60,22,8,10,1,1,0,12.366039921819123,1,0,1,267.6432346375534,0,,left_only_from_pair_reject,498,,0.85925,0.408875,46,26,crossed_often,left,0,left,177
1774306452.9958441,pure_pursuit,HOLD_AND_STOP,hold_and_stop,1,234,0.2812719103601164,0.30628223453383085,242,1.0,0.0,0.0,0.0,0.0,0.0,,,1000,1500,0.4692025500000001,1,489,0,fallback_hold_and_stop,left_only_from_pair_reject,1,1,21,43,0,-754.7784166542222,639.8448354630934,118.26519917560042,428.92995310108563,crossed_often,,,,,,,-0.752983412910548,0.415839746475329,-0.7529834129105479,737,1,real,200,640,360,,41.25571250915527,,55.22561073303223,real,straight,86,26,2469,2374,2374,2728,2444,2444,53898,0,26,142,179,55,55,none,0.0,0.0,29.662690928263117,41,21,0,42,0,0,0,straight,1,44,26,left,0.7878333333333335,0.408875,8,60,22,8,10,1,1,0,5.138177385796571,1,0,1,267.57686295354773,0,,left_only_from_pair_reject,499,,0.7878333333333335,0.408875,52,26,crossed_often,left,0,left,178
1774306453.1024299,pure_pursuit,HOLD_AND_STOP,hold_and_stop,1,234,0.2812719103601164,0.30628223453383085,242,1.0,0.0,0.0,0.0,0.0,0.0,,,1000,1500,0.3817732500000001,1,490,0,fallback_hold_and_stop,left_only_from_pair_reject,1,1,3,43,0,-744.4423857854174,640.649670458028,121.1712311846717,425.84685847148023,crossed_often,,,,,,,-0.752983412910548,0.415839746475329,-0.7529834129105479,738,1,real,200,640,360,,60.81414222717285,,72.86572456359863,real,straight,48,26,2453,2357,2357,2726,2437,2437,53898,0,26,142,179,55,55,none,0.0,0.0,30.742240463356126,32,3,0,6,0,0,0,straight,1,42,26,left,0.85925,0.408875,8,60,22,8,10,1,1,0,10.358669146685685,1,0,1,264.6265074439629,0,,left_only_from_pair_reject,500,,0.85925,0.408875,46,26,crossed_often,left,0,left,179
1774306453.2263727,pure_pursuit,HOLD_AND_STOP,hold_and_stop,1,234,0.2812719103601164,0.30628223453383085,242,1.0,0.0,0.0,0.0,0.0,0.0,,,1000,1500,0.3953418000000001,1,491,0,fallback_hold_and_stop,left_only_from_pair_reject,1,1,6,43,0,-736.9330821945294,640.8445159895336,123.45827740275207,423.53093543235497,crossed_often,,,,,,,-0.752983412910548,0.415839746475329,-0.7529834129105479,739,1,real,200,640,360,,45.98259925842285,,56.552886962890625,real,straight,55,26,2443,2390,2390,2725,2471,2471,53898,0,26,142,179,55,55,none,0.0,0.0,31.77991911390069,40,6,0,12,0,0,0,straight,1,43,26,left,0.7809583333333333,0.408875,8,60,22,8,10,1,1,0,8.156264762797328,1,0,1,262.5349035604888,0,,left_only_from_pair_reject,501,,0.7809583333333333,0.408875,45,26,crossed_often,left,0,left,180
1774306453.3333874,pure_pursuit,HOLD_AND_STOP,hold_and_stop,1,234,0.2812719103601164,0.30628223453383085,242,1.0,0.0,0.0,0.0,0.0,0.0,,,1000,1500,0.3629925000000001,1,492,0,fallback_hold_and_stop,left_only_from_pair_reject,1,1,0,43,0,-728.13464648835,641.80767437707,126.15766764855222,420.99872348101076,crossed_often,,,,,,,-0.752983412910548,0.415839746475329,-0.7529834129105479,740,1,real,200,640,360,,40.73929786682129,,54.76808547973633,real,straight,41,26,2435,2380,2380,2725,2467,2467,53898,0,26,142,179,55,55,none,0.0,0.0,32.77780632926584,39,0,0,0,0,0,0,straight,1,41,26,left,0.852375,0.408875,8,60,22,8,10,1,1,0,9.624291394848008,1,0,1,268.01680422645404,0,,left_only_from_pair_reject,502,,0.852375,0.408875,41,26,crossed_often,left,0,left,181
1774306453.4398181,pure_pursuit,HOLD_AND_STOP,hold_and_stop,1,234,0.2812719103601164,0.30628223453383085,242,1.0,0.0,0.0,0.0,0.0,0.0,,,1000,1500,0.44402130000000006,1,493,0,fallback_hold_and_stop,left_only_from_pair_reject,1,1,14,43,0,-721.9357205635372,640.2158764897493,127.73156981073949,418.6283910801234,crossed_often,,,,,,,-0.752983412910548,0.415839746475329,-0.7529834129105479,741,1,real,200,640,360,,43.56217384338379,,56.5798282623291,real,straight,69,26,2406,2368,2368,2707,2481,2481,53898,0,26,142,179,55,55,none,0.0,0.0,33.73915598163671,44,14,0,28,0,0,0,straight,1,41,26,left,0.7763750000000001,0.408875,8,60,22,8,11,1,1,0,7.904656512401772,1,0,1,264.3024017198907,0,,left_only_from_pair_reject,503,,0.7763750000000001,0.408875,46,26,crossed_often,left,0,left,182
1774306453.5474145,pure_pursuit,HOLD_AND_STOP,hold_and_stop,1,234,0.2812719103601164,0.30628223453383085,242,1.0,0.0,0.0,0.0,0.0,0.0,,,1000,1500,0.589565475,1,494,0,fallback_hold_and_stop,left_only_from_pair_reject,1,1,17,43,0,-716.588083081679,639.3290821690858,129.37705526235462,416.7314786959825,too_inconsistent,,,,,,,-0.752983412910548,0.415839746475329,-0.7529834129105479,742,1,real,200,640,360,,43.64824295043945,,54.34274673461914,real,straight,55,48,2408,2386,2386,2719,2539,2539,53898,0,26,142,179,55,55,none,0.0,0.0,34.64738094511068,41,6,11,12,22,0,0,straight,1,43,26,left,0.7809583333333333,0.46616666666666673,8,60,21,8,11,1,1,0,6.861551759877146,1,0,1,274.2180555404296,0,,left_only_from_pair_reject,504,,0.7809583333333333,0.46616666666666673,49,37,too_inconsistent,left,0,left,183
1774306453.6532555,pure_pursuit,HOLD_AND_STOP,hold_and_stop,1,234,0.2812719103601164,0.30628223453383085,242,1.0,0.0,0.0,0.0,0.0,0.0,,,1000,1500,0.47384925000000017,1,495,0,fallback_hold_and_stop,left_only_from_pair_reject,1,1,2,43,0,-711.1240574282607,638.4604232305139,131.2034028402759,414.81728807593515,too_inconsistent,,,,,,,-0.752983412910548,0.415839746475329,-0.7529834129105479,743,1,real,200,640,360,,33.30254554748535,,44.589996337890625,real,straight,42,26,2351,2310,2310,2673,2461,2461,53898,0,26,142,179,55,55,none,0.0,0.0,35.51176241580379,39,2,0,4,0,0,0,straight,1,38,26,left,0.8432083333333334,0.408875,8,60,21,8,11,1,1,0,7.344302280839615,1,0,1,262.3698618540508,0,,left_only_from_pair_reject,505,,0.8432083333333334,0.408875,40,26,too_inconsistent,left,0,left,184
1774306453.749158,pure_pursuit,HOLD_AND_STOP,hold_and_stop,1,234,0.2812719103601164,0.30628223453383085,242,1.0,0.0,0.0,0.0,0.0,0.0,,,1000,1500,0.592338975,1,496,0,fallback_hold_and_stop,left_only_from_pair_reject,1,1,20,43,0,-703.0158894320534,638.5232245766219,133.51445930422045,412.26501057495796,too_inconsistent,,,,,,,-0.752983412910548,0.415839746475329,-0.7529834129105479,744,1,real,200,640,360,,35.14814376831055,,45.577287673950195,real,straight,81,26,2361,2328,2328,2693,2519,2519,53898,0,26,142,179,55,55,none,0.0,0.0,36.33103700830563,42,20,0,40,0,0,0,straight,1,41,26,left,0.7740833333333333,0.408875,9,60,21,9,11,1,1,0,8.416788538357743,1,0,1,263.10595350379003,0,,left_only_from_pair_reject,506,,0.7740833333333333,0.408875,48,26,too_inconsistent,left,0,left,185
1774306453.846182,pure_pursuit,HOLD_AND_STOP,hold_and_stop,1,234,0.2812719103601164,0.30628223453383085,242,1.0,0.0,0.0,0.0,0.0,0.0,,,1000,1500,0.48176662500000006,1,497,0,fallback_hold_and_stop,left_only_from_pair_reject,1,1,3,43,0,-694.7756043845992,638.5141446046723,136.03063593534443,409.6707692389666,too_inconsistent,,,,,,,-0.752983412910548,0.415839746475329,-0.7529834129105479,745,1,real,200,640,360,,37.94407844543457,,49.83258247375488,real,straight,45,26,2339,2307,2307,2671,2530,2530,53898,0,26,142,179,55,55,none,0.0,0.0,37.11075342040127,44,3,0,6,0,0,0,straight,1,39,26,left,0.8455,0.408875,9,60,21,9,11,1,1,0,9.060001220641528,1,0,1,266.9311172457775,0,,left_only_from_pair_reject,507,,0.8455,0.408875,42,26,too_inconsistent,left,0,left,186
1774306453.947111,pure_pursuit,HOLD_AND_STOP,hold_and_stop,1,234,0.2812719103601164,0.30628223453383085,242,1.0,0.0,0.0,0.0,0.0,0.0,,,1000,1500,0.576149475,1,498,0,fallback_hold_and_stop,left_only_from_pair_reject,1,1,16,43,0,-692.894847255461,635.3196180235974,136.67941285454643,408.3089381290364,too_inconsistent,,,,,,,-0.752983412910548,0.415839746475329,-0.7529834129105479,746,1,real,200,640,360,,49.695730209350586,,61.12480163574219,real,straight,70,26,2325,2274,2274,2667,2525,2525,53898,0,26,142,179,55,55,none,0.0,0.0,37.84496046973871,48,16,0,32,0,0,0,straight,1,38,26,left,0.7649166666666668,0.408875,9,60,21,9,11,1,1,0,5.820328827653884,1,0,1,265.5569861158312,0,,left_only_from_pair_reject,508,,0.7649166666666668,0.408875,44,26,too_inconsistent,left,0,left,187
1774306454.0588603,pure_pursuit,HOLD_AND_STOP,hold_and_stop,1,234,0.2812719103601164,0.30628223453383085,242,1.0,0.0,0.0,0.0,0.0,0.0,,,1000,1500,0.58406685,1,499,0,fallback_hold_and_stop,left_only_from_pair_reject,1,1,17,43,0,-678.6750976216509,637.2026572953522,140.43757126031338,404.2350407317846,too_inconsistent,,,,,,,-0.752983412910548,0.415839746475329,-0.7529834129105479,747,1,real,200,640,360,,47.44315147399902,,59.05914306640625,real,straight,73,26,2304,2275,2275,2653,2530,2530,53898,0,26,142,179,55,55,none,0.0,0.0,38.52040940516605,40,17,0,34,0,0,0,straight,1,39,26,left,0.7672083333333334,0.408875,8,60,21,8,11,1,1,0,13.472292073633593,1,0,1,264.3292006424452,0,,left_only_from_pair_reject,509,,0.7672083333333334,0.408875,50,26,too_inconsistent,left,0,left,188
1774306454.1698732,pure_pursuit,HOLD_AND_STOP,hold_and_stop,1,234,0.2812719103601164,0.30628223453383085,242,1.0,0.0,0.0,0.0,0.0,0.0,,,1000,1500,0.5219694750000001,1,500,0,fallback_hold_and_stop,left_only_from_pair_reject,1,1,9,43,0,-677.7454502002556,635.1990063898264,141.52747688619152,403.53628562212737,too_inconsistent,,,,,,,-0.752983412910548,0.415839746475329,-0.7529834129105479,748,1,real,200,640,360,,34.987449645996094,,46.01287841796875,real,straight,57,26,2263,2238,2238,2626,2535,2535,53898,0,26,142,179,55,55,none,0.0,0.0,39.15936595208635,43,9,0,18,0,0,0,straight,1,39,26,left,0.7649166666666668,0.408875,8,60,21,8,11,1,1,0,5.38564920562043,1,0,1,264.429112095988,0,,left_only_from_pair_reject,510,,0.7649166666666668,0.408875,42,26,too_inconsistent,left,0,left,189
1774306454.2666693,pure_pursuit,HOLD_AND_STOP,hold_and_stop,1,234,0.2812719103601164,0.30628223453383085,242,1.0,0.0,0.0,0.0,0.0,0.0,,,1000,1500,0.576149475,1,501,0,fallback_hold_and_stop,left_only_from_pair_reject,1,1,16,43,0,-670.21542742013,634.2756619382122,143.81769997941777,400.94171969439526,too_inconsistent,,,,,,,-0.752983412910548,0.415839746475329,-0.7529834129105479,749,1,real,200,640,360,,31.53252601623535,,42.64974594116211,real,straight,71,26,2257,2226,2226,2621,2525,2525,53898,0,26,142,179,55,55,none,0.0,0.0,39.74988804556338,46,16,0,32,0,0,0,straight,1,39,26,left,0.7649166666666668,0.408875,8,60,21,8,11,1,1,0,9.236137242857563,1,0,1,261.2053307767946,0,,left_only_from_pair_reject,511,,0.7649166666666668,0.408875,49,26,too_inconsistent,left,0,left,190
1774306454.360845,pure_pursuit,HOLD_AND_STOP,hold_and_stop,1,234,0.2812719103601164,0.30628223453383085,242,1.0,0.0,0.0,0.0,0.0,0.0,,,1000,1500,0.5673452250000001,1,502,0,fallback_hold_and_stop,left_only_from_pair_reject,1,1,15,43,0,-690.0467566548932,622.7351042748044,139.02998681893052,404.53090832976545,too_inconsistent,,,,,,,-0.752983412910548,0.415839746475329,-0.7529834129105479,750,1,real,200,640,360,,37.912845611572266,,49.85833168029785,real,straight,65,26,2219,2160,2160,2597,2492,2492,53898,0,26,142,179,55,55,none,0.0,0.0,40.28960942365899,44,15,0,30,0,0,0,straight,1,35,26,left,0.7511666666666666,0.408875,8,60,21,8,10,1,1,0,19.584483996720735,1,0,1,262.8155065516616,0,,left_only_from_pair_reject,512,,0.7511666666666666,0.408875,44,26,too_inconsistent,left,0,left,191
1774306454.4618812,pure_pursuit,HOLD_AND_STOP,hold_and_stop,1,234,0.2812719103601164,0.30628223453383085,242,1.0,0.0,0.0,0.0,0.0,0.0,,,1000,1500,0.49839472500000004,1,503,0,fallback_hold_and_stop,left_only_from_pair_reject,1,1,6,43,0,-679.2168883763057,623.1024178200731,142.24988158678372,401.19850195112906,too_inconsistent,,,,,,,-0.752983412910548,0.415839746475329,-0.7529834129105479,751,1,real,200,640,360,,43.97702217102051,,56.708335876464844,real,straight,51,26,2227,2185,2185,2609,2565,2565,53898,0,26,142,179,55,55,none,0.0,0.0,40.74388320149117,35,6,0,12,0,0,0,straight,1,39,26,left,0.7603333333333334,0.408875,8,60,21,8,10,1,1,0,11.481753958946276,1,0,1,263.66946497850984,0,,left_only_from_pair_reject,513,,0.7603333333333334,0.408875,43,26,too_inconsistent,left,0,left,192
1774306454.5695565,pure_pursuit,HOLD_AND_STOP,hold_and_stop,1,234,0.2812719103601164,0.30628223453383085,242,1.0,0.0,0.0,0.0,0.0,0.0,,,1000,1500,0.59393535,1,504,0,fallback_hold_and_stop,left_only_from_pair_reject,1,1,20,43,0,-678.0922005602632,618.1508299285222,142.5725308166739,399.65619359818805,too_inconsistent,,,,,,,-0.752983412910548,0.415839746475329,-0.7529834129105479,752,1,real,200,640,360,,39.098262786865234,,52.63042449951172,real,straight,74,28,2185,2166,2166,2576,2554,2554,53898,0,26,142,179,55,55,none,0.0,0.0,41.153445718058265,37,19,1,38,2,0,0,straight,1,36,26,left,0.7534583333333335,0.45012500000000005,8,60,21,8,10,1,1,0,6.807388433563714,1,0,1,265.0674590485601,0,,left_only_from_pair_reject,514,,0.7534583333333335,0.45012500000000005,43,28,too_inconsistent,left,0,left,193
1774306454.673843,pure_pursuit,HOLD_AND_STOP,hold_and_stop,1,234,0.2812719103601164,0.30628223453383085,242,1.0,0.0,0.0,0.0,0.0,0.0,,,1000,1500,0.5907426000000001,1,505,0,fallback_hold_and_stop,left_only_from_pair_reject,1,1,20,43,0,-695.7152109299977,608.3957865194739,138.65541472639225,403.061663886816,too_inconsistent,,,,,,,-0.752983412910548,0.415839746475329,-0.7529834129105479,753,1,real,200,640,360,,49.2093563079834,,58.70628356933594,real,straight,75,27,2203,2167,2167,2595,2546,2546,53898,0,26,142,179,55,55,none,0.0,0.0,41.49199430629537,41,20,0,40,0,0,0,straight,1,35,27,left,0.7488750000000001,0.41345833333333337,8,60,21,8,10,1,1,0,17.153631091812375,1,0,1,248.87628624626447,0,,left_only_from_pair_reject,515,,0.7488750000000001,0.41345833333333337,43,27,too_inconsistent,left,0,left,194
1774306454.7837284,pure_pursuit,HOLD_AND_STOP,hold_and_stop,1,234,0.2812719103601164,0.30628223453383085,242,1.0,0.0,0.0,0.0,0.0,0.0,,,1000,1500,0.5756496000000001,1,506,0,fallback_hold_and_stop,left_only_from_pair_reject,1,1,17,43,0,-711.8699840605987,600.8243088861544,135.34587587819027,406.57542210980625,too_inconsistent,,,,,,,-0.752983412910548,0.415839746475329,-0.7529834129105479,754,1,real,200,640,360,,46.782493591308594,,57.142019271850586,real,straight,69,27,2167,2137,2137,2561,2523,2523,53898,0,26,142,179,55,55,none,0.0,0.0,41.759900280999574,40,17,0,34,0,0,0,straight,1,35,27,left,0.6538750000000001,0.41345833333333337,8,60,21,8,10,1,1,0,15.193694729976691,1,0,1,249.57505227248527,0,,left_only_from_pair_reject,516,,0.6538750000000001,0.41345833333333337,46,27,too_inconsistent,left,0,left,195
1774306454.8920708,pure_pursuit,HOLD_AND_STOP,hold_and_stop,1,234,0.2812719103601164,0.30628223453383085,242,1.0,0.0,0.0,0.0,0.0,0.0,,,1000,1500,0.56755485,1,507,0,fallback_hold_and_stop,left_only_from_pair_reject,1,1,16,43,0,-693.1525876088061,606.1783348055462,141.2196319781043,401.9386594927951,too_inconsistent,,,,,,,-0.752983412910548,0.415839746475329,-0.7529834129105479,755,1,real,200,640,360,,60.36257743835449,,75.26183128356934,real,straight,66,27,2141,2118,2118,2558,2532,2532,53898,0,26,142,179,55,55,none,0.0,0.0,41.97752793148149,38,16,0,32,0,0,0,straight,1,34,27,left,0.6492916666666667,0.41345833333333337,8,60,20,8,11,1,1,0,20.93140800304713,1,0,1,252.30620047546856,0,,left_only_from_pair_reject,517,,0.6492916666666667,0.41345833333333337,38,27,too_inconsistent,left,0,left,196
1774306455.020606,pure_pursuit,HOLD_AND_STOP,hold_and_stop,1,234,0.2812719103601164,0.30628223453383085,242,1.0,0.0,0.0,0.0,0.0,0.0,,,1000,1500,0.5783102250000001,1,508,0,fallback_hold_and_stop,left_only_from_pair_reject,1,1,17,43,0,-679.1344519805492,609.071443506781,145.65569797719192,398.21441396573,too_inconsistent,,,,,,,-0.752983412910548,0.415839746475329,-0.7529834129105479,756,1,real,200,640,360,,62.33787536621094,,78.2935619354248,real,straight,66,31,2140,2107,2107,2569,2539,2539,53898,0,26,142,179,55,55,centerline_fallback,0.0,0.0,42.18178875366402,39,15,2,30,4,0,0,straight,1,36,27,left,0.6561666666666667,0.4455416666666667,8,60,20,8,11,1,1,0,15.812895503610672,1,0,1,268.9375112521909,0,,left_only_from_pair_reject,518,,0.6561666666666667,0.4455416666666667,43,30,too_inconsistent,left,0,left,197
1774306455.1500654,pure_pursuit,HOLD_AND_STOP,hold_and_stop,1,234,0.2812719103601164,0.30628223453383085,242,1.0,0.0,0.0,0.0,0.0,0.0,,,1000,1500,0.5833896000000001,1,509,0,fallback_hold_and_stop,left_only_from_pair_reject,1,1,20,43,0,-670.1270166632956,609.4152975820317,148.7378126381673,395.4927354840426,too_inconsistent,,,,,,,-0.752983412910548,0.415839746475329,-0.7529834129105479,757,1,real,200,640,360,,47.39546775817871,,63.423871994018555,real,straight,75,27,2114,2093,2093,2557,2539,2539,53898,0,26,142,179,55,55,centerline_fallback,0.0,0.0,42.362248463991534,39,20,0,40,0,0,0,straight,1,35,27,left,0.6538750000000001,0.41345833333333337,9,60,20,9,11,1,1,0,10.995580793949834,1,0,1,254.80632726460533,0,,left_only_from_pair_reject,519,,0.6538750000000001,0.41345833333333337,43,27,too_inconsistent,left,0,left,198
1774306455.265583,pure_pursuit,HOLD_AND_STOP,hold_and_stop,1,234,0.2812719103601164,0.30628223453383085,242,1.0,0.0,0.0,0.0,0.0,0.0,,,1000,1500,0.5816803500000001,1,510,0,fallback_hold_and_stop,left_only_from_pair_reject,1,1,17,43,0,-655.2825405390505,611.9313828336706,153.70457713586572,391.45471266185905,too_inconsistent,,,,,,,-0.752983412910548,0.415839746475329,-0.7529834129105479,758,1,real,200,640,360,,45.81856727600098,,58.83431434631348,real,right,82,27,2544,2509,2509,2544,2509,2509,74463,0,26,142,179,55,55,centerline_fallback,0.0,0.0,42.51279635085723,50,17,0,34,0,0,0,right,1,48,27,left,0.7317916666666667,0.41345833333333337,8,60,20,8,11,1,1,0,17.710546442766333,1,0,1,255.85188162697324,0,,left_only_from_pair_reject,520,,0.7317916666666667,0.41345833333333337,53,27,too_inconsistent,left,0,left,199
1774306455.3755996,pure_pursuit,HOLD_AND_STOP,hold_and_stop,1,234,0.2812719103601164,0.30628223453383085,242,1.0,0.0,0.0,0.0,0.0,0.0,,,1000,1500,0.589417125,1,511,0,fallback_hold_and_stop,left_only_from_pair_reject,1,1,18,43,0,-643.5644750766344,613.6975436876645,157.6647795716454,388.22123939258466,too_inconsistent,,,,,,,-0.752983412910548,0.415839746475329,-0.7529834129105479,759,1,real,200,640,360,,43.98989677429199,,57.37781524658203,real,right,85,27,2516,2492,2492,2516,2492,2492,74463,0,26,142,179,55,55,centerline_fallback,0.0,0.0,42.64797116055115,48,18,0,36,0,0,0,right,1,49,27,left,0.7317499999999999,0.41345833333333337,8,60,20,8,11,1,1,0,14.12268072271258,1,0,1,254.90311319055849,0,,left_only_from_pair_reject,521,,0.7317499999999999,0.41345833333333337,57,27,too_inconsistent,left,0,left,200
1774306455.4845674,pure_pursuit,HOLD_AND_STOP,hold_and_stop,1,234,0.2812719103601164,0.30628223453383085,242,1.0,0.0,0.0,0.0,0.0,0.0,,,1000,1500,0.588527025,1,512,0,fallback_hold_and_stop,left_only_from_pair_reject,1,1,19,43,0,-635.0138867537338,614.3397042132167,161.06104960253867,385.7663324838356,too_inconsistent,,,,,,,-0.752983412910548,0.415839746475329,-0.7529834129105479,760,1,real,200,640,360,,32.00101852416992,,46.50378227233887,real,right,86,27,2494,2473,2473,2494,2473,2473,74463,0,26,142,179,55,55,centerline_fallback,0.0,0.0,42.769530993733895,43,19,0,38,0,0,0,right,1,48,27,left,0.7202500000000001,0.41345833333333337,8,60,20,8,10,1,1,0,12.120519910613032,1,0,1,257.26268651665924,0,,left_only_from_pair_reject,522,,0.7202500000000001,0.41345833333333337,58,27,too_inconsistent,left,0,left,201
1774306455.5823898,pure_pursuit,HOLD_AND_STOP,hold_and_stop,1,234,0.2812719103601164,0.30628223453383085,242,1.0,0.0,0.0,0.0,0.0,0.0,,,1000,1500,0.5651264250000001,1,513,0,fallback_hold_and_stop,left_only_from_pair_reject,1,1,15,43,0,-626.7428822082578,615.4049047019856,164.49842751628233,383.51406468550636,too_inconsistent,,,,,,,-0.752983412910548,0.415839746475329,-0.7529834129105479,761,1,real,200,640,360,,53.54905128479004,,65.71650505065918,real,right,78,27,2480,2445,2445,2480,2445,2445,74463,0,26,142,179,55,55,centerline_fallback,0.0,0.0,42.871870962745106,51,15,0,30,0,0,0,right,1,48,27,left,0.7179166666666668,0.41345833333333337,8,60,20,8,10,1,1,0,12.267103740297625,1,0,1,255.40124922480544,0,,left_only_from_pair_reject,523,,0.7179166666666668,0.41345833333333337,54,27,too_inconsistent,left,0,left,202
1774306455.699885,pure_pursuit,HOLD_AND_STOP,hold_and_stop,1,234,0.2812719103601164,0.30628223453383085,242,1.0,0.0,0.0,0.0,0.0,0.0,,,1000,1500,0.5885237999999999,1,514,0,fallback_hold_and_stop,left_only_from_pair_reject,1,1,18,43,0,-626.7642483702662,612.7533547924038,165.61851229029378,383.0219717565062,too_inconsistent,,,,,,,-0.752983412910548,0.415839746475329,-0.7529834129105479,762,1,real,200,640,360,,34.569501876831055,,46.08750343322754,real,right,85,27,2489,2457,2457,2489,2457,2457,74463,0,26,142,179,55,55,centerline_fallback,0.0,0.0,42.962665907244315,42,18,0,36,0,0,0,right,1,49,27,left,0.7202083333333333,0.41345833333333337,8,60,19,8,11,1,1,0,5.960781165667421,1,0,1,253.95317686110917,0,,left_only_from_pair_reject,524,,0.7202083333333333,0.41345833333333337,58,27,too_inconsistent,left,0,left,203
1774306455.7975137,pure_pursuit,HOLD_AND_STOP,hold_and_stop,1,234,0.2812719103601164,0.30628223453383085,242,1.0,0.0,0.0,0.0,0.0,0.0,,,1000,1500,0.572866425,1,515,0,fallback_hold_and_stop,left_only_from_pair_reject,1,1,16,43,0,-622.5740441303603,613.3044534547038,168.386305384369,382.00119786856607,too_inconsistent,,,,,,,-0.752983412910548,0.415839746475329,-0.7529834129105479,763,1,real,200,640,360,,41.693687438964844,,52.220821380615234,real,right,80,27,2473,2441,2441,2473,2441,2441,74463,0,26,142,179,55,55,centerline_fallback,0.0,0.0,43.01716460008902,49,16,0,32,0,0,0,right,1,48,27,left,0.7179166666666668,0.41345833333333337,8,60,19,8,11,1,1,0,9.887958905513408,1,0,1,253.53353871493448,0,,left_only_from_pair_reject,525,,0.7179166666666668,0.41345833333333337,53,27,too_inconsistent,left,0,left,204
1774306455.900466,pure_pursuit,HOLD_AND_STOP,hold_and_stop,1,234,0.2812719103601164,0.30628223453383085,242,1.0,0.0,0.0,0.0,0.0,0.0,,,1000,1500,0.5887011750000001,1,516,0,fallback_hold_and_stop,left_only_from_pair_reject,1,1,21,43,0,-622.0440243032124,611.1576794542874,169.76770687592955,381.47094532078745,too_inconsistent,,,,,,,-0.752983412910548,0.415839746475329,-0.7529834129105479,764,1,real,200,640,360,,36.11135482788086,,50.37117004394531,real,right,91,27,2499,2465,2465,2499,2465,2465,74463,0,26,142,179,55,55,centerline_fallback,0.0,0.0,43.06145583401593,51,21,0,42,0,0,0,right,1,49,27,left,0.7225,0.41345833333333337,9,60,19,9,11,1,1,0,6.359641990295741,1,0,1,254.28546946647072,0,,left_only_from_pair_reject,526,,0.7225,0.41345833333333337,58,27,too_inconsistent,left,0,left,205
1774306456.0302868,pure_pursuit,HOLD_AND_STOP,hold_and_stop,1,234,0.2812719103601164,0.30628223453383085,242,1.0,0.0,0.0,0.0,0.0,0.0,,,1000,1500,0.572866425,1,517,0,fallback_hold_and_stop,left_only_from_pair_reject,1,1,16,43,0,-618.668978066954,611.2270085291798,172.1001398427082,380.57473568469004,too_inconsistent,,,,,,,-0.752983412910548,0.415839746475329,-0.7529834129105479,765,1,real,200,640,360,,61.83218955993652,,74.87273216247559,real,right,80,28,2474,2439,2439,2474,2439,2439,74463,0,26,142,179,55,55,centerline_fallback,0.0,0.0,43.07485581321316,65,16,0,32,0,0,0,right,1,48,28,left,0.715625,0.41575,8,60,19,8,11,1,1,0,8.339114293608853,1,0,1,249.57731068366664,0,,left_only_from_pair_reject,527,,0.715625,0.41575,53,28,too_inconsistent,left,0,left,206
1774306456.1567733,pure_pursuit,HOLD_AND_STOP,hold_and_stop,1,234,0.2812719103601164,0.30628223453383085,242,1.0,0.0,0.0,0.0,0.0,0.0,,,1000,1500,0.588165825,1,518,0,fallback_hold_and_stop,left_only_from_pair_reject,1,1,19,43,0,-616.6936978733098,610.5113809367455,173.85099271238786,379.91948294858423,too_inconsistent,,,,,,,-0.752983412910548,0.415839746475329,-0.7529834129105479,766,1,real,200,640,360,,41.289567947387695,,52.22797393798828,real,right,86,28,2498,2445,2445,2498,2445,2445,74463,0,26,142,179,55,55,centerline_fallback,0.0,0.0,43.07678115926964,46,19,0,38,0,0,0,right,1,48,28,left,0.7132916666666667,0.41575,8,60,19,8,11,1,1,0,6.579463620966279,1,0,1,244.23715206133642,0,,left_only_from_pair_reject,528,,0.7132916666666667,0.41575,57,28,too_inconsistent,left,0,left,207
1774306456.260551,pure_pursuit,HOLD_AND_STOP,hold_and_stop,1,234,0.2812719103601164,0.30628223453383085,242,1.0,0.0,0.0,0.0,0.0,0.0,,,1000,1500,0.572331075,1,519,0,fallback_hold_and_stop,left_only_from_pair_reject,1,1,16,43,0,-612.0890456678919,611.8103392617433,176.6129376325228,378.93005362754184,too_inconsistent,,,,,,,-0.752983412910548,0.415839746475329,-0.7529834129105479,767,1,real,200,640,360,,45.003652572631836,,57.52086639404297,real,right,80,27,2484,2445,2445,2484,2445,2445,74463,0,26,142,179,55,55,centerline_fallback,0.0,0.0,43.058553777814666,55,16,0,32,0,0,0,right,1,48,27,left,0.7110000000000001,0.41345833333333337,8,60,19,8,10,1,1,0,9.862662654112789,1,0,1,251.12068724352727,0,,left_only_from_pair_reject,529,,0.7110000000000001,0.41345833333333337,52,27,too_inconsistent,left,0,left,208
1774306456.369646,pure_pursuit,HOLD_AND_STOP,hold_and_stop,1,234,0.2812719103601164,0.30628223453383085,242,1.0,0.0,0.0,0.0,0.0,0.0,,,1000,1500,0.587101575,1,520,0,fallback_hold_and_stop,left_only_from_pair_reject,1,1,19,43,0,-615.7972337121153,609.4834841835345,177.18906826202493,379.7635205703596,too_inconsistent,,,,,,,-0.752983412910548,0.415839746475329,-0.7529834129105479,768,1,real,200,640,360,,40.72713851928711,,55.40347099304199,real,right,85,27,2472,2425,2425,2472,2425,2425,74463,0,26,142,179,55,55,centerline_fallback,0.0,0.0,43.03754772930566,54,19,0,38,0,0,0,right,1,47,27,left,0.7018333333333333,0.41345833333333337,8,60,19,8,10,1,1,0,6.273023813091267,1,0,1,246.83024274869032,0,,left_only_from_pair_reject,530,,0.7018333333333333,0.41345833333333337,56,27,too_inconsistent,left,0,left,209
1774306456.4759285,pure_pursuit,HOLD_AND_STOP,hold_and_stop,1,234,0.2812719103601164,0.30628223453383085,242,1.0,0.0,0.0,0.0,0.0,0.0,,,1000,1500,0.5714442,1,521,0,fallback_hold_and_stop,left_only_from_pair_reject,1,1,16,43,0,-614.1815823094106,608.2874175139838,178.92827132966937,379.12766015764703,too_inconsistent,,,,,,,-0.752983412910548,0.415839746475329,-0.7529834129105479,769,1,real,200,640,360,,40.32254219055176,,53.368568420410156,real,right,79,26,2420,2360,2360,2420,2360,2360,74463,0,26,142,179,55,55,centerline_fallback,0.0,0.0,42.98779786861681,47,16,0,32,0,0,0,right,1,47,26,left,0.7041250000000001,0.408875,8,60,19,8,10,1,1,0,6.849453819100675,1,0,1,243.88358523625087,0,,left_only_from_pair_reject,531,,0.7041250000000001,0.408875,55,26,too_inconsistent,left,0,left,210
1774306456.5801954,pure_pursuit,HOLD_AND_STOP,hold_and_stop,1,234,0.2812719103601164,0.30628223453383085,242,1.0,0.0,0.0,0.0,0.0,0.0,,,1000,1500,0.5867468250000001,1,522,0,fallback_hold_and_stop,left_only_from_pair_reject,1,1,18,43,0,-620.1513435216567,605.6129569152346,178.70114669836948,380.5929755811728,too_inconsistent,,,,,,,-0.752983412910548,0.415839746475329,-0.7529834129105479,770,1,real,200,640,360,,47.13892936706543,,59.69572067260742,real,right,83,25,2414,2347,2347,2414,2347,2347,74463,0,26,142,179,55,55,centerline_fallback,0.0,0.0,42.916475483542285,39,18,0,36,0,0,0,right,1,47,25,left,0.7041250000000001,0.40658333333333335,8,60,19,8,10,1,1,0,6.801483165113803,1,0,1,249.0146785033138,0,,left_only_from_pair_reject,532,,0.7041250000000001,0.40658333333333335,58,25,too_inconsistent,left,0,left,211
1774306456.6920335,pure_pursuit,HOLD_AND_STOP,hold_and_stop,1,234,0.2812719103601164,0.30628223453383085,242,1.0,0.0,0.0,0.0,0.0,0.0,,,1000,1500,0.5635268250000001,1,523,0,fallback_hold_and_stop,left_only_from_pair_reject,1,1,15,43,0,-616.1646017878276,607.088779713662,180.98249436627364,379.80478864437083,too_inconsistent,,,,,,,-0.752983412910548,0.415839746475329,-0.7529834129105479,771,1,real,200,640,360,,40.52233695983887,,55.530548095703125,real,right,77,26,2451,2385,2385,2451,2385,2385,74463,0,26,142,179,55,55,centerline_fallback,0.0,0.0,42.81760853211915,44,15,0,30,0,0,0,right,1,47,26,left,0.7018333333333333,0.408875,8,60,19,8,10,1,1,0,8.144290060200412,1,0,1,246.92101317393698,0,,left_only_from_pair_reject,533,,0.7018333333333333,0.408875,55,26,too_inconsistent,left,0,left,212
1774306456.8012493,pure_pursuit,HOLD_AND_STOP,hold_and_stop,1,234,0.2812719103601164,0.30628223453383085,242,1.0,0.0,0.0,0.0,0.0,0.0,,,1000,1500,0.5559674250000001,1,524,0,fallback_hold_and_stop,left_only_from_pair_reject,1,1,14,43,0,-621.7047996979743,606.004049889265,180.84282804204526,381.49993055965376,too_inconsistent,,,,,,,-0.752983412910548,0.415839746475329,-0.7529834129105479,772,1,real,200,640,360,,45.29738426208496,,56.32352828979492,real,right,75,26,2448,2376,2376,2448,2376,2376,74463,0,26,142,179,55,55,centerline_fallback,0.0,0.0,42.72255209042973,51,14,0,28,0,0,0,right,1,47,26,left,0.7041666666666666,0.408875,8,60,19,8,10,1,1,0,5.979733401089573,1,0,1,250.8136551781793,0,,left_only_from_pair_reject,534,,0.7041666666666666,0.408875,54,26,too_inconsistent,left,0,left,213
1774306456.9090989,pure_pursuit,HOLD_AND_STOP,hold_and_stop,1,234,0.2812719103601164,0.30628223453383085,242,1.0,0.0,0.0,0.0,0.0,0.0,,,1000,1500,0.5860050750000001,1,525,0,fallback_hold_and_stop,left_only_from_pair_reject,1,1,17,43,0,-618.3391678955221,607.7197688220468,182.71827787960436,380.93557018756997,too_inconsistent,,,,,,,-0.752983412910548,0.415839746475329,-0.7529834129105479,773,1,real,200,640,360,,35.28022766113281,,52.121639251708984,real,right,79,26,2449,2376,2376,2449,2376,2376,74463,0,26,142,179,55,55,centerline_fallback,0.0,0.0,42.615339447862254,61,17,0,34,0,1,0,right,1,45,26,left,0.7922500000000001,0.408875,8,60,19,8,10,1,1,0,6.69303755542345,1,0,1,253.0944721448901,0,,left_only_from_pair_reject,535,,0.7922500000000001,0.408875,49,26,too_inconsistent,left,0,left,214
1774306457.0120053,pure_pursuit,HOLD_AND_STOP,hold_and_stop,1,234,0.2812719103601164,0.30628223453383085,242,1.0,0.0,0.0,0.0,0.0,0.0,,,1000,1500,0.5399553000000001,1,526,0,fallback_hold_and_stop,left_only_from_pair_reject,1,1,12,43,0,-622.43220267838,605.3863185895365,182.7886399717257,381.8629672639034,too_inconsistent,,,,,,,-0.752983412910548,0.415839746475329,-0.7529834129105479,774,1,real,200,640,360,,40.198326110839844,,53.986549377441406,real,right,70,24,2430,2325,2325,2430,2325,2325,74463,0,26,142,179,55,55,centerline_fallback,0.0,0.0,42.51510944929552,44,12,0,24,0,0,0,right,1,46,24,left,0.701875,0.4042916666666667,8,60,19,8,11,1,1,0,5.402423366937891,1,0,1,250.78692412578337,0,,left_only_from_pair_reject,536,,0.701875,0.4042916666666667,50,24,too_inconsistent,left,0,left,215
1774306457.1326187,pure_pursuit,HOLD_AND_STOP,hold_and_stop,1,234,0.2812719103601164,0.30628223453383085,242,1.0,0.0,0.0,0.0,0.0,0.0,,,1000,1500,0.57056055,1,527,0,fallback_hold_and_stop,left_only_from_pair_reject,1,1,16,43,0,-629.5090773699318,601.963760497981,182.10077789394455,383.5125111289404,too_inconsistent,,,,,,,-0.752983412910548,0.415839746475329,-0.7529834129105479,775,1,real,200,640,360,,62.58273124694824,,80.61885833740234,real,right,78,24,2887,2897,2897,2887,2897,2897,74463,0,26,142,179,55,55,centerline_fallback,0.0,0.0,42.38979985013475,60,16,0,32,0,0,0,right,1,46,24,left,0.6972916666666666,0.4042916666666667,7,60,19,7,11,1,1,0,7.457987219048735,1,0,1,242.3295737437367,0,,left_only_from_pair_reject,537,,0.6972916666666666,0.4042916666666667,53,24,too_inconsistent,left,0,left,216
1774306457.2647834,pure_pursuit,HOLD_AND_STOP,hold_and_stop,1,234,0.2812719103601164,0.30628223453383085,242,1.0,0.0,0.0,0.0,0.0,0.0,,,1000,1500,0.5932129500000001,1,528,0,fallback_hold_and_stop,left_only_from_pair_reject,1,1,21,43,0,-620.617439084105,603.3196887776488,185.10519804272027,381.0465069071283,too_inconsistent,,,,,,,-0.752983412910548,0.415839746475329,-0.7529834129105479,776,1,real,200,640,360,,50.41003227233887,,64.92185592651367,real,right,77,34,2814,2801,2801,2814,2801,2801,74463,0,26,142,179,55,55,centerline_fallback,0.0,0.0,42.23205118224615,78,16,5,32,10,0,0,right,1,45,24,left,0.7876666666666667,0.40658333333333335,7,60,18,7,10,1,1,0,10.71415001523187,1,0,1,398.4151445854478,0,,left_only_from_pair_reject,538,,0.7876666666666667,0.40658333333333335,52,27,too_inconsistent,left,0,left,217
1774306457.381203,pure_pursuit,HOLD_AND_STOP,hold_and_stop,1,234,0.2812719103601164,0.30628223453383085,242,1.0,0.0,0.0,0.0,0.0,0.0,,,1000,1500,0.4922382,1,529,0,fallback_hold_and_stop,left_only_from_pair_reject,1,1,5,43,0,-619.3852271636706,603.5351220349307,186.3688048917729,380.8206155934386,too_inconsistent,,,,,,,-0.752983412910548,0.415839746475329,-0.7529834129105479,777,1,real,200,640,360,,54.6419620513916,,69.15092468261719,real,right,52,26,2761,2703,2703,2761,2703,2703,74463,0,26,142,179,55,55,centerline_fallback,0.0,0.0,42.07140170605953,63,4,1,8,2,0,0,right,1,44,24,left,0.7853750000000002,0.4042916666666667,7,60,18,7,10,1,1,0,4.5169367913734275,1,0,1,258.5329950916431,0,,left_only_from_pair_reject,539,,0.7853750000000002,0.4042916666666667,44,24,too_inconsistent,left,0,left,218
1774306457.5013878,pure_pursuit,HOLD_AND_STOP,hold_and_stop,1,234,0.2812719103601164,0.30628223453383085,242,1.0,0.0,0.0,0.0,0.0,0.0,,,1000,1500,0.5851182,1,530,0,fallback_hold_and_stop,left_only_from_pair_reject,1,1,17,43,0,-621.4087194849151,603.3370094367476,186.52674222619424,381.51618105158127,too_inconsistent,,,,,,,-0.752983412910548,0.415839746475329,-0.7529834129105479,778,1,real,200,640,360,,42.86551475524902,,57.75117874145508,real,right,78,24,2426,2313,2313,2426,2313,2313,74463,0,26,142,179,55,55,hold_counter,0.0,0.0,41.90463451390241,47,17,0,34,0,0,0,right,1,44,24,left,0.7853750000000002,0.4042916666666667,7,60,18,7,10,1,1,0,2.620749537099857,1,0,1,268.9575226823848,0,,left_only_from_pair_reject,540,,0.7853750000000002,0.4042916666666667,51,24,too_inconsistent,left,0,left,219
1774306457.6099072,pure_pursuit,HOLD_AND_STOP,hold_and_stop,1,234,0.2812719103601164,0.30628223453383085,242,1.0,0.0,0.0,0.0,0.0,0.0,,,1000,1500,0.47693557500000017,1,531,0,fallback_hold_and_stop,left_only_from_pair_reject,1,1,3,43,0,-621.2755925015421,602.8547436941999,187.5419377104301,381.4927050437231,too_inconsistent,,,,,,,-0.752983412910548,0.415839746475329,-0.7529834129105479,779,1,real,200,640,360,,36.9105339050293,,51.32102966308594,real,right,51,24,2429,2322,2322,2429,2322,2322,74463,0,26,142,179,55,55,hold_counter,0.0,0.0,41.73020852256985,51,3,0,6,0,0,0,right,1,45,24,left,0.7876666666666667,0.4042916666666667,8,60,18,8,10,1,1,0,3.828118083192173,1,0,1,265.8975199103081,0,,left_only_from_pair_reject,541,,0.7876666666666667,0.4042916666666667,45,24,too_inconsistent,left,0,left,220
1774306457.712235,pure_pursuit,HOLD_AND_STOP,hold_and_stop,1,234,0.2812719103601164,0.30628223453383085,242,1.0,0.0,0.0,0.0,0.0,0.0,,,1000,1500,0.5467729500000001,1,532,0,fallback_hold_and_stop,left_only_from_pair_reject,1,1,12,43,0,-617.3248486972419,604.0179880780654,189.23794100992356,380.5699511410544,too_inconsistent,,,,,,,-0.752983412910548,0.415839746475329,-0.7529834129105479,780,1,real,200,640,360,,47.017812728881836,,56.93674087524414,real,right,69,25,2412,2281,2281,2412,2281,2281,74463,0,26,142,179,55,55,hold_counter,0.0,0.0,41.54468815149335,41,12,0,24,0,0,0,right,1,45,25,left,0.7876666666666667,0.40658333333333335,8,60,18,8,10,1,1,0,6.050686354616757,1,0,1,268.1056279289526,0,,left_only_from_pair_reject,542,,0.7876666666666667,0.40658333333333335,51,25,too_inconsistent,left,0,left,221
1774306457.8206906,pure_pursuit,HOLD_AND_STOP,hold_and_stop,1,234,0.2812719103601164,0.30628223453383085,242,1.0,0.0,0.0,0.0,0.0,0.0,,,1000,1500,0.51021435,1,533,0,fallback_hold_and_stop,left_only_from_pair_reject,1,1,8,43,0,-617.3248486972419,604.0179880780654,189.23794100992356,380.5699511410544,too_inconsistent,,,,,,,-0.752983412910548,0.415839746475329,-0.7529834129105479,781,1,real,200,640,360,,66.54691696166992,,80.37209510803223,real,straight,24,28,1515,1345,1345,2738,2593,2593,53898,0,26,142,179,55,55,none,0.0,0.0,41.36058542763226,21,5,3,10,6,0,0,straight,1,14,22,left,0.717625,0.4042916666666667,8,60,18,8,10,1,0,1,116.57566277410211,1,0,1,275.4309878870555,0,,left_only_from_pair_reject,543,,0.717625,0.4042916666666667,16,24,too_inconsistent,left,0,left,222
1774306457.9526093,pure_pursuit,HOLD_AND_STOP,hold_and_stop,1,234,0.2812719103601164,0.30628223453383085,242,1.0,0.0,0.0,0.0,0.0,0.0,,,1000,1500,0.4686731250000002,1,534,0,fallback_hold_and_stop,left_only_from_pair_reject,1,1,3,43,0,-706.9692382281002,597.5347140177803,164.21466594449984,407.7320543615713,too_inconsistent,,,,,,,-0.752983412910548,0.415839746475329,-0.7529834129105479,782,1,real,200,640,360,,62.08038330078125,,83.37950706481934,real,straight,17,20,1439,1263,1263,2853,2689,2689,53898,0,26,142,179,55,55,none,0.0,0.0,41.169214711885246,17,3,0,6,0,0,0,straight,1,11,20,left,0.6923750000000001,0.39283333333333337,8,60,19,8,10,1,1,0,89.23791107679246,1,0,1,254.85355543543048,0,,left_only_from_pair_reject,544,,0.6923750000000001,0.39283333333333337,13,20,too_inconsistent,left,0,left,223
1774306458.0930061,pure_pursuit,HOLD_AND_STOP,hold_and_stop,1,234,0.2812719103601164,0.30628223453383085,242,1.0,0.0,0.0,0.0,0.0,0.0,,,1000,1500,0.47270437500000007,1,535,0,fallback_hold_and_stop,left_only_from_pair_reject,1,1,3,43,0,-759.1931282666035,594.314095480094,149.6202984421603,423.56191577167914,too_inconsistent,,,,,,,-0.752983412910548,0.415839746475329,-0.7529834129105479,783,1,real,200,640,360,,71.2273120880127,,101.17197036743164,real,straight,18,28,1553,1354,1354,2913,2725,2725,53898,0,26,142,179,55,55,none,0.0,0.0,41.03918463812636,21,3,0,6,0,0,0,straight,1,12,28,left,0.7100833333333334,0.42720833333333336,7,60,20,7,9,1,1,0,52.03322878153665,1,0,1,296.25808802816806,0,,left_only_from_pair_reject,545,,0.7100833333333334,0.42720833333333336,13,28,too_inconsistent,left,0,left,224
1774306458.245264,pure_pursuit,HOLD_AND_STOP,hold_and_stop,1,234,0.2812719103601164,0.30628223453383085,242,1.0,0.0,0.0,0.0,0.0,0.0,,,1000,1500,0.45532162500000006,1,536,0,fallback_hold_and_stop,left_only_from_pair_reject,1,1,1,43,0,-780.1222399433823,592.9576378017928,143.83036517886157,429.8528478331999,too_inconsistent,,,,,,,-0.752983412910548,0.415839746475329,-0.7529834129105479,784,1,real,200,640,360,,54.20494079589844,,71.28119468688965,real,straight,12,31,1640,1442,1442,2807,2608,2608,53898,0,26,142,179,55,55,none,0.0,0.0,41.04333990810676,22,1,0,2,0,0,0,straight,1,10,31,left,0.6877916666666667,0.4249166666666667,7,60,20,7,9,1,1,0,20.639734596414755,1,0,1,284.8975140815539,0,,left_only_from_pair_reject,546,,0.6877916666666667,0.4249166666666667,11,31,too_inconsistent,left,0,left,225
1774306458.368199,pure_pursuit,HOLD_AND_STOP,hold_and_stop,1,234,0.2812719103601164,0.30628223453383085,242,1.0,0.0,0.0,0.0,0.0,0.0,,,1000,1500,0.4640130000000002,1,537,0,fallback_hold_and_stop,left_only_from_pair_reject,1,1,2,43,0,-788.5593516574614,591.7907801704623,141.64906287004877,432.24339750485535,too_inconsistent,,,,,,,-0.752983412910548,0.415839746475329,-0.7529834129105479,785,1,real,200,640,360,,58.466196060180664,,94.25806999206543,real,straight,14,32,1719,1564,1564,2638,2468,2468,53898,0,26,142,179,55,55,none,0.0,0.0,41.09982103152123,29,2,0,4,0,0,0,straight,1,10,32,left,0.6977916666666667,0.42720833333333336,7,60,20,7,9,1,1,0,7.852457232354544,1,0,1,266.0407823935869,0,,left_only_from_pair_reject,547,,0.6977916666666667,0.42720833333333336,12,32,too_inconsistent,left,0,left,226
1774306458.5173411,pure_pursuit,HOLD_AND_STOP,hold_and_stop,1,234,0.2812719103601164,0.30628223453383085,242,1.0,0.0,0.0,0.0,0.0,0.0,,,1000,1500,0.46419037500000004,1,538,0,fallback_hold_and_stop,left_only_from_pair_reject,1,1,2,43,0,-783.1459735961741,591.036753109314,143.39290335279753,430.3376534064507,too_inconsistent,,,,,,,-0.752983412910548,0.415839746475329,-0.7529834129105479,786,1,real,200,640,360,,71.78449630737305,,111.94658279418945,real,straight,14,32,1794,1661,1661,2683,2552,2552,53898,0,26,142,179,55,55,none,0.0,0.0,41.16198666003439,22,2,0,4,0,0,0,straight,1,10,32,left,0.7000833333333334,0.42720833333333336,7,60,20,7,9,1,1,0,7.193613505326452,1,0,1,266.6540154078955,0,,left_only_from_pair_reject,548,,0.7000833333333334,0.42720833333333336,12,32,too_inconsistent,left,0,left,227
1774306458.6808867,pure_pursuit,HOLD_AND_STOP,hold_and_stop,1,234,0.2812719103601164,0.30628223453383085,242,1.0,0.0,0.0,0.0,0.0,0.0,,,1000,1500,0.44508225000000007,1,539,0,fallback_hold_and_stop,left_only_from_pair_reject,1,1,0,43,0,-749.1037807130857,591.7479447777193,153.22247483124562,419.76862915669267,too_inconsistent,,,,,,,-0.752983412910548,0.415839746475329,-0.7529834129105479,787,1,real,200,640,360,,121.34861946105957,,145.83134651184082,real,straight,8,34,1776,1608,1608,2658,2494,2494,53898,0,26,142,179,55,55,none,0.0,0.0,41.183604847333214,20,0,0,0,0,0,0,straight,1,8,34,left,0.648625,0.4317916666666667,7,60,20,7,9,1,1,0,35.10951011713352,1,0,1,249.8074212667447,0,,left_only_from_pair_reject,549,,0.648625,0.4317916666666667,8,34,too_inconsistent,left,0,left,228
1774306458.9039774,pure_pursuit,HOLD_AND_STOP,hold_and_stop,1,234,0.2812719103601164,0.30628223453383085,242,1.0,0.0,0.0,0.0,0.0,0.0,,,1000,1500,0.4422926250000001,1,540,0,fallback_hold_and_stop,left_only_from_pair_reject,1,1,0,43,0,-749.1037807130857,591.7479447777193,153.22247483124562,419.76862915669267,too_inconsistent,,,,,,,-0.752983412910548,0.415839746475329,-0.7529834129105479,788,1,real,200,640,360,,105.64756393432617,,152.85325050354004,real,straight,6,31,1825,1639,1639,2875,2696,2696,53898,0,26,142,179,55,55,none,0.0,0.0,41.084051136935244,14,0,0,0,0,0,0,straight,1,6,31,left,0.62175,0.42262500000000003,7,60,20,7,9,1,0,1,121.90379570367534,1,0,1,243.27212340793716,0,,left_only_from_pair_reject,550,,0.62175,0.42262500000000003,6,31,too_inconsistent,left,0,left,229
1774306459.112155,pure_pursuit,HOLD_AND_STOP,hold_and_stop,1,234,0.2812719103601164,0.30628223453383085,242,1.0,0.0,0.0,0.0,0.0,0.0,,,1000,1500,0.44419537500000006,1,541,0,fallback_hold_and_stop,left_only_from_pair_reject,1,1,0,43,0,-749.1037807130857,591.7479447777193,153.22247483124562,419.76862915669267,too_inconsistent,,,,,,,-0.752983412910548,0.415839746475329,-0.7529834129105479,789,1,real,200,640,360,,98.35624694824219,,147.2933292388916,real,straight,8,31,1869,1716,1716,2796,2646,2646,53898,0,26,142,179,55,55,none,0.0,0.0,40.98643037326639,22,0,0,0,0,0,0,straight,1,8,31,left,0.6463333333333333,0.42262500000000003,7,60,20,7,9,1,0,1,185.9532027292526,1,0,1,235.91405281865073,0,,left_only_from_pair_reject,551,,0.6463333333333333,0.42262500000000003,8,31,too_inconsistent,left,0,left,230
1774306459.3109875,pure_pursuit,HOLD_AND_STOP,hold_and_stop,1,234,0.2812719103601164,0.30628223453383085,242,1.0,0.0,0.0,0.0,0.0,0.0,,,1000,1500,0.4445501250000001,1,542,0,fallback_hold_and_stop,left_only_from_pair_reject,1,1,0,43,0,-749.1037807130857,591.7479447777193,153.22247483124562,419.76862915669267,too_inconsistent,,,,,,,-0.752983412910548,0.415839746475329,-0.7529834129105479,790,1,real,200,640,360,,52.208662033081055,,90.52348136901855,real,straight,8,32,1928,1737,1737,2767,2579,2579,53898,0,26,142,179,55,55,none,0.0,0.0,40.890598536559054,15,0,0,0,0,0,0,straight,1,8,32,left,0.6463333333333333,0.42720833333333336,7,60,20,7,9,1,0,1,278.2649440269509,1,0,1,241.22179520460895,0,,left_only_from_pair_reject,552,,0.6463333333333333,0.42720833333333336,8,32,too_inconsistent,left,0,left,231
1774306459.4548016,pure_pursuit,HOLD_AND_STOP,hold_and_stop,1,234,0.2812719103601164,0.30628223453383085,242,1.0,0.0,0.0,0.0,0.0,0.0,,,1000,1500,0.4432440000000001,1,543,0,fallback_hold_and_stop,left_only_from_pair_reject,1,1,0,43,0,-749.1037807130857,591.7479447777193,153.22247483124562,419.76862915669267,too_inconsistent,,,,,,,-0.752983412910548,0.415839746475329,-0.7529834129105479,791,1,real,200,640,360,,68.90392303466797,,93.32633018493652,real,straight,7,31,1908,1700,1700,2762,2565,2565,53898,0,26,142,179,55,55,none,0.0,0.0,40.79643359479576,24,0,0,0,0,0,0,straight,1,7,31,left,0.6340416666666667,0.42262500000000003,7,60,20,7,9,1,0,1,461.8244699757005,1,0,1,237.15526237990227,0,,left_only_from_pair_reject,553,,0.6340416666666667,0.42262500000000003,7,31,too_inconsistent,left,0,left,232
1774306459.5999384,pure_pursuit,HOLD_AND_STOP,hold_and_stop,1,234,0.2812719103601164,0.30628223453383085,242,1.0,0.0,0.0,0.0,0.0,0.0,,,1000,1500,0.4432440000000001,1,544,0,fallback_hold_and_stop,left_only_from_pair_reject,1,1,0,43,0,-749.1037807130857,591.7479447777193,153.22247483124562,419.76862915669267,too_inconsistent,,,,,,,-0.752983412910548,0.415839746475329,-0.7529834129105479,792,1,real,200,640,360,,51.157236099243164,,64.2850399017334,real,straight,7,31,1871,1662,1662,2719,2517,2517,53898,0,26,142,179,55,55,none,0.0,0.0,40.7038320266488,14,0,0,0,0,0,0,straight,1,7,31,left,0.6340416666666667,0.42262500000000003,7,60,20,7,9,1,0,1,243.52194578447367,1,0,1,236.44181383855909,0,,left_only_from_pair_reject,554,,0.6340416666666667,0.42262500000000003,7,31,too_inconsistent,left,0,left,233
1774306459.7150161,pure_pursuit,HOLD_AND_STOP,hold_and_stop,1,234,0.2812719103601164,0.30628223453383085,242,1.0,0.0,0.0,0.0,0.0,0.0,,,1000,1500,0.4435987500000001,1,545,0,fallback_hold_and_stop,left_only_from_pair_reject,1,1,0,43,0,-749.1037807130857,591.7479447777193,153.22247483124562,419.76862915669267,too_inconsistent,,,,,,,-0.752983412910548,0.415839746475329,-0.7529834129105479,793,1,real,200,640,360,,43.93172264099121,,56.550025939941406,real,straight,7,32,1876,1657,1657,2714,2500,2500,53898,0,26,142,179,55,55,none,0.0,0.0,40.61270588296648,26,0,0,0,0,0,0,straight,1,7,32,left,0.6340416666666667,0.42720833333333336,7,60,20,7,9,1,0,1,348.06405963769043,1,0,1,200.59824503835628,0,,left_only_from_pair_reject,555,,0.6340416666666667,0.42720833333333336,7,32,too_inconsistent,left,0,left,234
1774306459.8222227,pure_pursuit,HOLD_AND_STOP,hold_and_stop,1,234,0.2812719103601164,0.30628223453383085,242,1.0,0.0,0.0,0.0,0.0,0.0,,,1000,1500,0.4454370000000001,1,546,0,fallback_hold_and_stop,left_only_from_pair_reject,1,1,0,43,0,-749.1037807130857,591.7479447777193,153.22247483124562,419.76862915669267,too_inconsistent,,,,,,,-0.752983412910548,0.415839746475329,-0.7529834129105479,794,1,real,200,640,360,,32.54103660583496,,43.07293891906738,real,straight,8,35,1888,1650,1650,2711,2475,2475,53898,0,26,142,179,55,55,none,0.0,0.0,40.52298030431783,26,0,0,0,0,0,0,straight,1,8,35,left,0.6463333333333333,0.4386666666666667,7,60,20,7,9,1,0,1,174.7420279881314,1,0,1,176.3150893345118,0,,left_only_from_pair_reject,556,,0.6463333333333333,0.4386666666666667,8,35,too_inconsistent,left,0,left,235
1774306459.9168527,pure_pursuit,HOLD_AND_STOP,hold_and_stop,1,234,0.2812719103601164,0.30628223453383085,242,1.0,0.0,0.0,0.0,0.0,0.0,,,1000,1500,0.45996562500000004,1,547,0,fallback_hold_and_stop,left_only_from_pair_reject,1,1,2,43,0,-749.1037807130857,591.7479447777193,153.22247483124562,419.76862915669267,too_inconsistent,,,,,,,-0.752983412910548,0.415839746475329,-0.7529834129105479,795,1,real,200,640,360,,34.13701057434082,,47.463178634643555,real,straight,7,39,1868,1635,1635,2681,2453,2453,53898,0,26,142,179,55,55,none,0.0,0.0,40.43459142467918,27,0,2,0,4,0,0,straight,1,7,35,left,0.6340416666666667,0.4386666666666667,7,60,20,7,9,1,0,1,334.63076680401815,1,0,1,169.97533417464476,0,,left_only_from_pair_reject,557,,0.6340416666666667,0.4386666666666667,7,37,too_inconsistent,left,0,left,236
1774306460.0154395,pure_pursuit,HOLD_AND_STOP,hold_and_stop,1,234,0.2812719103601164,0.30628223453383085,242,1.0,0.0,0.0,0.0,0.0,0.0,,,1000,1500,0.4648934250000001,1,548,0,fallback_hold_and_stop,right_only_from_pair_reject,1,1,9,43,0,-749.1037807130857,591.7479447777193,153.22247483124562,419.76862915669267,too_inconsistent,,,,,,,-0.752983412910548,0.415839746475329,-0.7529834129105479,796,1,real,200,640,360,,31.124591827392578,,42.50335693359375,real,straight,5,52,1895,1651,1651,2712,2473,2473,53898,0,26,142,179,55,55,none,0.0,0.0,40.347484602004386,22,0,9,0,18,0,0,straight,1,5,34,right,0.0,0.436375,7,60,20,7,9,0,0,1,0.0,1,0,1,125.4034327444314,0,,right_only_from_pair_reject,558,,0.0,0.436375,5,36,too_inconsistent,right,1,left,237
1774306460.1095254,pure_pursuit,HOLD_AND_STOP,hold_and_stop,1,234,0.2812719103601164,0.30628223453383085,242,1.0,0.0,0.0,0.0,0.0,0.0,,,1000,1500,0.3955914000000001,1,549,0,fallback_hold_and_stop,right_only_from_pair_reject,1,1,0,43,0,-690.4288420171262,581.562311522556,173.2579141248577,398.67153643207564,too_inconsistent,,,,,,,-0.752983412910548,0.415839746475329,-0.7529834129105479,797,1,real,200,640,360,,40.343523025512695,,54.87227439880371,real,straight,5,34,1847,1610,1610,2651,2419,2419,53898,0,26,142,179,55,55,none,0.0,0.0,37.86845044461637,23,0,0,0,0,0,0,straight,1,5,34,right,0.0,0.44100000000000006,7,60,19,7,9,0,0,1,0.0,1,1,0,84.00812678039334,0,,right_only_from_pair_reject,559,,0.0,0.44100000000000006,5,34,too_inconsistent,right,0,right,1
1774306460.2164266,pure_pursuit,HOLD_AND_STOP,hold_and_stop,1,234,0.2812719103601164,0.30628223453383085,242,1.0,0.0,0.0,0.0,0.0,0.0,,,1000,1500,0.39648150000000004,1,550,0,fallback_hold_and_stop,right_only_from_pair_reject,1,1,0,43,0,-658.506664452239,574.7559420438761,185.33582391761678,386.71272318712226,too_inconsistent,,,,,,,-0.752983412910548,0.415839746475329,-0.7529834129105479,798,1,real,200,640,360,,65.59348106384277,,81.82024955749512,real,straight,5,36,1878,1742,1742,2679,2545,2545,53898,0,26,142,179,55,55,none,0.0,0.0,35.5436893104648,25,0,0,0,0,0,0,straight,1,5,36,right_continuation,0.0,0.4525,7,60,18,7,9,0,0,1,0.0,1,1,0,52.312765065612695,0,,right_only_from_pair_reject,560,right,0.0,0.4525,5,36,,,,,
1774306460.3505385,pure_pursuit,HOLD_AND_STOP,hold_and_stop,1,234,0.2812719103601164,0.30628223453383085,242,1.0,0.0,0.0,0.0,0.0,0.0,,,1000,1500,0.433146525,1,551,0,fallback_hold_and_stop,right_only_from_pair_reject,1,1,4,43,0,-654.215656216358,570.659744390386,189.98235884849564,384.05867180724124,too_inconsistent,,,,,,,-0.752983412910548,0.415839746475329,-0.7529834129105479,799,1,real,200,640,360,,41.500091552734375,,67.61288642883301,real,straight,3,43,1866,1711,1711,2665,2513,2513,53898,0,26,142,179,55,55,none,0.0,0.0,33.33634261783095,24,0,4,0,8,0,0,straight,1,3,35,right_continuation,0.0,0.5262083333333334,7,60,18,7,9,0,0,1,0.0,1,1,0,23.141020074925148,0,,right_only_from_pair_reject,561,right,0.0,0.5262083333333334,3,37,,,,,
1774306460.4695458,pure_pursuit,HOLD_AND_STOP,hold_and_stop,1,234,0.2812719103601164,0.30628223453383085,242,1.0,0.0,0.0,0.0,0.0,0.0,,,1000,1500,0.40200915000000004,1,552,0,fallback_hold_and_stop,right_only_from_pair_reject,1,1,0,43,0,-665.8904859069879,566.1100226149704,189.5115071856159,386.05082829934224,too_inconsistent,,,,,,,-0.752983412910548,0.415839746475329,-0.7529834129105479,800,1,real,200,640,360,,82.10563659667969,,102.05197334289551,real,straight,2,34,1851,1696,1696,2654,2507,2507,53898,0,26,142,179,55,55,none,0.0,0.0,31.19900565442427,23,0,0,0,0,0,0,straight,1,2,34,right_continuation,0.0,0.5239166666666667,7,60,18,7,9,0,0,1,0.0,1,1,0,16.796540676953654,0,,right_only_from_pair_reject,562,right,0.0,0.5239166666666667,2,34,,,,,
1774306460.623368,pure_pursuit,HOLD_AND_STOP,hold_and_stop,1,234,0.2812719103601164,0.30628223453383085,242,1.0,0.0,0.0,0.0,0.0,0.0,,,1000,1500,0.4090074000000001,1,553,0,fallback_hold_and_stop,right_only_from_pair_reject,1,1,0,43,0,-700.7427395828877,561.8560767962542,182.8234387509958,395.08807945475553,too_inconsistent,,,,,,,-0.752983412910548,0.415839746475329,-0.7529834129105479,801,1,real,200,640,360,,56.717872619628906,,73.92096519470215,real,straight,1,33,1818,1687,1687,2647,2515,2515,53898,0,26,142,179,55,55,none,0.0,0.0,29.09487658792827,22,0,0,0,0,0,0,straight,1,1,33,right_continuation,0.0,0.6143333333333334,7,60,18,7,9,0,0,1,0.0,1,1,0,31.829063750528462,0,,right_only_from_pair_reject,563,right,0.0,0.6143333333333334,1,33,,,,,
1774306460.7478423,pure_pursuit,HOLD_AND_STOP,hold_and_stop,1,234,0.2812719103601164,0.30628223453383085,242,1.0,0.0,0.0,0.0,0.0,0.0,,,1000,1500,0.42466477500000005,1,554,0,fallback_hold_and_stop,right_only_from_pair_reject,1,1,2,43,0,-722.1474614891602,560.543126291711,179.4515165809934,400.8554904574699,too_inconsistent,,,,,,,-0.752983412910548,0.415839746475329,-0.7529834129105479,802,1,real,200,640,360,,48.048973083496094,,63.64321708679199,real,straight,1,37,1798,1641,1641,2653,2500,2500,53898,0,26,142,179,55,55,none,0.0,0.0,26.98546993927846,18,0,2,0,4,0,0,straight,1,1,33,right_continuation,0.0,0.6166250000000001,7,60,18,7,8,0,0,1,0.0,1,1,0,19.926220243504606,0,,right_only_from_pair_reject,564,right,0.0,0.6166250000000001,1,36,,,,,
1774306460.8631217,pure_pursuit,HOLD_AND_STOP,hold_and_stop,1,234,0.2812719103601164,0.30628223453383085,242,1.0,0.0,0.0,0.0,0.0,0.0,,,1000,1500,0.4084720500000001,1,555,0,fallback_hold_and_stop,right_only_from_pair_reject,1,1,0,43,0,-758.4437992101009,559.6333208815738,171.5346568721857,411.41473913995276,too_inconsistent,,,,,,,-0.752983412910548,0.415839746475329,-0.7529834129105479,803,1,real,200,640,360,,50.50921440124512,,63.755035400390625,real,straight,1,32,1746,1585,1585,2615,2456,2456,53898,0,26,142,179,55,55,none,0.0,0.0,24.881279511270918,20,0,0,0,0,0,0,straight,1,1,32,right_continuation,0.0,0.6074166666666667,7,60,18,7,8,0,0,1,0.0,1,1,0,32.045625581678365,0,,right_only_from_pair_reject,565,right,0.0,0.6074166666666667,1,32,,,,,
1774306460.981318,pure_pursuit,HOLD_AND_STOP,hold_and_stop,1,234,0.2812719103601164,0.30628223453383085,242,1.0,0.0,0.0,0.0,0.0,0.0,,,1000,1500,0.4084720500000001,1,556,0,fallback_hold_and_stop,right_only_from_pair_reject,1,1,0,43,0,-803.3795632629889,559.7101889838452,160.80101424447767,424.98043317384605,too_inconsistent,,,,,,,-0.752983412910548,0.415839746475329,-0.7529834129105479,804,1,real,200,640,360,,51.49960517883301,,64.68582153320312,real,straight,0,32,1723,1565,1565,2599,2442,2442,53898,0,26,142,179,55,55,none,0.0,0.0,22.748748919234544,18,0,0,0,0,0,0,straight,1,0,32,right_continuation,0.0,0.6074166666666667,6,60,19,6,9,0,0,1,0.0,1,1,0,40.59987927613542,0,,right_only_from_pair_reject,566,right,0.0,0.6074166666666667,0,32,,,,,
1774306461.0973275,pure_pursuit,HOLD_AND_STOP,hold_and_stop,1,234,0.2812719103601164,0.30628223453383085,242,1.0,0.0,0.0,0.0,0.0,0.0,,,1000,1500,0.4081140750000001,1,557,0,fallback_hold_and_stop,right_only_from_pair_reject,1,1,0,43,0,-852.6368247173804,559.2067077500377,148.62014401599765,439.68753305718263,too_inconsistent,,,,,,,-0.752983412910548,0.415839746475329,-0.7529834129105479,805,1,real,200,640,360,,45.3948974609375,,61.13100051879883,real,straight,0,31,1693,1526,1526,2587,2420,2420,53898,0,26,142,179,55,55,none,0.0,0.0,20.573553052507577,13,0,0,0,0,0,0,straight,1,0,31,right_continuation,0.0,0.6027916666666666,6,60,19,6,8,0,0,1,0.0,1,1,0,44.97300659397503,0,,right_only_from_pair_reject,567,right,0.0,0.6027916666666666,0,31,,,,,
1774306461.2096858,pure_pursuit,HOLD_AND_STOP,hold_and_stop,1,234,0.2812719103601164,0.30628223453383085,242,1.0,0.0,0.0,0.0,0.0,0.0,,,1000,1500,0.40775932500000006,1,558,0,fallback_hold_and_stop,right_only_from_pair_reject,1,1,0,43,0,-892.6590971692943,559.3240373794345,138.6155895314061,451.8471234398744,too_inconsistent,,,,,,,-0.752983412910548,0.415839746475329,-0.7529834129105479,806,1,real,200,640,360,,39.75224494934082,,53.09581756591797,real,straight,0,29,1635,1490,1490,2556,2417,2417,53898,0,26,142,179,55,55,none,0.0,0.0,18.35301806128774,14,0,0,0,0,0,0,straight,1,0,29,right_continuation,0.0,0.5982083333333333,6,60,19,6,8,0,0,1,0.0,1,1,0,36.87756469854955,0,,right_only_from_pair_reject,568,right,0.0,0.5982083333333333,0,29,,,,,
1774306461.313638,pure_pursuit,HOLD_AND_STOP,hold_and_stop,1,234,0.2812719103601164,0.30628223453383085,242,1.0,0.0,0.0,0.0,0.0,0.0,,,1000,1500,0.40722397500000007,1,559,0,fallback_hold_and_stop,right_only_from_pair_reject,1,1,0,42,0,-940.5610409369751,559.6340781051873,126.46392123147764,466.44326910111255,too_inconsistent,,,,,,,-0.752983412910548,0.415839746475329,-0.7529834129105479,807,1,real,200,640,360,,34.64460372924805,,48.21491241455078,real,straight,0,28,1614,1471,1471,2573,2429,2429,53898,0,26,142,179,55,55,none,0.0,0.0,16.1034310026281,9,0,0,0,0,0,0,straight,1,0,28,right_continuation,0.0,0.5912916666666667,6,60,20,6,8,0,0,1,0.0,1,1,0,44.49727977881897,0,,right_only_from_pair_reject,569,right,0.0,0.5912916666666667,0,28,,,,,
1774306461.4135983,pure_pursuit,HOLD_AND_STOP,hold_and_stop,1,234,0.2812719103601164,0.30628223453383085,242,1.0,0.0,0.0,0.0,0.0,0.0,,,1000,1500,0.4138674750000001,1,560,0,fallback_hold_and_stop,right_only_from_pair_reject,1,1,0,42,0,-999.4172062240299,559.8386790929555,111.37110795253678,484.3430607906336,too_inconsistent,,,,,,,-0.752983412910548,0.415839746475329,-0.7529834129105479,808,1,real,200,640,360,,42.53697395324707,,58.34531784057617,real,straight,0,25,1575,1445,1445,2545,2418,2418,53898,0,26,142,179,55,55,centerline_fallback,0.0,0.0,-338.00322416657093,6,0,0,0,0,0,0,straight,1,0,25,right_continuation,0.0,0.6771250000000001,6,60,20,6,7,0,0,1,0.0,1,1,0,54.94061747901279,0,,right_only_from_pair_reject,570,right,0.0,0.6771250000000001,0,25,,,,,
1774306461.5232987,pure_pursuit,HOLD_AND_STOP,hold_and_stop,1,234,0.2812719103601164,0.30628223453383085,242,1.0,0.0,0.0,0.0,0.0,0.0,,,1000,1500,0.4059823500000001,1,561,0,fallback_hold_and_stop,right_only_from_pair_reject,1,1,0,42,0,-988.3434100489627,566.8707060366313,115.09200765590003,484.24383282536564,too_inconsistent,,,,,,,-0.752983412910548,0.415839746475329,-0.7529834129105479,809,1,real,200,640,360,,28.380155563354492,,40.131568908691406,real,straight,0,23,1569,1515,1515,2557,2503,2503,53898,0,26,142,179,55,55,centerline_fallback,0.0,0.0,-337.45168566085863,9,0,0,0,0,0,0,straight,1,0,23,right_continuation,0.0,0.57525,6,60,20,6,8,0,0,1,0.0,1,1,0,18.19984124341535,0,,right_only_from_pair_reject,571,right,0.0,0.57525,0,23,,,,,
1774306461.6148827,pure_pursuit,HOLD_AND_STOP,hold_and_stop,1,234,0.2812719103601164,0.30628223453383085,242,1.0,0.0,0.0,0.0,0.0,0.0,,,1000,1500,0.577275,1,562,0,fallback_hold_and_stop,right_only_from_pair_reject,1,1,28,42,0,-961.3063988820327,575.7603570254296,129.87434567115469,478.46827885628016,too_inconsistent,,,,,,,-0.752983412910548,0.415839746475329,-0.7529834129105479,810,1,real,200,640,360,,38.86985778808594,,54.04233932495117,real,left,72,48,2527,2471,2471,2527,2471,2471,74463,0,26,142,179,55,55,centerline_fallback,0.0,0.0,-337.08493472108785,34,19,9,38,18,0,0,left,1,34,30,right,0.48287500000000005,0.5054583333333332,5,60,20,5,8,1,1,0,64.18375103722171,1,1,0,27.50292517581655,0,,right_only_from_pair_reject,572,,0.48287500000000005,0.5054583333333332,47,35,too_inconsistent,right,0,right,2
